texto,label,emocion
ive ralentizado me tomo el tiempo para escuchar a mi hijo y estar en el momento y no siento que tengo que actualizar inmediatamente mi estado en fb sobre la cosa linda que hizo,1,alegria
me siento deprimido estoy en la desesperación por qué tiene que ser de esta manera por qué no comenzaron el tratamiento antes,0,tristeza
me siento un poco torturado en este momento,4,miedo
solo sé que me siento tan caliente ahora,2,amor
creo que mi cuerpo se ha recuperado y me siento emocionado de bajar las escaleras para el inicio de la semana de entrenamiento,1,alegria
"también me dieron varios regalos brillantes porque mis amigos son realmente bastante geniales, en realidad prefiero los regalos de cumpleaños tardíos a los tempranos, ya que extiende el período de sentirse amados segmentos significativos de todos y diversos y es más inesperado.",1,alegria
realmente me siento gigly,1,alegria
"experimentaría esto varias veces más tarde en la vida, pero esta fue mi primera experiencia con un racismo repugnante que prevalece en todas las culturas y colores de piel en todo el mundo.",0,tristeza
"quiero decir que me siento bastante bien, pero ¿por qué pedir problemas sabes lo que quiero decir?",1,alegria
no sé si me siento aprensivo al respecto o apático,4,miedo
me siento resignado a lo que he traído a mí mismo y dócil,0,tristeza
le dije que siento por la experiencia de la empresa en tiempo real que mba sería más valioso para mi carrera que gate ya que la mayoría de los trabajos ahora son empresas basadas en soporte.,1,alegria
me siento tan reprimido con este ahora,0,tristeza
voy a pagar un mes durante meses y sentir vergenza cada vez que asar un hot dog a partir de ese momento en,2,amor
me siento como un culo diciendo que desde que mi dulce hermana ha pasado por muy posiblemente el peor año de su vida al mismo tiempo,1,alegria
también recibo esto como otro mensaje para llevar a casa que necesita para empujar sus propios límites hacer cosas que te hacen sentir incómodo que te asustan.,4,miedo
me siento apasionado por el tema,1,alegria
me siento aturdida esta mañana,0,tristeza
me sentía aprensivo sobre mi viaje porque estaría usando el transporte público todo el camino,4,miedo
"solo he tomado tres tomas de rollos hasta ahora y realmente he estado sintiendo mi camino con una cámara muy extraña, un fotómetro y los procesos de pensamiento olvidados de la fotografía lenta.",5,sorpresa
me estaba sintiendo extremadamente caliente mientras estaba fuera de la ciudad visitando a algunos amigos míos en el sur de la florida,2,amor
voy a tener que pasar las próximas cinco horas escuchando tres días de gracia para trabajar fuera de mi sistema y ya sabes cómo me siento acerca de su negligencia apóstrofe rebelde,3,enojo
sospecho que me iba a sentir resentido y realmente no mostrar mi mejor lado,3,enojo
me siento bastante inocente en ese sentido.,1,alegria
"no quería irme, pero no antes agradecí a sus padres por confiar en mí para pasar la noche y que me hizo sentir que me respetaban.",1,alegria
recuerdo que sabías que estabas locamente enamorada de mí sin una sombra de duda y me hiciste sentir hermosa siempre,1,alegria
"me siento bajo no coz de las situaciones de distancia o la persona, pero es que una cosa que te hace daño y te hace sentir responsable de lo que he hecho a mí mismo",0,tristeza
siempre tuve la sensación de estar en forma y me sentía cada vez más frustrado con la acumulación diaria de grasa corporal elusiva.,3,enojo
esta semana he notado que no soy la única que lucha con sentirse un poco deprimida después del día de la madre.,0,tristeza
me siento lindo porque la melodía de los días de la canción de navidad jugó en mi mente pia de nuevo casi mi mejor amiga porque salían como todos los días y puedo compartir con ella casi todo y entendemos juntos y salí,1,alegria
te veo la luz en la habitación se ilumina me dan un resplandor en mis ojos me siento extático,1,alegria
necesito sentirme seguro de mi juego de golpe y cuando recientemente me lesioné la muñeca encontré la x trémus la mejor para ayudarme a recuperarme pero aún así jugar,1,alegria
me siento tan dulce como un pastel de siglos de antigedad,1,alegria
todavía me siento estresado,3,enojo
incluso recuerdo haberlos probado el año pasado y sentirme horrible porque no estaba cerca de cerrarlos.,0,tristeza
siento que mi amado nakahara mai la expresaría muy bien,2,amor
tengo la sensación de que hay algunos momentos más perfectos que vienen,1,alegria
"quiero decir que eran dolores menores, ya que había un crecimiento minúsculo, pero obtienes la sensación de tampones y calambres menstruales por las primeras veces en la vida, ciertamente no era la idea de mi padre de unas vacaciones sin preocupaciones.",1,alegria
"lloro por el sentimiento del sufrimiento de la humanidad, ya que tengo que dejar ir y dejar que el dolor fluya.",0,tristeza
me siento bendecido más allá de lo posible para vivir en una edad de amperio día cuando este tratamiento está disponible también para tener un marido que está pagando una factura médica muy caro,1,alegria
me mudo para sentarme lo suficientemente cerca como para oler los dulces de cereza que has estado chupando lo suficientemente cerca como para sentirte nervioso.,4,miedo
me siento muy agobiada por tantas situaciones a mi alrededor ahora mismo.,0,tristeza
"podría haberte dejado sintiéndote decepcionado, especialmente si estabas anticipando videos de fotos.",0,tristeza
sigo sintiéndome muy enamorada,2,amor
me siento orgullosa de ella,1,alegria
me siento tan tímida porque me di cuenta de que esas personas detrás de mí no bailaban y nos miraban.,4,miedo
"soy un chico me gustan las chicas son bonitas y me gusta cuando me sonríen, pero me hace sentir divertido",5,sorpresa
me siento mal por la escuela,0,tristeza
siento que por lo general muy pocas personas pueden someter fácilmente el anhelo de unos o incluso,2,amor
por acción de gracias completa con lb sospechosamente húmedo pavo y rellenos tradicionales y con la muerte final de acción de gracias puedo mirar alrededor e ir ahhh y empezar a disfrutar de las vacaciones en lugar de sentirse asaltado por ellos,0,tristeza
soy el único que se siente castigado,0,tristeza
"veo las áreas donde debería estar mejor y me siento desanimado y condenado, pero me siento tentado a convertirme en placeres adormecedores más que en desesperación.",0,tristeza
me siento convencido de que soy una molestia para ellos.,1,alegria
tendría que bajarme y caminar por la colina que siempre me hizo sentir terrible.,0,tristeza
me chugged un grande ol cerveza con el estómago vacío así que ahora im loopy y sensación creativa,1,alegria
"me arrepiento de no haberte escrito, sentí exactamente las mismas cosas que hiciste y también me hubiera encantado que leyeras mis cartas.",0,tristeza
"me siento impaciente, pero mucho gracias a nic ella sabe cómo calmarme abajo",3,enojo
realmente he notado que mi claridad mental como yo finalmente comienza a despertar después de años de un cerebro brumoso y sintiéndose letárgico.,0,tristeza
sé y siento que es hora de despertar para ser valiente para cambiar mi perspectiva,1,alegria
podría decir que estaba sintiendo miedo o ansiedad o que estaba aterrorizado por lo que el futuro puede traer.,4,miedo
me estaba calentando empezando a sentir un poco letárgico,0,tristeza
hago mi yoga me abro se siente tierno dos horas más tarde estoy muy bien envuelto de nuevo felizmente envolviendo capa sobre capa sobre él fuera de mi hábito bien significado,2,amor
todavía me avergenzo de cómo lo traté,0,tristeza
me siento más apasionado por las cosas también,1,alegria
no puedo evitar divertirme después de leer este artículo,1,alegria
me siento tan tranquilo de estar cerca y de mí mismo,1,alegria
me siento fenomenal mediante la aplicación de la medicina alternativa para mantener mi salud,1,alegria
me siento perra como el infierno esta noche,3,enojo
me siento encantada de mostrar este viaje,1,alegria
"actualmente lo soy, pero ni siquiera puedo hacer eso en este momento sin sentirme indeciso y atado a la escuela y la escritura y las tareas.",4,miedo
"me siento humillado, elijo creer que de alguna manera janes sanders verá estas palabras y sabrá que no puede salirse con la suya abusando de los demás.",0,tristeza
siento que soy tan patético y francamente tonto para dejar que la gente les deje jugar con mis sentimientos y luego me deja limpiar esta pila de tristeza dentro de mí.,0,tristeza
no puedo creer que se haya dicho que ya me siento privado sexualmente.,0,tristeza
me siento demasiado distraído para escribir realmente algo de sustancia.,3,enojo
"todavía puedo recordar la sensación de paz, su tierna sonrisa y sus cálidas manos.",2,amor
"siempre me siento caliente, estoy caliente al tacto",2,amor
me pregunto si me siento lo suficientemente valiente como para hacerlos regalos.,1,alegria
no sé qué hacer en mi espacio actual para sentirme más cómodo.,1,alegria
"creo que algunas personas no son inteligentes, pero quieren sentirse inteligentes, por lo que solo responden preguntas con respuestas sin sentido para que puedan ganar puntos y hacer preguntas estúpidas como si salieras conmigo y cosas así.",1,alegria
estoy de pie tan cerca de dicha vaca su nombre es gabriella btw me siento grosero llamándola vaca,3,enojo
"me siento graciosa, ¿qué hay de ti?",2,amor
podía sentirlo tan animado en comparación con la atmósfera ruidosa y aunque muerta de la vida en la colina.,1,alegria
ya me sentía amado por haber sido invitado a estar en la fiesta nupcial la nota de agradecimiento me hizo sentir aún más,2,amor
me siento un poco triste de que los jóvenes de hoy nunca llegarán a experimentar el poco de cultura que mi generación y los que antes lo hicieron.,0,tristeza
"me pusieron en un dolor menos potente med goteo pero no me sentí fuera de control, así que me gustó que la droga mejor",2,amor
me siento tan inteligente comentarios recientes a href http www,1,alegria
"fui a jugar a los bolos david y algunas otras personas, pero realmente no tenía ganas de ser sociable, así que simplemente llamé y le envié un mensaje de texto a lisa toda la noche, quien también estaba enviando mensajes de texto a chris al mismo tiempo que ella lo conocía toda su vida.",1,alegria
me sentiría tan nostálgica a una edad tan joven,2,amor
puede que no me sienta tan cool,1,alegria
no siento ninguna alegría como que los fieles sientan que viendo las glorias de su lugar santo un horror de gran oscuridad está sobre mí un miedo terrible me ha abrumado.,1,alegria
me siento bastante aterrorizado inmaduro y no listo,4,miedo
i alba me siento bien e im encajar en,1,alegria
me siento como salir con amigos y tener un poco de diversión juvenil maravillosamente inocente con,1,alegria
me fui sintiéndome paranoico y cada vez es más difícil sentirme feliz,4,miedo
"siento que mi casa está constantemente sucia porque realmente odio la limpieza, especialmente cuando estoy cansado",0,tristeza
me siento tan arrepentido y mal que he llamado en,0,tristeza
me sentía emocionado y motivado,1,alegria
quiero ser feliz de nuevo y me he olvidado de lo que es sentirse contento,1,alegria
me siento ansioso como lo hago normalmente a esta hora de la noche,4,miedo
simplemente era ingrata y egoísta por querer una vida o querer algo más o al menos sentirme valorada y respetada.,1,alegria
siento que fue perfecto como punto de partida para lo que está por venir,1,alegria
"me siento muy fuertemente sobre el apoyo, por lo tanto, ¿por qué estamos corriendo la milla?",2,amor
"me siento un poco más tranquilo, más irritable e impaciente que antes.",3,enojo
me siento muy arrepentido en este momento,0,tristeza
"no solo quiero decir que las sensaciones que experimentamos influyen en nuestros estados de ánimo, sino que no estoy simplemente señalando que decir incomodidad en nuestros cuerpos nos hace sentir irritables.",3,enojo
siento que los policías son desafortunados y tristes,0,tristeza
me aventuro de nuevo hacia el norte y para el gran día me siento muy festivo,1,alegria
"me siento de esa manera, pero sí, tengo un problema en confiar especialmente en los hombres.",1,alegria
estoy sentado aquí hoy sintiéndome miserable,0,tristeza
me siento mal por eso,0,tristeza
"me falta dormir un poco, pero también siento que tengo una hoja de papel en blanco delante de mí en muchas áreas de la vida de la iglesia.",0,tristeza
"estoy en medio de mi conversión a la comprensión del evangelio y, a veces se siente muy parecido a una crisis de identidad, así que por favor tenga paciencia conmigo, ya que soy muy tímido en este nuevo papel y la vida.",4,miedo
"todavía siento que estoy en el proceso de aprender a escribir en un estilo de blogging, pero lentamente me estoy volviendo mejor en eso.",1,alegria
"me hubiera gustado salir, pero no lo sentía y creo que fue en parte porque sería con alguien con quien no estoy encantado de estar en este momento.",1,alegria
de hecho me siento triste,0,tristeza
me siento ansioso por ver el espectáculo a veces me estremezco ante la idea de verlo de nuevo,1,alegria
"quería estar aquí y parece que el sentimiento es mutuo, el club estaba dispuesto a mantenerme.",1,alegria
me senté con dave atell al principio tratando de no sentirme grosero mientras los chicos estaban comiendo.,3,enojo
me siento como si hubiera tenido un diente dulce esta semana,2,amor
doble victoria sobre stuff marrón volvimos el domingo sintiéndonos realmente optimistas y con ganas de otro día lleno de tenis más fedtástico,1,alegria
"definitivamente tenía esa sensación submarina últimamente, así que me sentí aliviado de participar en un servicio de cuaresma en la iglesia de hoy, uno diseñado para despejar la cabeza de las preocupaciones transitorias.",1,alegria
realmente recomendaría tomar este enfoque porque lo último que quieres es sentirte decepcionado cuando llegue tu pequeña pepita.,0,tristeza
cuando mi solicitud para estudiar la maestría fue aceptada,1,alegria
"realmente tengo mucha idea de cómo se siente o se siente mi ex sobre cualquier cosa, excepto que lo odiaba cuando no atornillaba las tapas en frascos en la cocina.",3,enojo
"siento por todos aquellos que perdieron sus hogares, aquellos que no tienen electricidad y todo por esta última tormenta.",0,tristeza
siento que desarrollarán una conexión amistosa a medida que pase el tiempo,1,alegria
refrenar toda la emoción le preguntó a su wen es una risa dijo vernos sonriendo al lado tal vez la sensación de que soy preocupación sincera por su wen es correcto,1,alegria
ive collected a medida que siento que es vital crear algo precioso a partir de esos artículos como un tributo a la tierra y su poder generosidad,1,alegria
me siento tan determinado esta vez y digo esta vez porque he probado todas las dietas bajo el sol,1,alegria
me sentía tan molesto por todo,3,enojo
me había sentido resentido por mis padres durante algunas horas.,3,enojo
me siento tan inseguro acerca de todo en este momento,4,miedo
me siento cachonda me siento cachonda alguien quiere verme,2,amor
"se espera que sea monógama, lo que para mí se siente como si estuviera siendo fiel a alguien que está con otra persona.",2,amor
me siento con el corazón roto y preocupado y tengo un dolor de cabeza malvado,0,tristeza
cuando enganché a una chica en kitwe ella era muy hermosa para mis estándares,1,alegria
"estoy seguro de que no estás solo en sentirte un poco divertido disfrutando del arte, incluso el arte negro creado y negro endosado lleno de un término que te marcaría como odioso y racista con mayúscula si lo pronuncias en la conversación.",5,sorpresa
me siento lo suficientemente hinchable y si puedo susurrar algunas personas deseosas de ir conmigo,1,alegria
necesito volver al trabajo reescribiendo una introducción me siento mal inadecuado al escribir mal hacer esto corto,0,tristeza
"sé que hay momentos en los que algunas cosas de pesadilla pueden realmente sucedernos, pero cuando soñamos malas visiones simplemente aparecieron en nuestras mentes y nos sentimos terriblemente mal.",0,tristeza
me siento muy agitado y algo perdido,3,enojo
"puedo dejar caer a las personas que me están usando sin problema y ciertamente puedo afirmarme con los niños, pero pidiéndole a nik que se vaya temprano en un día fácil solo porque me siento llorando y quiero un abrazo.",0,tristeza
estoy feliz de informar que no sentí esa necesidad enojada de golpear a olivia hoy de la manera en que ive lo sintió antes.,3,enojo
me siento como lo hice cuando estaba preocupado fácilmente agitado e indeciso,0,tristeza
me siento frustrado cuando tengo nueva música y nuevas letras que claramente no tienen nada que ver entre sí.,3,enojo
me siento menos amenazado por el mundo,4,miedo
im sentimiento juguetón y humorístico,1,alegria
me siento horrible cuando me quedo en casa tanto por perderme el ejercicio y la práctica como por descamarse en el equipo.,0,tristeza
me encanta escuchar de mis amigos así que siéntase libre de dejarme un comentario,1,alegria
confío aunque puede tomar más coraje de lo que siento que tengo que nuestro dios es un dios fiel e incluso cuando no veo la imagen más grande que mi señor hace,1,alegria
"tuve la sensación de que si no ayudaba, esto podría convertirse en una mala escena.",0,tristeza
me siento convencido de que estoy al borde de algo increíble,1,alegria
siento que es un recordatorio de que estoy cuidando de algo tan precioso y necesito tratarme mejor.,1,alegria
me meto en grupos me siento muy incómodo y sobrecompensar por ser demasiado hablador o por conseguir muy tranquilo,0,tristeza
luché contra el rubor en sus mejillas con una mano descansando sobre su corazón sintiendo que el frenético latido casi positivo kai podía escucharlo,4,miedo
"estaba empezando a sentirme casi hastiado de mochileros, supongo que el interminable rebote alrededor de un título comodidad v dinero en efectivo mi lucha mochilero con el viaje por tierra href http www",0,tristeza
"me siento rebelde porque no me gusta particularmente ver comedias románticas, pero tengo la sensación de que puedo ser bastante bueno escribiéndolas.",3,enojo
me siento muy triste de que mi propia novia ni siquiera puede abrirse a mí o comunicarse conmigo,0,tristeza
también sé lo bien que se siente mirar hacia atrás y ver que honré mi palabra y que ayuda desde el principio.,1,alegria
me siento tan estúpido porque la primera semana de la feria ni siquiera valía la pena trabajar para,0,tristeza
estoy seguro de saber a dónde ir si me siento un poco tierno,2,amor
"siento mucha presión, pero estoy decidido a terminarlos para poder visitar a mi hermana en mayo con la conciencia tranquila.",1,alegria
"no quiero sentir nada, quiero estar adormecida",0,tristeza
"sé que ni siquiera ha oído lo que estaba diciendo, así que me hace sentir poco importante para él.",0,tristeza
"realmente siento que estoy vadeando en aguas peligrosas aquí, pero creo que el diálogo también es realmente importante.",3,enojo
sé lo que se siente al le gusta legítimamente por alguien que de alguna manera me hizo sentir de la misma manera que confía en mí toma mucho que quiero que en mi vida,2,amor
me desperté sintiendo ish artístico,1,alegria
"me siento mal por no trabajar este verano, finalmente voy a poder descansar y poner mis pies en alto.",0,tristeza
me siento vacío cuando el bebé no está allí,0,tristeza
también siento que ver cómo reacciona el cuerpo es un paso importante para cambiar el comportamiento.,1,alegria
me siento como que soy productos dañados y que se merece algo mejor que esto,0,tristeza
"sin embargo, siento que es bastante peligroso tratar de aplicar solo una estrategia a un partido.",3,enojo
me siento un espectador a esta suposición y divertido y melancólico que no puedo aliviar todo el dolor,1,alegria
me siento codicioso con mis pensamientos y es un alivio dejarlos quedarse,3,enojo
yo era parte de la familia y tengo la sensación de ser aceptado.,1,alegria
estoy sintiendo nostalgia por él,0,tristeza
me siento súper pegada a mi cama,1,alegria
"pude adivinar o captar muchos de los giros de la trama en este episodio desde los primeros indicios que nos dieron y si eso es moffat usando un presagio realmente obvio o yo teniendo una sólida comprensión de su lógica narrativa no estoy seguro, pero me gusta. ambos construye suspenso y me hace sentir inteligente",1,alegria
no me tomé el tiempo para contar el dinero en parte porque el cajero ya estaba llamando al siguiente cliente y me sentía un poco apresurado y en el camino con la siguiente persona en la fila arrastrándose por mi espalda.,3,enojo
"me siento totalmente desilusionado con la escuela de medicina con londres, pero sobre todo con mi universidad.",0,tristeza
"también respondo a la mayoría de los comentarios, así que siéntase libre de compartir sus pensamientos y hablemos",1,alegria
tengo una descarga eléctrica muy desagradable cuando estaba manipulando algunas applaines eléctricos,4,miedo
todavía me siento devastada y desconsolada,0,tristeza
me desviaría de sentirme completamente aterrorizado a completamente desorientado a completamente mareado,4,miedo
me quedé sintiéndome un poco decepcionado ya que todo comenzó tan bien y terminó un poco flojo,0,tristeza
me siento cachonda y decido dar una doble cabecera larga mojada mamada descuidada,2,amor
he estado teniendo sofocos más frecuentes a lo largo del día a veces y estoy empezando a sentir un toque tierno de dolor en un lugar de mi espalda que espero que no sea otra nueva metástasis de tumor óseo.,2,amor
"seguí despertando y sintiéndome feliz de que el sueño había terminado, entonces me volvería a dormir solo hasta que el sueño continuara.",1,alegria
me siento mucho mejor y estoy de vuelta incluso a la universidad,1,alegria
"sin embargo, me sentí celoso",3,enojo
seguí teniendo esta fuerte sensación de moverme hacia algo que me quedé y fui castigado por no salir cuando debía.,0,tristeza
me siento divertido usted sabe que la información fue publicada directamente en su sitio a la vista y es exactamente donde estaba en el primer lugar publicado directamente en livevideo en su sitio anoche en internet,1,alegria
siento la sonrisa amorosa cálida y agraciada de mi madre mientras robo el tiempo para nutrirme y sanar,1,alegria
no puedo sacudir el im ocultando cómo me siento acerca de mí mismo debajo de un ambiente de chaqueta fabulosa y este estilo no encaja bien con la mayoría de la ropa que uso,1,alegria
me siento de esta manera no hay un solo día que ha pasado por que ive se sentía inseguro con jerome,4,miedo
me siento aprensivo al respecto,4,miedo
"me siento bastante letárgico de alguna manera hoy y muy desgastado últimamente, ya que apenas tengo tiempo para sentarme como im constantemente en mis pies, que originalmente no me quejaba porque me ayudaba a perder peso, pero cuando comienzas a ponerte mal, no es bueno para moverte mucho.",0,tristeza
siento que es grosero ignorar a la gente,3,enojo
una relación en la que había puesto mi confianza,0,tristeza
me siento maravilloso después de ver todos estos precios de cinta dulce,1,alegria
me encanta la forma en que solo miro a los ojos y me siento seguro,1,alegria
siento que soy violento y digo que no voy a aceptar eso y aquí están las consecuencias,3,enojo
me siento muy satisfecho conmigo mismo y decido darle al chico otra rupias,1,alegria
me he sentido fenomenal me sorprendió cómo mi necesidad de atracones se redujo y he perdido peso sin siquiera intentarlo,1,alegria
no puedo ayudar pero siento que alguien va a terminar enojado conmigo,3,enojo
a veces me siento como si estuviera un poco inseguro de quién soy y lo independiente que realmente soy.,4,miedo
"vivo este estilo de vida amorfo, menos voy a estar sujeto a estos sentimientos, pero a partir de ahora se siente fantástico estar de vuelta en los ritmos de trabajo a tiempo completo.",1,alegria
"me gusta la calidad de construcción y cómo cambia el diseño de los botones de acuerdo con la función del teléfono, también me gusta que la retroalimentación háptica realmente se sienta como si el teléfono tuviera botones.",1,alegria
"siento que ha sido un capitán excelente y ha jugado muy bien para nosotros, dijo taylor.",1,alegria
estoy sintiendo paz y estoy feliz de que no tengo que hacer más scabi im en verona mi última semana,1,alegria
siento que te están agraviando te respaldaré,3,enojo
"me siento mal por casi todos los involucrados y generalmente me molesta ver que la violencia tenga lugar, quizás lo más inquietante de todo es la culpa insidiosa, si no predecible, que se ha apoderado de la víctima en los días posteriores al incidente violento.",0,tristeza
"me siento tembloroso discutiéndolo con cualquiera, especialmente en público, como si fuera una pequeña bola de lágrimas explosivas a la espera de derramarse por todas partes.",4,miedo
me refiero a la forma en que una casa se siente a mí cómo lo dibujo alrededor de mí mismo cómo me gusta organizar y reorganizar pequeños rincones ensamblar naturalezas muertas de flores y objetos preciosos,1,alegria
"no he descubierto y cada vez que no puedo encontrar el tiempo o la capacidad o el dinero para cuidar de cada lado por igual, termino sintiéndome decepcionado.",0,tristeza
me siento tan popular hoy jajaja,1,alegria
tengo la sensación de que tyler no es muy aficionado a la idea.,2,amor
hace un par de meses,3,enojo
sentirse aún más presionado,4,miedo
"siento que soy tan emocional y desordenado que ni siquiera puedo pensar en escribir en este blog, así que salgo del hábito y pasan meses y los comentarios no se leen y de repente me olvido de cómo hacer esto.",0,tristeza
siento como si los últimos dos meses hubieran sido una extraña hora de vigilia sobre el sueño aún más extraño de todo lo que mis años en wisconsin fueron y no fueron.,4,miedo
me siento seguro de que fue la respuesta correcta,1,alegria
me mantuve callado sintiéndome un poco tonto de que había sido demasiado rápido para saltar a la conclusión.,0,tristeza
estoy sintiendo esa dulzura amarga que viene de un profundo receso en mi alma.,3,enojo
estaba en la firma me siento apasionado por lo que estoy haciendo porque desafía mi mente e intelecto para resolver algunos problemas de diseño y estar cerca de arquitectos y diseñadores realmente ayudó a crear un ambiente propicio,2,amor
me siento malhumorado y no puedo pensar correctamente cuando me privan de comida durante más de dos horas.,3,enojo
"siento que tiene miedo de algo bueno y está saboteando en este momento y tal vez si le doy espacio, el infierno regrese, pero siento que ha tenido tanto espacio y todavía no se siente lo suficiente.",4,miedo
me alejé de ese encuentro sintiéndome bendecida también.,1,alegria
todavía siento un antojo por la comida dulce,1,alegria
me concentré en el olor que empecé a sentir y sabía que era el aroma nostálgico de la casa de mi abuela en bhubaneswar orissa,2,amor
repasé mis sentimientos ella dijo que soy muy temeroso y conflictivo,4,miedo
realmente siento que es la culminación de comenzar a tocar más clubes y querer hacer cosas más amigables para la pista de baile y tener cosas que tengan un cierto rango de tempo que se ajuste bien en ese entorno.,1,alegria
"no he pasado tanto tiempo con ellos, pero simplemente no me siento cómodo allí",1,alegria
me siento nervioso simplemente caminando afuera,4,miedo
me siento completamente apático,0,tristeza
no necesito bañar a un niño con regalos para sentirme como si me importara.,2,amor
me siento generoso a veces y alimentar un poco de esos ahorros a los pájaros,2,amor
me gusta cuando me siento productivo a pesar de que a veces me quejo por no tener tiempo para rascarme el trasero,1,alegria
me siento tan mal en este momento,3,enojo
me siento tan tenso al respecto porque sé que lo odias y estás constantemente tratando de ver la televisión en la ventana y escucharla.,4,miedo
tengo la sensación de que steve estaba impresionado de que bi se utiliza en la fabricación y no sólo en las finanzas como en los ee.uu.,5,sorpresa
me sentí empoderado diciéndole cómo me había afectado cómo me había acercado al suicidio debido a la angustia severa que me había causado para seguir sintiéndome mucho después del encuentro desagradable donde lo que sentí fue ignorado por completo.,0,tristeza
me pregunto por qué me sorprende que las cosas sean diferentes de lo que esperaba.,5,sorpresa
me siento valiente de nuevo tubo fueron incluso va a tratar de escalada en hielo en nipigon y trineo perro,1,alegria
pasé un examen que estaba absolutamente seguro de que había fallado.,1,alegria
creo que tengo derecho a saber si mi vecino no puede ver si me siento envidioso o avergonzado o no puedo decir la diferencia entre el tipo que no camina del tipo que camina.,3,enojo
siento el frío borde del barril contra mi cabeza,1,alegria
me siento aburrido y fácilmente toda la diferencia de la regla absolutamente no puedo t varios por lo que esto a su vez rápida cazuela fácil es fantástico en relación con las comidas de grupo local hall pitch ins picnics dirección almuerzos etc,0,tristeza
"me siento un poco aturdido y cansado y enojado, pero esa es una emoción y un estado de ánimo normal para mí experimentar de día a día o semana a semana.",5,sorpresa
me siento condenado por querer obtener un doctorado de algo además de la medicina.,0,tristeza
simplemente digo que no siento que esas actividades sean aceptables para los hombres piadosos como ejemplo para los demás.,1,alegria
me siento como increíble x hombres compensados lo suficiente para ganar un fuera de,5,sorpresa
me siento como si fuera un agujero culo grosero en hookah,3,enojo
simplemente decidí ponerle un cierre al irritante y evitarlos por completo o hacer que su presencia se sienta igualmente desagradable.,0,tristeza
no tengo idea de por qué esta región en particular parece carecer de una carniola exterior visiblemente necesaria también y me siento realmente algo molesto por esta posible evidencia de falta de espíritu suburbano.,3,enojo
estoy atado a mis pensamientos en clase como en la vida no puedo realizar me siento avergonzado y miedo de estar en mí mismo,0,tristeza
"te dije cómo me sentía y me trataste mal me hiciste sentir tan estúpido, pero ya sabes lo que",0,tristeza
"siento cosas mezquinas, pero no en la medida en que los humanos parecen sentir que se han iniciado guerras por cosas estúpidas y, por más que lo intente, no puedo entender cómo cosas como amar a dos personas o sentir celos pueden llevar al asesinato y la infelicidad.",3,enojo
"tengo que tenerlo hecho, pero me siento aterrorizado de otra intrusión en mi cuerpo",4,miedo
ahora estoy sintiendo el inicio de un tipo desagradable de pánico turístico.,0,tristeza
sigo sintiéndome tan vacía y solitaria,0,tristeza
estoy lleno de asombro y me siento divertido acerca de lo que esta ciudad tiene ingenio hoy en día.,1,alegria
soy bueno en algo que me apasiona y todos los otros estudiantes que se gradúan este año están en el mismo barco que sucede después.,2,amor
siento que los exámenes totalmente apáticos han llegado y se han ido y ahora tengo unos cinco meses enteros frente a mí sin unidad y tiempo libre.,0,tristeza
i a href http feeling groggy,0,tristeza
no siento que estoy siendo presionado para hacer nada y no tengo ganas de hacer el amor con mi marido tiene ninguna conexión con las agresiones y violaciones,4,miedo
en un lago de represas,4,miedo
"estoy empezando a sentirme aislado en el lugar de trabajo, pero no atribuyo la culpa a nadie ni a nada.",0,tristeza
quiero tanto de ti como estás dispuesto a darme y planeo hacerte sentir muy generoso,1,alegria
puedo mirarlos a la cara de nuevo sin sentirme incómodo,0,tristeza
ive lo hizo a través de una semana solo me siento golpeado abajo,0,tristeza
estoy en confusión y sintiendo tan rito en blanco ahora,0,tristeza
id también se siente inestable si id pasó una semana contemplando cómo id simplemente enojó mi trabajo de la vida,4,miedo
no me he permitido que truley se hunda en un estado mental deprimido sintiendo que todos están en mi contra y no confiando en nadie y básicamente queriendo morir desde el primer año.,1,alegria
realmente siento que estamos progresando hacia una sociedad que es más intrépida gradualmente desechando límites aparentemente rígidos como la paranoia sobre la seguridad de las pertenencias de uno.,1,alegria
confieso que me siento un poco aprensiva,4,miedo
todavía me sentía perra no triste,3,enojo
"yo y la mayoría de las mujeres no se sienten particularmente agobiadas por tomar la píldora, hay algo de injusticia en ello.",0,tristeza
me siento indefenso,4,miedo
siento que estoy de vuelta a mi yo inocente y despreocupado,1,alegria
me encanta si siento que viene un frío,3,enojo
me voy a dormir me siento como si estuviera renunciando a un tiempo precioso para hacer otra cosa con mi vida,1,alegria
ya me sentí privado cuando después de que claire nació reaccioné a la epidural y experimenté sacudidas extremas durante un par de horas y no pude sostenerla durante esa experiencia especial de alerta tranquila que experimentan los recién nacidos.,0,tristeza
me sentí irritado y un poco molesto después de esta conversación.,3,enojo
me siento un poco aprensivo acerca de esta fiesta,4,miedo
me siento tan idiota por ti,0,tristeza
estoy luchando para disfrutar de las cosas que solía amar salgo y me rodeo de la gente a pesar de que todo lo que realmente quiero hacer es aislarme de todos y esconderme bajo el edredón me siento solo y apático a casi todo lo que me rodea,0,tristeza
me siento tan vulnerable y asustada,4,miedo
me siento caliente así que le pregunto que deja ir a casa,2,amor
me siento todo glamoroso,1,alegria
debo decir que me siento un poco deprimido porque todo lo que sé podría ser completamente sin sentido.,0,tristeza
pregunté sintiéndome completamente inútil,0,tristeza
me he transformado gradualmente en alguien que se siente superior cuando los niños de otras personas se quejan de la cena o no quieren comer su calabacín o se les permite comer tartas pop o cereales azucarados o pan blanco para el desayuno.,1,alegria
siento que el contenido envía el paquete después del paquete hacia fuera en el mundo,1,alegria
"no me refiero a que me gusta acobardarme, pero me siento más inseguro acerca de mí mismo y tal vez dudando del hecho de que debería ser capaz de correr km mañana.",4,miedo
"tiendo a mantener la boca cerrada porque no estoy lo suficientemente bien informado, pero cuando se trata de educación pública puedo decir lo que siento porque ese es un tema que me apasiona y hago todo lo posible para mantenerme al día.",1,alegria
tengo la sensación a menudo y a menudo que es peligroso esperar cosas que si esperas cosas que sólo van más y más lejos.,3,enojo
siempre me siento un poco ansioso antes de preceptor porque todavía estoy aprendiendo,4,miedo
me temo que una vez más me sentiré sin esperanza y perderé toda la paz que obtuve después de mi último episodio.,0,tristeza
"siento el dolor, pero con mi familia y amigos de apoyo asegúrese de que no hay pensamientos negativos me superan",1,alegria
tengo la sensación de que respetó mi elección haciendo mi propio camino respondiendo a nadie más que a mí mismo.,1,alegria
podría entender si un sobreviviente leyendo esto al principio se sintiera ofendido por mi conversación sobre formas abstractas de violación.,3,enojo
"empiezo a sentirme como si hubiera superado la muerte de mi amada timmy y cuando me acostumbro a la idea de solo ver a mi madre, tal vez dos veces por año a partir de ahora y justo cuando empiezo a planificar para mi futrue y feliz momentsa por delante, empiezo a sentirme así nuevamente.",2,amor
"no estoy realmente aterrorizado por el parto esta vez y aunque sé que no importa lo que aparezca inesperadamente, realmente puedes sobrevivirlo y aunque el autor de mi planificador de bebés estaría radiante de orgullo de que siguiera sus instrucciones al pie de la letra, todavía me siento un poco inseguro.",4,miedo
me siento tan inútil durante esos momentos que estaba luchando para encontrar trabajo,0,tristeza
siento fuertemente que este año el señor me está llamando a crecer en disciplina este año y a ser fiel con las cosas que ha puesto delante de mí.,2,amor
empiezo a sentirme un poco más resuelto,1,alegria
"puedo sentirlo físicamente un poco dolorido y ahora estoy esperando una respuesta, no sé qué diría, pero tengo una buena idea.",0,tristeza
estaba sentado en la iglesia esta mañana y mirando a las diversas personas que dispersaban los bancos y preguntándome cuántos de ellos se sentían golpeados en este momento.,0,tristeza
me desperté esta mañana sintiéndome muy agitado por el día que venía,3,enojo
me siento tan aficionado a él que quiero apretarlo con fuerza y no inusualmente,2,amor
me siento como un tímido enorme rosa flamenco hombre,4,miedo
"agregaría cuando me siento optimista, pero una persona perfectamente promedio",1,alegria
he desbrozado el jardín por así decirlo y se siente fabuloso,1,alegria
"creo que no hay un mejor lugar para estar en este momento que ver cómo su pequeña cara se relaja, sus brazos se aflojan y siente su frente súper suave.",1,alegria
pienso en esa imagen me siento tranquilo amp safe a href http revealthestaryoutrulyare,1,alegria
simplemente no me sentí emocionado por toda la experiencia,1,alegria
me siento tan tonto por ser honesto,0,tristeza
no me siento afortunado,1,alegria
creo que el sector de los metales preciosos comenzará algo como esto en los futuros cercanos y posiblemente ya haya comenzado como se ve en el aumento del volumen en los días de baja.,1,alegria
estoy emocionalmente comprometido porque siento que apoyo mis propias creencias y valores cuando los apoyo.,1,alegria
no me siento súper fuerte al respecto,1,alegria
me siento más desagradable,0,tristeza
"realmente siento que soy la persona menos talentosa en el escenario, pero de alguna manera dios usa mi talento para su gloria.",1,alegria
"no lo compraría, pero si alguien me diera algo de identificación, lo usaría si me sintiera particularmente vanidoso ese día, pero no realmente.",0,tristeza
"también encuentro que me da un impulso de energía ligera y tal vez esta es mi imaginación, pero también siento una conexión y asociación con mis amigos de la planta, que es una excelente manera de comenzar la temporada de jardinería que hice en serio este fin de semana y publicaré detalles durante la semana que viene.",1,alegria
he manejado mal las cosas junto con el resto y me siento arrepentido por eso en este momento en lugar de mi reacción inicial de no querer preocuparme porque tal vez en algún lugar profundo de mí estoy esperando que las cosas sean como antes.,0,tristeza
me preparo para el blog me siento tan aburrido,0,tristeza
"necesitaba apoyo, cariño, comprensión, amor, me hizo sentir que rompí con él porque a pesar de todo lo que podía decir, estaba estresado y cualquier lugar que tuviera en su corazón antes de que ya no lo guardara.",0,tristeza
a menudo siento que trabajar en él es como ser un goliat benévolo que a menudo es deshecho por el más humilde de los davids.,1,alegria
"lo hago a la ligera, pero a veces me siento realmente incómodo en grupos pequeños y en conversaciones de uno en uno.",0,tristeza
me siento mucho más productivo en la universidad y por eso para mantener esa productividad a toda marcha tengo que atribuír algunas ideas para proyectos de arte este verano entrenar a un ejército de palomas de ataque y hacerse cargo de una isla pequeña y deshabitada.,1,alegria
siempre encuentro la manera de sentirme y quedar impresionado,5,sorpresa
"me levanté temprano hoy para votar antes de que las líneas se hicieran demasiado largas y no tuve esa sensación en absoluto, pero me sentí incómodo por otra razón.",4,miedo
me siento bastante esperanzado sobre el futuro del servicio público,1,alegria
"me siento generoso así que pienso mal agregar algunos bonos más, como mis santa babes de mi galería de perversión",1,alegria
me siento tan fantástico como un momento de belleza y bestia habría sido que no pasé por ninguna transformación mágica dramáticamente iluminada cuando salí del primer trimestre y emergí en el segundo.,1,alegria
me siento muy feliz hoy,1,alegria
digo que la sensación de ser traicionado nunca fue una sensación agradable para empezar.,1,alegria
me siento un poco devastada porque realmente pensé que esto era todo y todo lo que había pasado por esta relación valdría la pena.,0,tristeza
me siento tan vacío y frío por dentro,0,tristeza
me siento completamente bendecido de tener una familia y amigos tan maravillosos.,1,alegria
lo siento por los californianos,0,tristeza
entiendo a mi madre y me siento mal por no poder ayudarme de la manera que ella quiere porque todavía estoy tratando de ayudarme a mí misma.,0,tristeza
he dicho en posts anteriores que siempre me siento tan elegante usando una creación azul,1,alegria
ser acusado de sentirse superior a los personajes es generalmente por personas que se sienten superiores a los demás.,1,alegria
creo que debemos continuar buscándonos el uno al otro mientras nos sentimos ofendidos y siempre buscando maneras de ir más abajo y caminar en la humildad en la que jesús caminó.,3,enojo
me siento más seguro con las personas que se ponen ahí porque para mí eso es simplemente amistoso.,1,alegria
"yo lo vería y me sentiría frustrado, no se dio cuenta de que a quince pies de distancia estaba el océano, la maldita ola que se estrellaba cubriendo la mayor parte del océano de la tierra.",3,enojo
"probablemente te extrañé demasiado, pero ryeowook no tiene que oírlo decir para saber la verdad, sintiéndolo en sus besos, los suaves toques en su columna vertebral, el cálido aliento fantasmal sobre su oído.",2,amor
siento que es mi deber ayudar a los necesitados vivek oberoi,0,tristeza
estoy sintiéndome bien ahora,1,alegria
"mi gato murió de una enfermedad que había estado con nosotros durante años, era un gato encantador que había estado enfermo durante una o dos semanas y el veterinario nos había dicho que se estaba muriendo.",0,tristeza
siento que estoy siendo castigado por las decisiones que tomé en el pasado.,0,tristeza
"me siento mal por eso, pero estos últimos años comencé a darme cuenta de que no importa cuántos amigos tenga o sepa, no importa si todavía soy un solitario.",0,tristeza
no quiero que se sienta incómodo en esta casa,0,tristeza
pregunté sintiéndome indignado,3,enojo
mantuve mi computadora portátil cerca en busca de trabajos de los que podría construir una carrera y buscando esas recetas navideñas importantes para que este año se sienta un poco más especial.,1,alegria
salgo sintiéndome energizado y feliz,1,alegria
amo mi creciente e intenso sentimiento de conexión con lo divino.,1,alegria
lo tiro por ahí la mejor mala sensación heck im paranoico hasta un árbol brach ahora mismo salté cuando una ardilla se cruzó en mi camino cuando fui caminando hoy,4,miedo
"veo a jesús como un ser humano a través del cual yo y otros sentimos que nos hemos encontrado con lo divino, no lo veo como un superhombre.",1,alegria
anticipo constantemente que es así porque me siento tan admirada y me siento tan segura en la naturaleza,2,amor
empiezo a sentirme sorprendida por lo poco que recuerdo de la semana pasada.,4,miedo
siento que me distraigo fácilmente haciendo cosas y cambiando a muchos proyectos diferentes a lo largo de una semana.,3,enojo
siento que el espíritu de la competencia en muchos casos se ha perdido en la máquina de generación de ingresos.,0,tristeza
me veo escamosa o racha por favor no dude en decirme,1,alegria
me siento un poco solo sin comentarios para responder a c,0,tristeza
comencé a sentirme un poco vulnerable cuando el foco gigante comenzó a cegarme,4,miedo
pongo mi pierna alrededor de la tuya y envuelvo mis brazos debajo de los tuyos para que me sienta seguro de nuevo.,1,alegria
me sentiría muy ingrato si no te agradeciera a todos y supieras quién eres.,0,tristeza
"me siento inteligente por fuera en comparación con la mayoría de las personas que conozco, aunque me siento tan vacío por dentro.",1,alegria
no lo entiendo porque este espectáculo es tan caro como cualquier espectáculo que se ha hecho alguna vez por cualquier persona que debería pensar y estamos haciendo un beneficio um así que usted no tiene que sentirse demasiado comprensivo hacia nosotros,2,amor
empecé a sentir un poco de nostalgia con la mención del nombre de mulligan.,0,tristeza
me siento envidioso de que puedan mantener sus publicaciones regulares e interesantes y desearía poder sentirme de esta manera.,3,enojo
solo tomo el control y bebé cuando besas mis labios y cuando besas mis muslos me tienes pensando en la mierda perfecta y siempre me siento tan tierna y suave cuando tienes tu amor entre las minas,2,amor
"ojalá tuviera un plato de pasta que combinara los raviolis de remolacha y rabiola con la pasta desnuda, siento que estos dos platos abarcan el yin y el yang o, en este caso, los lados dulces y salados de las pastas de verano perfectas.",1,alegria
enfermo solo tengo que hacer algunos amigos locales que puedo ir al cine con y saber por un hecho que ni siquiera sin intención de causar que dudo seriamente no había ninguna intención real de herir mis sentimientos o en realidad me llaman sin corazón una moral o sin cerebro que acaba de venir a través de esa manera a mí,3,enojo
siento que es muy romántico y para añadir a mi visita tengo el ipod cargado con s oscuro synthwave amp temprano s alternativa de radio de la universidad la cura neds cubo de basura atómica las pieles de caramelo posies pixies borrón james primavera morrissey y así sucesivamente,2,amor
"me siento abrumado, estresado y presionado dentro de algo mágico que sucede cuando me quito los zapatos y salgo a caminar al parque o a la playa.",4,miedo
"puedo sentarme aquí y decir que es una sensación cálida que te supera y te sientes tranquilo, pero que no es lo suficientemente bueno",1,alegria
me siento ahora es simplemente maravilloso,1,alegria
me siento avergonzada de que lo haga porque creo que la gente como yo inserta una cantidad liberal de conversación negativa sobre el peso no hace cosas como esta.,0,tristeza
estoy aburrido y me siento ignorado,0,tristeza
en la escuela,3,enojo
me siento traicionado y desilusionado,0,tristeza
me siento tan sorprendido conmigo mismo como pude caminar sin parar durante más de minutos,5,sorpresa
me siento muy desconfiado de todos ellos.,4,miedo
estoy viviendo una vida alegre y siento a estos seres divinos como parte de mi vida diaria.,1,alegria
definitivamente necesito ambos ya que me he estado sintiendo bastante letárgico.,0,tristeza
estaba dispuesto a ser honesto conmigo mismo y poner un nombre a lo que estaba sintiendo.,5,sorpresa
"me sentía un poco inestable y un poco fuera del centro, pero creo que la mayor parte de eso era preocuparse por cosas fuera de mi control.",4,miedo
me siento muy nostálgico por lo que sucedió en los últimos cuatro años.,2,amor
me emociona cuando uno de los estudiantes se registra en facebook y logra localizarme cuando hace solo unos meses comenzamos las clases de informática en la escuela.,1,alegria
"leí las publicaciones de otras personas, hay momentos en los que siento que id da mi uña izquierda para que sean ellos, mi uña izquierda es preciosa porque es la única que puedo pulir perfectamente.",1,alegria
"siento que era inteligente, ya que evitaba hacer las páginas demasiado engorrosas y también evitaba la torpeza de tratar de introducir todos los personajes a la vez.",1,alegria
"siento que, especialmente en el mundo del arte, todos podríamos hacerlo con un poco más de realidad y un poco menos de relleno en blanco.",0,tristeza
"me niego a calificar el libro, pero si ella y su editor se sienten esnobs, entonces tómelo cuando digo que jeanette winterson no puede escribir y esencialmente no desea hacer nada con el alcance para explorar.",3,enojo
rezo para que te unas a mí dejando comentarios e ideas y te vayas cada vez sintiéndote un poco más tranquilo y un poco menos estresado.,1,alegria
sé que el estrés de esta semana pasada sobrecarga sensorial oh y no he estado durmiendo bien están contribuyendo a mi tipo estoico de sentir sin embargo estoy bastante alegre y no me siento como estoy en un estado de ánimo repugnante en absoluto,1,alegria
no me siento tan despreocupada como solía y esto me preocupa un poco,1,alegria
quiero que él sea más plenamente él mismo y esa es la alegría que siento cuando como ayer dice con un susurro excitado mamá,1,alegria
"constantemente me siento mentido y perjudicado por ellos, amo a estas personas hasta la muerte.",3,enojo
he estado sintiéndome con un falso sentido de propósito,0,tristeza
me siento como si los almuerzos fueran aburridos,0,tristeza
supongo que su viuda se sentía generosa cuando lo empacó,2,amor
"honestamente, no creo que sea posible para mí sentir amor romántico en este momento.",2,amor
estoy sintiendo en mi corazón para hacer mi lista de cosas por las que estoy agradecido,1,alegria
"todavía estoy usando blogger para seguir otros blogs, pero me gusta la función livejournals de habilitar publicaciones privadas para poder mantener solo un diario sin sentirme inhibido al escribir cosas que no quiero publicar en la red.",4,miedo
"siento que ella está tan distraída, pero cuando se trata de mi hermano de un año, ella lo espera con las manos y los pies.",3,enojo
"sigo sintiendo como que estoy llegando a él esta última vez estaba tan convencido de que él estaba allí que él estaba respondiendo que me estaba escuchando, pero cada vez que parece que todos vienen abajo de nuevo",1,alegria
"me siento tan torturado al mirar las notas de la conferencia y no pasa nada, excepto por mis planes de vacaciones.",3,enojo
me siento más apasionado por,2,amor
estaba escuchando a belle y sebastian sintiendo agitado,4,miedo
estoy tan harta de la navidad que realmente lucho por sentirme festiva.,1,alegria
"salí del lugar sintiéndome un poco sacudido, es difícil de leer y escuchar sobre tales cosas.",4,miedo
quiero sentir todo el año ese tibio y encantador cosquilleo que trae octubre,2,amor
"siento que he sido lo suficientemente fiel como para haberme probado a mí misma y pagado mis cuotas, pero la fe no está estancada.",1,alegria
me sentí un poco como si estuviera siendo mircowaved que no era una sensación totalmente agradable,1,alegria
descubrí que no soy un estudiante tan capaz como pensaba,4,miedo
me siento como un pequeño asesinato shoudlnt ser castigado casi tan fuertemente como los seres humanos que son constantemente mierda a otros seres humanos,3,enojo
"me siento odiado y aislado, pero no duele",3,enojo
siento que no necesitaba agarrarme a algo cómodo que era capaz de probar algo nuevo,1,alegria
me resistí a hacerlo porque no sentía que fuera aceptable y uno de los líderes del grupo me animó a hacerlo de todos modos.,1,alegria
"todavía estaba teniendo algunas contracciones, pero me sentía un poco derrotado.",0,tristeza
"sinceramente, me siento un poco presionada, ella acaba de hacer una publicación en una foto que indica que quería tomar cervezas gigantes pronto y ni siquiera sé qué decir.",4,miedo
siento un apego emocional a su trabajo que simplemente no siento con nadie más.,0,tristeza
siento una fuerte conexión con otro ser humano y quiero pasar más tiempo con ella.,1,alegria
siento que estarás completamente satisfecho con los resultados,1,alegria
"me encanta la sensación de dolor oh, ¿cuáles son esas cosas insípidas llamadas en los lados frontales de los músculos de mis pantorrillas y me encanta la fantasía de que algún día pronto se presentará en los deportes ilustrados como el modelo de traje de baño del año tal vez van a hacer un tema especial para los baby boomers",0,tristeza
llamé a animesh le dije mis sentimientos él fue muy comprensivo,2,amor
"odio sentir descontento, pero es lo que estoy sintiendo en este momento y estoy cansado de ocultarlo",0,tristeza
me sentía bastante presumido porque denise en justquiltn ha comenzado palos y cuerda una manera de conseguir proyectos de tejido sin terminar,1,alegria
nunca he sido el tipo de persona a sentir nostalgia cuando estoy lejos,0,tristeza
a veces me siento como la heroína que nunca está estresada o llorosa o agotada con todas las dificultades es bastante superficial.,0,tristeza
"me siento terrible, pero ni siquiera puedo recordar a todas las chicas que vinieron a orar conmigo anoche.",0,tristeza
"también me gusta escuchar jazz mientras pinto, me hace sentir más artístico y ambicioso en realidad mirar el arco iris.",1,alegria
estoy realmente emocionado por mi nueva ubicación,1,alegria
me siento un poco celoso de las personas que están sentados en la cafetería todo ociosamente como en la mañana,3,enojo
"realmente espero que sea el único blogger que tienen tratar esto mal, ya que todavía me siento muy mal por todo y no me gustaría esta mierda en mi peor enemigo",1,alegria
"cuando escuché un rumor de que los resultados del examen de quinto año estaban fuera, tuve miedo de que podría ser uno de los fracasos.",4,miedo
me siento perturbado por el mundo que vi a través de los ojos de la cámara,0,tristeza
normalmente me gusta un poco de lechuga y tomates en mi hamburguesa para la humedad en su ausencia en esta hamburguesa hizo que la carne se sienta particularmente rica y jugosa,1,alegria
le pregunté si podía sentir su preciosa alma de perro.,1,alegria
siento que la gente me tiene miedo o se da por vencida,4,miedo
siento una tristeza desesperante porque después de tanto tiempo trabajando en esto tenemos que cortar lazos.,0,tristeza
"no tenía ni idea de que estaba emitiendo esta vibra, pero siento que esta es una vibra bastante peligrosa para estar emitiendo todo willy nilly",3,enojo
me siento como un joven talentoso no me siento talentoso entonces no trabajo con,1,alegria
me siento asustada y sin valor cuando alguien no me ama,4,miedo
me hacen sentir podrido,0,tristeza
"me siento tan neurótico a veces porque por lo general, incluso si sé que no tenemos algo, etc.",4,miedo
me siento feo me veo feo,0,tristeza
"solo quiero lo mejor para ese chico, tal vez pueda dejar de sentirme como una perra sin corazón.",3,enojo
me siento optimista ahora mismo tan mal proyecto que aquí,1,alegria
he estado sintiéndome miserable desde que me gradué de la escuela secundaria,0,tristeza
"sigo explorando estos sitios, creo que serían más útiles en una industria que requiere mantener el contacto.",1,alegria
"podría mirar hacia arriba y actuar como yo sé lo que es y mentir a usted al respecto y sentirse presumido en mi saber todo, pero francamente soy demasiado perezoso para todo eso",1,alegria
sé cómo se siente hermione dijo con una voz sorprendentemente simpática,2,amor
me siento bien habiendo defendido la santidad del tamaño del texto del webkit del span del estilo ajusta el ancho del trazo del texto del webkit del auto px del color del fondo en línea de la pantalla del color blanco,1,alegria
no voy a mentir algunos días me siento uber apoyo y otros días me siento uber frustrado,2,amor
yo renunciaría a sentirme follada para sentirme neutral,3,enojo
quiero tener un trabajo donde soy permanente y donde me siento como que soy valorado,1,alegria
estoy entusiasmado con las nuevas tradiciones con los seres queridos en estos días se sienten ricos debido a los preciosos antes de ellos,1,alegria
"pensé en hacer una lista de formas en que podrías celebrar hoy, ya sea que estés listo para ser tu yo creativo, tu yo activista, tu yo trabajador o simplemente necesites algunas formas de sentirte festivo.",1,alegria
me entrego a hacer algo de trabajo me olvido del tiempo de confianza que la gente se siente fácilmente inquieta hasta que mi trabajo se ha terminado,4,miedo
odio sentirme tonto odio a las personas que me hacen sentir tonto o como si estuviera siendo un bebé,0,tristeza
me siento esperanzado de que ya estamos tomando medidas importantes para hacer estos cambios necesarios e importantes y que realmente haremos un cambio efectivo y lo haremos pronto.,1,alegria
"realmente me siento arrepentido al escuchar que shinae se casó con otro hombre, oh, es realmente triste, realmente espero que alex y shinae puedan ser una pareja en la vida real, son perfectos el uno para el otro.",0,tristeza
a veces me siento tan completamente inútil e indigno de una mujer tan magnífica en mi vida.,0,tristeza
no me siento insultado porque no suena insultante en absoluto,3,enojo
siento que tiene condiciones que duele profundamente y no es agradable,1,alegria
holly jolly ¿qué hay de ti?,1,alegria
siento que me preparo para los huracanes todos los días de la semana y al final de la noche estas tres preciosas tormentas dejan su rastro por toda mi casa.,1,alegria
siento que más gente debería usar percolado como sinónimo de cachonda,2,amor
siento que me he ido un poco aburrido y todos están de acuerdo en que es la belleza de los verdaderos amigos que te dicen cuando estás siendo estúpido.,0,tristeza
me siento temeroso porque no sé lo que va a pasar a continuación en el curso de mi recuperación,4,miedo
tengo que admitir que no me siento agradecido hoy wh,1,alegria
siento que es una preocupación aburrida,0,tristeza
me siento abrumado y quiero olvidarlo todo,5,sorpresa
espero que la próxima cita será capaz de dejar que mi alguien especial sabe lo que im sensación de inseguridad y entender que no importa cuánto confío,4,miedo
pensé en mis compañeros que carecían de unos pocos meses o un año para votar sintiéndose desesperados mientras veían las noticias y con cada clic del botón de actualización anoche.,0,tristeza
siento que captura la serenidad pacífica que es tan relajante y acogedor aquí en el lago de pinos,1,alegria
"no tenía ganas de moverme, las cosas iban bien por sí solas.",1,alegria
me siento sorprendido con mi estado de california en este momento sentado junto a la piscina bebiendo un spritzer de vino de nagalene que se conecta a través de google wifi y usa stellarium para descubrir las estrellas,5,sorpresa
todavía me siento un poco arrepentido de que no acabamos de romper y comprarlo,0,tristeza
me siento feo ahora mismo todavía estoy feliz,0,tristeza
quiero que la gente tenga la misma sensación de shock encantado que tuve cuando lo vi,1,alegria
"me siento bastante amargado y más bien derrotado sobre una multitud de temas, pero hablemos del principal.",3,enojo
"tengo exactamente semanas para entrenar y prepararme, lo cual es perfecto y ahora, con la semana uno casi hecho, me siento emocionado y trato de no ponerme demasiado nervioso mientras miro hacia adelante en algunas de las carreras más largas del calendario.",1,alegria
me siento codicioso parte entra en,3,enojo
honestamente me siento envidioso,3,enojo
tengo lentes de contacto el otro día y estoy tratando de acostumbrarme a ellos me siento como mi cara se ve muy raro sin gafas y es tan extraño cuando me veo a mí mismo desde la distancia,5,sorpresa
"veo a lyman, me siento cada vez más asombrado por nosotros.",5,sorpresa
me siento aventurero incluso pop a href http dianam,1,alegria
apuesto a que te sientes realmente loco y herido,3,enojo
hoy me siento un poco escéptico,4,miedo
me siento satisfecho conmigo mismo cuando te veo orgulloso de mí,1,alegria
cuando tuve que volver de mi pueblo la navidad pasada,0,tristeza
me siento rebelde y necesito hacer algo para aliviar algo de la agitación en mi cuerpo.,3,enojo
"me siento tan mal y sé que están sufriendo, así que para mí quejarme del frío es una tontería, con mucho gusto les doy todo lo que pueda para ayudar a solucionar los problemas allí.",0,tristeza
me siento un poco más inadecuado en todos los aspectos y me rompe aún más,0,tristeza
también me siento irritable,3,enojo
me siento irritado de que él interrumpa mi tiempo de silencio o me despierte.,3,enojo
no puedo hacer nada que me deje sintiéndome indefenso,4,miedo
conozco a muchos concejales que no sienten que reciben una audiencia comprensiva de sus periódicos locales.,2,amor
"no siempre me siento tan elegante, pero eso es una historia para otro momento",1,alegria
me siento divertido al decir nada de esto porque el libro está vendiendo millones de copias cada semana y parece que soy la minoría en este mundo.,5,sorpresa
no me siento linda como en absoluto,1,alegria
me siento como una puta y me avergenzo de,0,tristeza
me sentía bien sería divertido conducir a dunstable y estar de pie en un campo durante una hora más o menos viendo a la gente tratar de conducir motores absurdos por las laderas de hierba thats trialling,1,alegria
"pondré mi mano sobre su cicatriz cubierta de pecho y sentiré que la mitad de un corazón late, oh, está allí latiendo y sentiré el dulce ritmo y le recordaré que no estamos solos.",2,amor
odio que me siento molesto por mi tamaño de teta,3,enojo
puedo sentirme bonita,1,alegria
me siento feliz de no estar contigo,1,alegria
me siento agradecido por todo,1,alegria
no creo que eso es lo que hacen mal porque siento que es realmente incómodo,0,tristeza
me siento un poco esperanzado acerca de las cosas,1,alegria
quiero tanto sentirme exitoso y no frenético que mi tiempo de preparación puede ser lo que toma mi propio tiempo para pintar mis propios proyectos.,1,alegria
"siento que nos dirigimos hacia un abismo que ha sido creado por los codiciosos, los demasiado codiciosos y los demasiado codiciosos.",3,enojo
"me siento destrozado de nuevo, me siento muerto por dentro, perdido, enojado conmigo mismo.",0,tristeza
"me siento tan desagradable allí, pero no por ella o gary solo siento que no debería volver a mudarme con ellos.",0,tristeza
me siento victimizada como si me robaran,0,tristeza
siento que no puedo hacer nada productivo mientras está en casa,1,alegria
podría sentir blake más bruscamente y me sentí un poco más delicada supongo que se podría decir,2,amor
siento que también hay una diferencia entre amar a alguien y estar enamorado de alguien.,2,amor
"fui a papás atrapados con alice mirado ídolo que era extremadamente mierda y aburrido no sé por qué lo veo, pero siento que necesito ser leal a él",2,amor
he luchado con sentirme inadecuado o mediocre en varias áreas de mi vida y sé que siempre lo haré.,0,tristeza
me siento bastante golpeado,0,tristeza
no soy un marginado que siempre siente un falso sentido de pertenencia,0,tristeza
me siento satisfecho con la forma en que me he instalado en mi nueva escuela y siento que ahora estoy en condiciones de tejer lentamente mi magia.,1,alegria
me siento muy linda y muy chica cuando me visto de esa manera,1,alegria
todavía me sentía valiente,1,alegria
ltimamente me siento fea,0,tristeza
siento que estoy siendo castigado por demasiados años irreflexivos de asumir que las trampas del éxito se ganaron y no se dieron.,0,tristeza
no escribo porque siento que tengo un poder de voluntad superior que me ha permitido abstenerme a lo largo de los años.,1,alegria
"podría haber seguido adelante, pero podía decir que se sentía realmente derrotada y necesitaba un amigo.",0,tristeza
tengo que dejar mi pelo solo ahora si me siento impaciente,3,enojo
me resulta difícil respirar y a veces me siento un poco conmocionado por los eventos del día,4,miedo
realmente me siento genial,1,alegria
"me siento bastante exitoso con eso, pero todavía hay algo en mí que dice que puedes hacer más.",1,alegria
"me sentiré tan feliz de ir a cantarme a dormir, cantarme a dormir, ya no quiero despertarme por mi cuenta",1,alegria
"siento que la mayoría de tus padres son republicanos, no voy a sobrecargar las historias con sentimientos o la necesidad de que la sociedad sea culpada por el resultado.",0,tristeza
"me importa, pero me siento poco importante porque tienen su mierda juntos lo suficiente para que no me necesitan más",0,tristeza
"me siento un poco frustrado conmigo mismo, ya que sé que no voy a salir de mis perros en el ring o en el entrenamiento si soy honesto en este momento debido a mí, pero voy a seguir haciendo los espectáculos restantes que he entrado hasta el final de julio, siempre y cuando todos estamos disfrutando de ella",3,enojo
"tengo el poder de hacer que otro haga lo que quiero, pero en realidad me siento amenazado y deseo controlar a esta otra persona, así que no soy un href https eqafe",4,miedo
completé la sensación vigorizada no sluggish su ffviii,1,alegria
supongo que hablé con suficientes personas para darnos cuenta de que todos nos sentimos intimidados por conocer a otros por primera vez.,4,miedo
id tengo que llegar a la clase para ocho baile durante una hora nueve llegar a casa diez si soy afortunado comer no puedo comer antes de una clase como el baile cuando lleno me hace sentir vil sentarse alrededor de digerir etc ish luego llegar a la cama y tratar de dormir antes de levantarse anormalmente temprano,3,enojo
quería sentirme seguro,1,alegria
me siento de esa manera me hace aún más enojado,3,enojo
siento que realmente necesito hacerle saber que todavía estoy pensando en ella y el cuidado de su intenso o no por qué no seguir llamando además hay sms y soy como cualquier comunicación de la relación es la clave para mantenerlo vivo mejores deseos,2,amor
"me gusta que su camiseta pueda lograr eso e inculcar una sensación de hacer que el cliente se sienta valorado como persona, pero tales comentarios deben ser sinceros.",1,alegria
"me veo bien y me siento bien, aparte de este frío de mierda con el que estoy lidiando",1,alegria
me iba a sentir inútil alrededor de la gente flaca mientras soy humilde,0,tristeza
siento que no estoy realmente seguro de dónde está todo lo que lleva y me vería como un boob si tergiversar las cosas,1,alegria
me siento un poco dudoso de mí mismo el último par de semanas,4,miedo
siento que tal vez tan pronto como lo agarré debería haberlo seguido y golpeado.,0,tristeza
"he estado pensando en qué es lo que me impulsa no solo con la moda tan pretenciosa como esto me hará sonar, estoy estudiando diseño de moda, así que siento que es vital entender lo que estoy tratando de hacer allí, sino en la vida como un todo.",1,alegria
"por fin duermo un poco, tengo los sueños más locos y extraños que me hacen sentir que no tengo ningún buen descanso de todos modos.",1,alegria
siento que al menos eso significaba que eran compasivos y se preocupaban por el mundo.,2,amor
siento que con la capacidad de un productor y un actor alguien como david sería mucho más aceptado cuando aparece en pantalla y muestra el boxeo bajo una luz diferente.,1,alegria
no me siento infeliz miserable triste triste triste forelorn o desconsolado,0,tristeza
a veces me siento inoportuna en el trabajo y creo que la gente podría estar hablando de mí.,0,tristeza
tengo que tratar de ajustarme a no exagerar y sentirme un poco inútil y frustrado con las limitaciones físicas.,0,tristeza
"estoy listo para llorar porque siento una presencia tan dulce del ruach hakodesh, el espíritu santo en mi habitación conmigo en este momento.",1,alegria
"ahora estoy sin aliento al final de un rally difícil, pero durante el rally me siento lo suficientemente bien como para permanecer en el punto",1,alegria
odio sentirme tan jodido todo el tiempo por esto,3,enojo
"me siento insultado como si él siente que ya no tiene que trabajar por mi dinero, puede sacar cualquier cosa que la gente compre y la radio encontrará algo para tocar solo porque es él.",3,enojo
espero que puedas sentir eso y te tomes el tiempo para sentirte tierna con tu vida por un momento.,2,amor
estaba casi en un estado de pánico porque siento que no confío en la gente en este momento.,1,alegria
estoy ocupado solo tomar el sol en esa fabulosa sensación abrumadora y cuando realmente no tengo nada que hacer solo vivo mi vida como un gato solo se preocuparía por dormir y comer,2,amor
ahora me siento comprometida y escéptica del valor de cada unidad de trabajo que pongo en,4,miedo
simplemente no puedo sacudir mi estado de ánimo y me siento más apático e inquieto que relajado,0,tristeza
finalmente lo hago bien me siento feliz presumido y aliviado de que un pedazo de trabajo está hecho,1,alegria
"tengo que decir que me está haciendo sentir muy sensible por dentro como una herida que tiene costras en la superficie, pero todavía está cruda y sin cicatrizar por debajo.",2,amor
recientemente aprendí que hay una diferencia muy leve entre empático y simpático en la definición empático ser capaz de sentir realmente la emoción y simpático ser la capacidad de entender la emoción y me di cuenta de que también hay una línea fina entre los dos en la escritura,2,amor
voy al trabajo cuando me siento mal solo me siento peor todo o nada pensando e,0,tristeza
me siento especialmente cariñoso y bendecido por r shannon y los otros amigos cercanos de la familia que hicieron que mi cumpleaños fuera muy especial.,2,amor
generalmente trato de no preocuparme por lo que otros piensan o sienten que estoy poniendo una cara valiente para su beneficio.,1,alegria
"siento que debería sentirme contento, pero no lo estoy.",1,alegria
me siento y oh cómo mi corazón se rompió,0,tristeza
estaba sintiendo esta extraña sensación de aislamiento que me habría arrastrado bastante mal si estuviera solo.,5,sorpresa
me siento un poco aprensivo sobre el examen de crim de mañana que tiene una pesada ponderación de pero no hasta el punto en que estoy sudando cubos o alcanzar las hojas de afeitar,4,miedo
siento más felicidad y soy más pacífico,1,alegria
"me sentía reacio a desprenderme de más dinero después de mi viaje a melbourne, elegí modificar mi copia existente de un href http www",4,miedo
le conté cómo me ha estado haciendo sentir insignificante y sin importancia.,0,tristeza
"quiero decir que ya lo hice, por supuesto, pero me siento más glamuroso desnudo ahora",1,alegria
demuestro que estoy equivocado aquí me siento feo porque no hice ningún intento de salir de mi ropa de dormir oh y mis cejas,0,tristeza
"me siento permanentemente destrozado, pero al mismo tiempo, si ella me invitara a salir de nuevo, lo arreglaría y lo haría de nuevo.",0,tristeza
me siento como una horrible mamá,0,tristeza
siento que no soy leal a mi novio a pesar de que no he actuado en mis sentimientos por este chico,2,amor
"ive tenía mi culo entregado a mí por murt y yo empezando a sentirse follada, pero solo un poco",3,enojo
"despierto es la incómoda sensación que tengo de que fui abusada mentalmente por mis propios pensamientos y no puedo recordar por la vida de mí, recordar por qué y luego cuando recuerdo por qué honestamente desearía no haberlo hecho.",0,tristeza
todavía me siento como si me hubiera golpeado un coche me alejé solo sacudido y no seriamente dañado,4,miedo
tuve la matrícula al día siguiente porque no me sentía bien n me sentí tan maldito sueño,1,alegria
siento pena por los álbumes como el nd ley y los seres vivos que tienen cuatro o cinco álbumes fantásticos para competir contra,0,tristeza
me siento inseguro e inseguro y temeroso,4,miedo
"leo me siento como ive acaba de disfrutar de un rico viaje a través de la historia de la solución del oeste americano, así como a través de la fe valores fortaleza trabajo duro y alegría tan fácilmente apreciado entonces y espero que ahora",1,alegria
odio la sensación de ser infeliz,0,tristeza
me niego a sentirme insegura acerca de cómo me veo más,4,miedo
no puedo imaginar la agonía que esas personas sienten esperando noticias sobre sus propias cosas sentimentales.,0,tristeza
comencé a sentirme patética y avergonzada,0,tristeza
me siento basura hoy tener un mal resfriado y la tos realmente no es ideal y la idea de tratar de salir del sofá fil,0,tristeza
"sé que no debería haber corrido con sus calcetines sucios en un palo como una bandera para que nuestros amigos vean, no importa cuán enojado o herido me sentía por la ropa sucia que me dejó.",0,tristeza
"me siento bastante paranoico y tratando de cubrir el efectivo y proteger mis pertenencias, definitivamente sentí que estaba haciendo algo que no debería estar haciendo, como lavado de dinero o algo así.",4,miedo
me siento angustiado,4,miedo
me despierto y abro los ojos siento un dolor en mi corazón que es cuando me doy cuenta,0,tristeza
creo que mi madre me dijo que se sienten amenazados donde viven.,4,miedo
lo hice aunque me afectó y me encontré simpatizando con los demonios como los llamaba la iglesia y sintiéndome más disgustado con las personas que se suponía que intentaban luchar contra ellos.,3,enojo
me siento muy contento esta semana,1,alegria
me siento como si hubiera falsificado todo,0,tristeza
empecé a sentirme un poco escéptico sobre esto.,4,miedo
dándose cuenta de que se había hablado de un amigo para que firmara un contrato determinado.,3,enojo
trato de compartir lo que hago con mucha gente es porque amo a la gente y quiero que se sientan amados.,2,amor
me siento bastante contento conmigo mismo esta noche porque lo hice.,1,alegria
me estaba sintiendo caliente así que la dejamos entrar,2,amor
me siento perra pero no derrotado todavía,3,enojo
"estoy seguro de que hace que todas las parejas que esperan se sientan de esta manera, pero nos fuimos sintiendo como si estuviera tirando por nosotros y ella estará tan emocionada cuando todo funcione.",1,alegria
me siento raro con solo su día perfecto de preocupación libre de comida chatarra perezosa y videojuegos,4,miedo
"siento que debería estar trabajando en activismo casual, pero eso construye algo que es potencialmente estresante para que no haya ninguna actualización mañana.",1,alegria
honestamente puedo decir que esta es una vez en mi vida en la que me siento legítimamente victimizada.,0,tristeza
"me encanta la navidad, así que he compilado una lista de cosas divertidas que suceden en el humo del ol para que te sientas festivo",1,alegria
"vi que tenía el último lugar en la gira y que iba a estar envolviendo todo el asunto, debo admitir que me sentí un poco intimidado.",4,miedo
compro libros sobre personas que siento que están igualmente jodidas como lo estoy o libros sobre enfoques zen para situaciones de mierda,3,enojo
escribo en mi blog aquí que quiero o voy a hacer algo me siento más presionado por falta de una palabra mejor para hacerlo,4,miedo
tengo un sentimiento abrumador de tristeza de que hay personas en este mundo que son tan odiosas.,3,enojo
pienso en hablar con un abogado y terminar esto me siento ansioso,4,miedo
me encanta la sensación de tener miedo,4,miedo
ni siquiera pensé que era el tipo de persona que podía sentir nostalgia.,0,tristeza
"he estado tratando desesperadamente de terminar mi conjunto de p de aprendizaje automático, pero ahora estoy lo suficientemente lejos como para que ya no esté en modo de pánico completo, siento que mi estado de ánimo está en un spinner.",1,alegria
aterricé en el aeropuerto reagan sintiéndome bastante bien,1,alegria
siento que es aceptable para mí poner poco esfuerzo en el post de hoy.,1,alegria
me siento muy honrado de ser nominado para este premio,1,alegria
"sin embargo, no siento que la pérdida de la vida del oficial nicholson fuera más trágica que la muerte de la joven madre cuyo asesinato inició todo este escenario en movimiento.",0,tristeza
yo aceptaría tu regalo sin sentirme loco,3,enojo
"me siento rechazado por él una y otra vez, lo cual es raro",0,tristeza
"siento una brisa fresca y creo que podría estar frío, pero luego me doy cuenta de que todavía está grados y húmedo afuera",1,alegria
"estaba saliendo con zach en un momento y había una chica por la que tengo sentimientos muy fuertes y zach dijo ok, voy a darte esta canción.",1,alegria
"trato de entrar al menos minutos al día cinco días a la semana, aunque se sabe que me salto un entrenamiento si me siento particularmente letárgico o perezoso.",0,tristeza
estaba durmiendo cuando escuché a los vecinos gritando,4,miedo
me siento privilegiado de haber narrado erik príncipes autobiografía guerreros civiles la historia interior de aguas negras y los héroes olvidados de la guerra contra el terror que se lanzará este lunes nov th,1,alegria
me siento físicamente golpeado y tan muy agotado,0,tristeza
me siento disgustado con él y conmigo mismo por haber estado con él y continuar siendo algo que quiere en su vida.,3,enojo
tiendo a sentirme demasiado empático y demasiado arrepentido y culpable incluso sobre la mierda de la que no soy parte.,0,tristeza
"me puse y estaba nervioso sintiéndome muy tímido y tímido, pero después de un tiempo estábamos hablando como si nos conociéramos toda la vida.",4,miedo
he estado sintiéndome como im en aguas temblorosas y he comenzado a cuestionar mi trabajo,4,miedo
"estoy tratando de deshacerse de ellos con la orientación de los médicos, por supuesto, pero si me pierdo un día me siento agitado por todo",4,miedo
"estoy viendo en facebook en este momento me hace sentir orgulloso y emocionado por sus padres y ellos, pero también triste de que los bebés y pequeños chorros que una vez fueron ahora se han ido para siempre.",1,alegria
me dirijo río arriba para explorar traer mi cuaderno para escribir los eventos del día y pronto encuentro agua corriente con algunas piscinas pequeñas lo suficientemente grandes como para desnudarse y arrojar un poco de agua sobre el cadáver ole que se siente encantador,2,amor
"puedo pensar que dejar de fumar no se basa en mis propias necesidades y deseos, pero las cicatrices de los demás hacen que otras personas se sientan incómodas. las lesiones personales hacen que los amigos sientan que no están ofreciendo suficiente apoyo.",4,miedo
me siento realmente esperanzado de que podría quedar embarazada pronto y realmente no puedo esperar a que llegue ese día,1,alegria
"ni siquiera estoy seguro de cómo formular mis pensamientos, ya que sólo lo puse abajo y me siento un poco abrumado",4,miedo
me siento complaciente con todo,1,alegria
mi novia que había pasado meses en el extranjero rompió nuestra relación por carta,0,tristeza
siento que estaba ansioso por ayudar,1,alegria
me siento como un odioso americano en la carrera increíble no descontando a la gente que no puede hablar inglés,3,enojo
me siento positivo al respecto,1,alegria
"un maestro era muy franco en su relación con un niño, por lo que el niño estaba muy molesto al llegar a casa.",3,enojo
"estoy empezando a sentirme más sociable de nuevo, en realidad tengo ganas de salir y ver amigos en lugar de llorar porque me siento como una bola de dolor retorcida.",1,alegria
me siento deprimida malhumorada y simplemente letárgica y cansada,0,tristeza
"entré en el caminante del amanecer sintiéndome bastante escéptico y salí con tres grandes libros, uno era un libro de tapa dura en japonés que recogí para mi madre por",4,miedo
me siento temeroso de cómo esta chica sensible no conflictiva prosperará como ejecutiva en el mundo corporativo.,4,miedo
simplemente me siento extremadamente estresado porque todo está sucediendo tan rápido que no puedo manejar mi cabeza alrededor de él,0,tristeza
siento que hoy pensarías que los hombres me habían golpeado.,0,tristeza
no trabajo su viernes y mis uñas rosadas y me siento especialmente juguetón así que jugaremos,1,alegria
"siento que no puedo ser leal, debería renunciar",2,amor
me siento caliente cuando camino al mercado en el sol,2,amor
tengo el derecho de sentir celos naman a pensar que no hay nosotros para empezar con,3,enojo
me siento un poco tonto ahora,0,tristeza
siento este extraño vínculo con mi cama y wardrode han estado usando ambos un poco más de una década,4,miedo
me siento un poco indeciso sobre lo que queremos hacer para celebrar nuestro aniversario.,4,miedo
"todavía puedo sentir la ira golpeando mis oídos, pero la certeza está empezando a gotear dejándome sacudido e inseguro.",4,miedo
quiero darte las gracias por hacerme sentir un poco más aceptado,1,alegria
"no sé si tengo la fuerza en mí para abordar esto de nuevo y, honestamente, se siente bastante abrumador en este momento.",1,alegria
no puedo empezar a imaginar cómo debe sentirse ser una persona maravillosa inteligente que está limitada de alguna manera debido a una discapacidad física.,1,alegria
im perezoso mis personajes caen en categorías de presumido y o blas personas y sus foils personas que se sienten incómodos por presumido y o blas personas,1,alegria
no quería dispararle lo siento por ser un caca de fiesta porque he sido un conferenciante antes y sé lo que se siente cuando las personas son hostiles a ti.,3,enojo
yo sostengo el arco que me hace sentir fresco,1,alegria
solo puedo sentir simpatía por ti si estás sufriendo,0,tristeza
he trabajado muy duro en la celebración de mi técnica cuando estaba cansado y me siento seguro de que está mejorando,1,alegria
no debo permitirme a mí mismo juzgar el carácter de los demás y o morar en los sentimientos de haber sido agraviado no sea que desarrolle serenidad robando resentimientos.,3,enojo
"estoy leyendo algo que los santos han escrito, siento una punzada de dulce dolor por el amor que tienen por nuestro señor.",2,amor
siento que prefiero tener lectores leales que seguidores que nunca miran mi blog.,2,amor
no puedo recordar en qué mezcla escuché esto primero y no recordarlo me está haciendo sentir todo irritable,3,enojo
"me siento despreocupado y espontáneo, siento que nada podría detenerme",1,alegria
canto como alguien que se siente satisfecho con una vida cómoda y una navidad cómoda que incluye la felicidad general sobre la eternidad.,1,alegria
realmente hago lo que tengo ganas de hacer sobre el tiempo que se enojan,3,enojo
me siento fuera de anhelo es en realidad ser sublime,2,amor
"siento que es valioso, pero todos aprenden y se comunican de manera diferente y descubrir cómo lo hace su pareja es tan importante en la longevidad de una relación.",1,alegria
"me siento muy enérgico para cocinar algo muy especial, decido preparar al menos un plato con posto y los otros días cuando simplemente no permanezco en el estado de ánimo de cocinar en absoluto, nuevamente busco posto",1,alegria
"en general, me abstengo de poner bandas de amigos aquí sobre todo porque me siento muy raro al respecto, pero joder",4,miedo
creo que los ricos nunca entenderán la crueldad del dinero.,1,alegria
creo que me estaba sintiendo tan emocionado hoy,1,alegria
me siento bendecido de que se me permita dar las cosas por sentado,1,alegria
me siento prácticamente virtuoso este mes no he excedido mi objetivo de sólo comprar cosas,1,alegria
invariablemente me siento muy optimista y centrado,1,alegria
me divierto en las profundidades de los mercados porque me siento curioso,5,sorpresa
me siento como shirley maclaine en esa película de chicas llorosas donde julia roberts está en tal dolor y su madre shirley exige drogas para ella,0,tristeza
estaba tan asustada de sentirme estúpida o poco inteligente o por qué me sentí como si no fuera lo suficientemente inteligente,0,tristeza
"definitivamente escribiré más sobre la transición a medida que la atraviese, pero en este momento me siento bastante positivo.",1,alegria
traté de construir capa tras capa de lápiz para obtener la definición y de nuevo me quedé sintiéndome insatisfecho.,3,enojo
"no me gusta cuando me siento devastado, entonces trato de ser conducido hacia cosas que son potencialmente más devastadoras solo para poder olvidarme de esa cosa que me ha devastado primero.",0,tristeza
me encanta este servicio porque es fácil de usar configurar el amplificador porque me siento como mediante el uso del servicio de apoyo a una pequeña empresa que todos sabemos que me encanta hacer,2,amor
me siento tan cool ahora como uno de los chicos cool en el barrio jaja,1,alegria
siento que mi pequeño artista rechazado viene a recordarme que no lo ignore de vez en cuando.,0,tristeza
"escribo y comparto mis sentimientos eventos familiares productos útiles buena comida viajes emocionantes esfuerzos de cocina, así como reflexiones ocasionales",1,alegria
me siento tan triste que en años posteriores,0,tristeza
me despierto marido de la vida real me siento melancolía hacia el día,0,tristeza
me siento un poco ansioso al respecto,4,miedo
"me sorprendió constantemente la construcción del mundo tal vez porque vino de la mano con el ritmo de agarre en los libros, siento que hay sus secciones dedicadas al personaje, sus secciones dedicadas a la construcción del mundo y pequeñas secciones específicas dedicadas a la trama.",2,amor
"siento que no debería molestar a la gente con estos pequeños y estúpidos pensamientos patéticos, siento que a nadie realmente le importaría saber lo que realmente sucede dentro de mi cabeza.",3,enojo
tomé la segunda prueba para mi prueba de psicología cognitiva y me siento mentalmente agotada,0,tristeza
"no he estado midiendo el consumo de alimentos casi suficiente agua rastreando cualquier condición física y, en general, me siento completamente sacudido y desenfocado porque no siento que mi base sea estable en este momento.",4,miedo
me desperté esta mañana sintiéndome en paz,1,alegria
probablemente me habría bajado en la mitad del camino cuando me sentía bastante baja física y mentalmente.,0,tristeza
yacía leyendo con el faro y sintiendo la tienda sacudida como por una mano gigante,4,miedo
me siento como una madre violenta,3,enojo
"siento que todos seremos más compasivos, amables y comprensivos con los humanos como resultado de este juicio.",2,amor
en realidad me siento optimista sobre mi espalda y mi futuro en movimiento.,1,alegria
"siento sentimientos románticos en mi alma y rogando a dios que me haga amarme, sentirme alma, quiero escuchar el latido del corazón de ti por mí si quieres, así que de lo contrario no soy nada sin ti.",2,amor
me siento tan jodidamente cachonda,2,amor
"me siento terrible escribiendo tan poco, pero no hay nada más sobre lo que informar.",0,tristeza
me siento el más romántico de todos es cuando finalmente termino mi blog,2,amor
comencé a sentirme desesperanzado en lo que respecta a mi salud,0,tristeza
solo he estado vagando por santa cruz y pensando que esta es la última vez en mucho tiempo que estoy viendo todas esas calles significativas plazas tiendas caf s donde he pasado tanto tiempo con mis amigos me hace sentir casi con el corazón roto,0,tristeza
me siento abrumado por la gracia de dios,4,miedo
"ni siquiera pensé en ponerme los zapatos, caminé sobre la nieve y pude sentir el calor del amor divino que emanaba de su espíritu.",1,alegria
siento que es algo que nunca se resolverá realmente.,1,alegria
me siento furioso,3,enojo
"me hubiera gustado haber parado y simplemente caminaba mi rodilla es ridículo y actúa de vez en cuando por lo general después de millas que comienza a sentirse sensible mientras se ejecuta, pero no puedo lidiar con él no biggie",2,amor
"de hecho, siento miedo de la gente aquí en este momento.",4,miedo
me siento tan vulnerable,4,miedo
tengo que admitir que me siento sacudido,4,miedo
no me siento demasiado sombrío o melancólico o algo así.,0,tristeza
"me había enfrentado a la soledad, la ansiedad y la sensación de nostalgia, comparando cada centavo gastado aquí y convirtiendo lo mismo en moneda india, sintiendo que he pasado mucho nervioso en los primeros días de nueva responsabilidad y por último, pero no menos importante, en el clima del reino unido.",0,tristeza
me siento culpable por no haber hecho ninguna entrada en el blog durante meses.,0,tristeza
me hizo tomar mi mente de sentirse tan podrido,0,tristeza
me siento tan idiota por dejarnos a ti y a mí llamarnos mejores amigos.,0,tristeza
casi no siento que tengan ningún factor sorpresa hasta que vi lo aturdido que estaba liv en todo el concepto.,5,sorpresa
me siento contento como lo hago ahora siento que tenía que poner este sentimiento en palabras,1,alegria
me quedo sintiendo como el bastardo codicioso y lo odio,3,enojo
siento que todo lo que hago cometeré un error y seré castigado,0,tristeza
también me siento un poco aliviado de que no lo tuvimos con él sobre el lenguaje racista.,1,alegria
no sé si me siento confundido,4,miedo
en realidad me siento más enérgico de lo habitual en lugar de agotado,1,alegria
me siento tan profundamente conmocionado y entristecido,5,sorpresa
"me atraen las bolsas neutras totalmente sólidas en negro y marrón en un vibrante rojo patente y tal vez si me siento peligroso un embrague metálico, pero eso suele ser lo más aventurero que me pongo con mis accesorios",3,enojo
"no me siento bien, así que espero que esta misión vaya rápido",1,alegria
me siento como en el apoyo y alentador cuando se trata de nuestra alimentación saludable y fitness,2,amor
escuché una canción en la radio ayer que me hizo sentir sorprendido por la letra,5,sorpresa
"le enseñé cómo puede verse y cómo podría hacer que se sintiera asustado, confundido, emocionado, nervioso.",4,miedo
a veces siento odio,3,enojo
espero que las sensibilidades de estas personas con sentimientos profundos no estén demasiado sacudidas con la exhibición del vestuario rosa.,4,miedo
esperaba que no se sintiera decepcionada si nadie llamaba,0,tristeza
"puedo imaginar cómo sería mi vida diaria sin apenas una posesión material a mi nombre y se siente tan pacífico, pero probablemente no eliminaré todo, así que ¿cómo encuentro el equilibrio correcto?",1,alegria
no debería sentirme tan aprensiva,4,miedo
no tengo sentimientos de descontento,0,tristeza
"sin embargo, siento un poco de envidia de las personas que tienen diferentes perfumes para diferentes estaciones.",3,enojo
puedo sentirlo venir y estoy decidido a verlo a través de,1,alegria
me siento molesto por esa chica,3,enojo
"me siento como que permite su culo podrido aún más, pero estoy en un total",0,tristeza
im sensación bastante fresco calma y recogido y sho nuff listo,1,alegria
"me siento un poco ingrato que me siento como salir ya una vez que tengo todo cuidado de lavandería embalaje algo de ropa de invierno, etc",0,tristeza
"me siento como si estuviera viviendo en una isla, ya que puse la deliciosa crema hidratante en una muestra que dura mucho tiempo y se usa dos veces al día y el resto de los productos son tan suaves pero limpiadores e hidratantes.",1,alegria
"he cruzado y estoy en una posición segura, pero todavía me siento de esta manera temeroso por lo desconocido tembloroso incierto",4,miedo
me sentía un poco nostálgico,2,amor
me caí de erik sintiéndome bastante descontento con la noche,0,tristeza
recuerdo cuando todo esto era todo se siente el lugar más generoso para las donaciones de caridad en el reino unido es andover thats la última vez que estoy cenando aquí en la cantina del personal de la planta nuclear,1,alegria
no sé cómo me siento acerca de mis amados equipos de draft,2,amor
me sentiría radiante con la confianza de que tanto el bebé como yo lo estábamos haciendo bien.,1,alegria
no puedo creer que me sienta tan petrificada,4,miedo
"no estoy seguro de si tiene algo que ver con que venus esté tan cerca, pero me he estado sintiendo tan deprimido.",0,tristeza
me siento el más popular en este momento,1,alegria
ni siquiera me siento particularmente leal a shell,2,amor
supongo que el hombre sabe cómo hacer que todos y cada uno de ellos se sientan especiales.,1,alegria
me siento traviesa solo siendo esta amiga de las niñas,2,amor
"hablé con el líder de la zona esta mañana que escuchó atentamente mientras explicaba lo que estaba sintiendo y luego me aseguró que todo lo que estaba sintiendo estaba bien y normal y que, de hecho, se supone que me siento de esta manera en este momento.",1,alegria
"tengo una sensación un poco cálida viniendo sobre mí y una extraña sensación de completitud como la sensación que tienes justo después, excepto que se combina con esos pensamientos de una aventura de una noche en la que te levantaste antes de que se fuera por la mañana.",4,miedo
siento que es la única cosa que he disfrutado de la gente de televisión tienen el tiempo para ser sorprendidos por los poderes de kenny y luego tienes tiempo para dejarlo ir y amarlo más tarde.,5,sorpresa
me gustaría dar la bienvenida a mi casa si termino sintiendo mi maternidad amenazada por mi incapacidad para amamantar a mi bebé.,4,miedo
dije que aquellos que se sienten infelices con la forma en que uhuru ha estado dirigiendo su gobierno deberían esperar las elecciones.,0,tristeza
"he gastado más de lo que esperaba cuando fui a los estados unidos el verano pasado, así que me siento agobiado de tener que trabajar para disminuir la carga financiera de mis padres.",0,tristeza
me dan la ventaja añadida de sentirse superior y saludable debido a todo lo que hemos estado escuchando últimamente acerca de un href http aplicaciones,1,alegria
im sensación de anhelo theres siempre un bocado tierno de una canción lista para apaciguar mi apetito,2,amor
"no quiero que ella mendigue a mis pies, pero un cómo estás courtney o un cómo su nuevo proyecto que viene courtney me daría alguna afirmación de que no me siento como una babosa sumisa",0,tristeza
me siento muy apasionado por ayudar a la gente,1,alegria
"me encanta la combinación de aroma de lavanda y naranja, pero no dude en sustituir cualquier otro aceite de fragancia o aceites esenciales que desee",1,alegria
espero que disfrutes y no te sientas ofendido,3,enojo
pienso en mi vida que hay una fuerte sensación de que soy una joven de piel tan inocente.,1,alegria
"ive último publicado no es que mi mente no ha sido inundado con temas que siento que necesitan ser entretenidos, pero más que hacer con la afluencia de sentimientos y opiniones sin claridad como la vida pasó",1,alegria
no voy a responder no estoy tratando de atrapar a nadie o hacer que se sienta agobiado o amenazado por su opinión,0,tristeza
siempre he sido capaz de producir trabajo a pesar de un trabajo de día y que sospecho que las presiones profesionales podrían añadir a una sensación de fomento artístico que tomaría bastante un poco para sacarme de la silla de montar,1,alegria
me siento emocionado y nervioso preocuparse por todos los pequeños detalles y la esperanza de que nuestro primer día va bien,1,alegria
me sentía infeliz y dije que no,0,tristeza
noté hace varios meses que me sentiría resentido mientras caminaba hacia un cruce de peatones con la intención de cruzar la carretera.,3,enojo
me siento inadecuado y me cierro y me siento cruzado con el mundo,0,tristeza
creo que los medios en general no me retratan como alguien que tiene sentimientos o que es comprensivo.,2,amor
podía sentir su sonrisa triunfante a mi espalda,1,alegria
me di cuenta de que cuando dejo correr mi mente y empiezo a sentirme inquieta tengo el deseo de fumar.,4,miedo
me he sentido tan amada y tengo tanto amor por las personas en mi vida que me siento contenta con donde estoy en este momento.,1,alegria
siento que artistas tan talentosos como williams se convierten en parte de nuestras vidas.,1,alegria
"me siento impaciente, pero no estoy completamente seguro de lo que estoy buscando",3,enojo
solía sentir tristeza por tener buenos recuerdos de la formación y las amistades en las parroquias tec,2,amor
"casi me duermo, pero me siento tan incómoda durmiendo a su lado",0,tristeza
me siento un poco extraño publicando estas hermosas fotos,4,miedo
siento esta necesidad de actualizar porque renuncié a mi hora de trabajo haciendo café para la gente un día por mí mismo.,0,tristeza
"seguí mirando su flor temblorosa sintiendo que era como una flor violenta en la fotografía de lapso de tiempo, una flor temblando de crecimiento vigoroso mientras se aceleraba hacia el cielo parpadeante que anunciaba el final de nuestra relación incluso antes de que comenzara.",3,enojo
siento dentro porque la vida es como un juego a veces entonces usted vino alrededor de mí las paredes apenas desaparecieron nada para rodearme y guardarme de mis miedos im desprotegido vea cómo ive abierto oh usted me ha hecho confianza causa ive nunca sentí como esto antes im desnudo alrededor de usted hace él muestra,0,tristeza
sé lo que se siente al enfrentarme a clientes furiosos,3,enojo
"debería haber dejado de sentir envidia, ella tiene su propia vida, lo sabía, pero todavía es tan difícil.",3,enojo
siento que merezco deprimirme,0,tristeza
"siento que eso está casi bien, ya que ningún partido político en el reino unido parece llegar a los votantes jóvenes.",1,alegria
me he sentido generalmente descorazonado por mi continuamente cayendo tots puntuación a pesar del hecho de que mis estadísticas están mejorando tanto,0,tristeza
tengo la sensación de que im valorado tienen potencial y soy muy bienvenido,1,alegria
me siento culpable por no haber escrito un hermoso post poético expresando lo agradecido que estoy.,0,tristeza
me siento cojo acerca de mi progreso es mirar mis fotos que ive tomado,0,tristeza
anhelaba ese sentimiento que una vez conocí el sentimiento que atesoré una vez y olvidé debido al dolor.,2,amor
"permití que la gente esta noche me hiciera sentir como si fuera mucho menos superior a ellos porque me sentía menos atractivo, menos popular y menos capaz de ser parte de una comunidad.",1,alegria
"soy paranoico, soy muy consciente de las tácticas del gobierno y si las ponen en los libros, quieren usarlas.",4,miedo
"me alejé de ella, me quedé sintiéndome un poco de mierda sobre mi vida, ella es una de esas mujeres que sutilmente te bajará, bajará a tus hijos demasiado, dada la mitad de la oportunidad.",0,tristeza
siento que te avergenzas de ser visto conmigo en público porque soy más grande que tú.,0,tristeza
me siento avergonzado como si no debería estar disfrutando de esto y ciertamente no debería tener sexo besándose es lo suficientemente lejos,0,tristeza
estaba tan lleno y los grandes sabores me ayudaron a evitar que me sintiera privado,0,tristeza
me siento un poco solo en este momento a pesar de que acabo de hablar con jack sarah y muchos de mis otros amigos,0,tristeza
siento que necesito alguna dirección divina para seguir adelante con las cosas que dios me ha llamado a hacer.,1,alegria
"tengo la sensación de que algún día estaré tan contento con lo que está sucediendo en mi vida, incluso si solo es por unos segundos.",1,alegria
estaba cansado de sentirme sin amor y roto y pensé que tal vez esa era la salida.,0,tristeza
"me desperté sintiéndome bastante enérgico, así que eso es positivo de todos modos.",1,alegria
me siento maravillosa shayla admitió,1,alegria
"puedo estar empezando a sentirme paranoico o tal vez inseguro, pero soy solo un simple ser humano que anhela ser amado para ser cuidado y ser notado.",4,miedo
me fui sintiéndome completamente vigorizado y listo para enfrentar un nuevo año de desafíos artesanales tan grandes que felicitamos a los maravillosos organizadores de hola craft por una cumbre realmente impresionante.,1,alegria
siento que si entreno inteligentemente y lo tomo con calma volveré a mi antiguo yo en poco tiempo,1,alegria
no siento que estén siendo groseros o descarados,3,enojo
siempre siento que debería lucir linda cuando voto,1,alegria
"bloqueo el mío con una larga cuerda de salvamento y lazo a un taco o apilamiento y tomo mi línea de gas y si me siento especialmente paranoico, la bujía también cubre el agujero con cinta adhesiva.",4,miedo
me siento como yo haciendo una clase de yoga caliente sin beneficios,2,amor
me siento agraviado por ti una y otra vez,3,enojo
realmente extraño la sensación de amar a alguien profundamente y tener a alguien que te ame de vuelta.,2,amor
tengo la oportunidad de perseguir cosas que despiertan mi curiosidad y me hacen sentir útil.,1,alegria
los hago sentir valorados e incluidos incluso cuando no nos vemos a menudo que es uno de mis superpoderes.,1,alegria
"no me gusta lo de coldstone es que siento que todo lo que consigo es demasiado dulce, pero creo que las elecciones hacen un buen trabajo al hacer creaciones deliciosas sin darte esa sobrecarga cremosa.",2,amor
me siento agobiado y culpable por el peso de una decisión que salió mal,0,tristeza
no quiero sentirme resignado a la vida típicamente estadounidense y sé que muchos otros tampoco están contentos con eso.,0,tristeza
me siento inseguro acerca de todo,4,miedo
fui a él personalmente y comencé a hablar sobre la forma en que me siento y por qué lo rompí con él.,0,tristeza
me siento tan codicioso que todo lo que me importa es a mí mismo,3,enojo
me siento agradecida de ser lo suficientemente fuerte y valiente como para haber dado los pasos para cambiar mi vida.,1,alegria
"puedo ver cambios en mis piernas que han adelgazado un poco, pero me siento un poco desanimado de que no es tan visible",0,tristeza
"soy el seguidor en solitario en este momento, pero tengo la sensación de que habrá algunas cosas geniales allí en muy poco tiempo.",1,alegria
"odio seriamente a un sujeto a la muerte, pero ahora me siento reacio a dejarlo caer.",4,miedo
no estaba acostumbrado a estar cerca de tal grandeza y me encontré sintiéndome muy intimidado.,4,miedo
me siento y estoy irritado por ello,3,enojo
me siento tan amigable con el medio ambiente,1,alegria
"me disgusta mucho sentirme estúpido, que es un sentimiento que me surge al menos una vez al día y, a menudo, con más frecuencia que eso.",0,tristeza
"puedo insistir e insistir en que soy una madre, pero me siento como una muy podrida",0,tristeza
supe entonces lo que era sentirse desconsolado,0,tristeza
siento que me castigan por tenerlos también,0,tristeza
he estado sintiéndome engañado y abusado por los prestamistas,0,tristeza
tiendo a errar en el lado de la justicia de las cosas y por lo tanto en los últimos años siento que ive se hartó mucho más y no está dispuesto a dejar que dios trate con la gente como él ve.,0,tristeza
"no tuve una respuesta inmediata, aunque en retrospectiva siento que podría haber dicho tantas cosas para convencerla de ser gentil con el pony de amor y montarla de manera agradable y fácil.",2,amor
todavía me siento terrible a pesar de que ive tuvo algunos días buenos,0,tristeza
"sentí que lo manejé bien, pero la clase realmente comenzó a sentir que en lugar de preocuparse por el tema se estaba convirtiendo en una pelea por mi grado.",2,amor
fui mordido por un perro,4,miedo
los dos primeros días me había sentido extremadamente nostálgico.,0,tristeza
"no siento alegría ni orgullo, no hay nada que admirar en ese logro vil.",2,amor
logré un objetivo atlético específico en lo que siento que es una forma bastante buena,1,alegria
siempre me siento sucio y usado,0,tristeza
dejé de sentirme tan agotada un href http provotingbeauty,0,tristeza
me siento como si estuviera ahora en una edad en la que no es tan socialmente aceptable para colgar con los chicos jaja y tengo que obligarme a mí mismo para hacer conversación con sus novias esposas,1,alegria
"ya estaba nervioso por este partido, pero para cuando llegué allí simplemente me sentía feliz de estar vivo después de un viaje traicionero a través del mal tiempo.",1,alegria
"me siento como el tío extraño de alguien tratando de romper el hielo en una fiesta mostrando este increíble talento pensando que los huéspedes se impresionarán, pero a su vez solo hizo todo cien veces más incómodo.",4,miedo
me siento muy extraño hoy,4,miedo
"sé que la próxima vez que me sienta necesitada y quiera algo, no importa cuán mezquino lo voy a decir.",0,tristeza
tengo esa sensación de que mi vida ha sido un desperdicio miserable sucede cada vez menos a medida que envejezco por cierto mal mirar esta página de lista de reproducción de comentarios y recordar,0,tristeza
"no estoy seguro de que tengan razón para sentirse triunfantes, pero ciertamente obtuvieron mucha comodidad por la forma en que fueron las discusiones.",1,alegria
entré allí sintiéndome un poco hostil porque sentía que realmente no se preocupaban por mí.,3,enojo
tengo la sensación de que podría haber ofendido a uno de los idiotas sentado en el cubículo de censura de la fatalidad.,3,enojo
"me siento como un salvaje cuando como carne, pero me hubiera comido mi propia mano si no pudiera tener algo de ese pavo.",3,enojo
me siento totalmente despreocupado con ellos alrededor,1,alegria
me siento escéptico acerca de las relaciones entre los demás cuando parecen tan sinceras acerca de las emociones.,4,miedo
me preocupa que pueda sentirse presionado u obligado que no era mi intención y soy sensible a su situación,4,miedo
me siento un poco aturdido en realidad,5,sorpresa
lo cepillo a un lado o lo coloco detrás de mi oreja solo para sentir algunas hebras rebeldes escapar y hacer cosquillas en mis mejillas y mis labios me doy cuenta de que no soy el que está en control,3,enojo
"busqué largo y tendido una mala crítica diciéndome que no debería comprar algo sobre lo que me siento tan aprensivo, pero solo encontré que la gente amaba y juraba por mí.",4,miedo
"visité finlandia hace un par de semanas y, aunque fue maravilloso y extremadamente refrescante estar de vuelta en mi ciudad natal por primera vez en cuatro semanas después de pasar solo unos días allí, comencé a sentir un poco de nostalgia por tallinn.",0,tristeza
también me siento más enérgico y capaz de seguir adelante durante una mejor parte del día.,1,alegria
siento la presencia cercana y vivaz del pasado bien amado,1,alegria
siempre le digo a la gente mi armadura brd apesta ya que siento totalmente que lo hace así que me sorprendió ver algo de la basura algunos brds desgaste,5,sorpresa
crake de tierra,4,miedo
"tengo la sensación de que puedes pensar que esto es una atracción de su parte, siempre y cuando seas fiel a tu esposo y amigo, no debería haber problemas.",2,amor
me siento grosero si no me detengo,3,enojo
"todavía no sé qué hacer con todo, pero de alguna manera me siento aún más seguro de que lo que enseño funciona",1,alegria
me siento virtuoso porque caminé hacia y desde la biblioteca que está a casi una milla de distancia y la temperatura era,1,alegria
"señalo estas cosas para dejar claro que entré en esta película con las mejores intenciones, pero me fui sintiéndome irritado, confundido y desgastado.",3,enojo
caminé alrededor de mi patio e incluso me bajé por la orilla del lago que vivo por no podía sentir mis dedos que era tan frío,3,enojo
me siento tan enojado me siento tan insensible tan perdido confundido de nuevo me siento tan barato tan usado infiel let s empezar de nuevo let s empezar de nuevo let s empezar de nuevo,3,enojo
"sé que ha pasado un tiempo desde que publiqué, pero entre sentirse mal todo el tiempo y ser simplemente perezoso ni siquiera he subido a la computadora",0,tristeza
me di cuenta de lo enferma que estaba de trabajar y sentirme y estar sola.,0,tristeza
supongo que debería sentirme agradecido por eso.,1,alegria
me siento valiente lo intentaré,1,alegria
me siento muy vulnerable y expuesta también cuando estaba en la escuela nunca pensé que así era como mi vida iba a ser.,4,miedo
me siento feo y triste y solo quiero dejar de compararme,0,tristeza
no pido ni merezco sentir miedo cuando cualquier kook me pone en peligro por cualquier razón.,4,miedo
me siento vacilante alrededor de él,4,miedo
me siento inseguro sobre cualquier cosa que podamos tener un diálogo abierto al respecto.,4,miedo
"confío en mis hijos, sin embargo, me siento lo suficientemente indefenso aquí por tantas cosas y estoy molesto por la falta de respeto por las pocas pequeñas cosas que les pedí que no hicieran.",4,miedo
"me estaba sintiendo irritable y gruñón hoy, así que volví a casa para el almuerzo tomó una siesta",3,enojo
me sentía muy generoso salvaje y loco y nos fuimos a través de la unidad a través de bistec y batido,2,amor
"dejé de escribir porque la gente dejó de notarme, sentí que me ignoraron, así que por qué escribir, pero ahora siento que escribo para mí mismo, no para la gente, ¿por qué debería querer ser notable?",0,tristeza
ya no soy un chiuv que es un hombre con la obligación de decir kadish y daven de las oraciones de plomo amud me siento más relajado,1,alegria
voy a ser honesto contigo me siento angustiado,4,miedo
me siento como si estuviera seguro de ello,1,alegria
me siento patético y la desolación está más allá del consuelo,0,tristeza
"me desperté a cuatro millas de distancia con hambre como el infierno, pero de alguna manera me sentí extrañamente satisfecho.",1,alegria
"tengo un cambio en la medicación y me siento productivo últimamente, así que vamos a ver cómo va esto.",1,alegria
"no espero que reilly los ensucie y ya que no tenemos gatos, me siento bastante seguro dejándolos en su lugar.",1,alegria
también odiaría que sintieras que era egoísta en mi decisión.,3,enojo
me gustaría poder ayudar a tomar el dolor y la angustia que estas familias deben estar sintiendo niños inocentes asesinados mientras están en la escuela donde deberían estar a salvo.,1,alegria
"aprendí que me siento solo en las fiestas, me gusta planificarlas, sin embargo, si no rellenas tus sentimientos con comida o licor o compras, puedes hacerlo.",0,tristeza
me estaba sintiendo un poco tembloroso y lo llamé un día en la pequeña bicicleta,4,miedo
me siento asaltado el nuevo chico lloriqueó,4,miedo
siento tal apego a cindy su dulce familia y atticus,1,alegria
soy horrible sobre articular mis sentimientos particularmente verbalmente a veces ni siquiera puedo recordar incidentes solo que estaba enojado con algo,3,enojo
"veo algunos de los valores y las ideas en el estilo de programación funcional, pero de alguna manera me siento realmente reacio a cambiar mis entornos de programación java y python con bibliotecas probadas y probadas a las emergentes en el dominio haskell.",4,miedo
todavía puedo sentir todos mis músculos doloridos,0,tristeza
"solo quiero advertirte que me siento bastante delicado en este momento, así que no esperes demasiado de mí.",2,amor
me sentía un poco más resentido por lo que parecía ser una mala planificación por parte de los organizadores.,3,enojo
"todavía tengo mucho camino por recorrer, pero estoy mucho más cerca de la línea de meta que de la línea de salida y eso se siente increíble.",1,alegria
siento un poco más de energía amorosa dentro conectándome contigo,2,amor
casi me siento dañado de alguna manera,0,tristeza
"siento su deseo de ser tocada y todo eso, pero realmente con el tipo que quería controlarte y hacerte matar a otras personas.",2,amor
cuando me rompí la pierna sentí miedo,4,miedo
estaba hojeando mi anuario de quinto grado sintiendo esa sensación de nostalgia que cualquiera sentiría si estuviera mirando a su inocente aunque de un año de edad.,1,alegria
me siento bastante impaciente con estos arco iris estallando en mis venas,3,enojo
todavía me siento tan solo que no puedo darte nada para que lo llames tuyo y puedo sentir que respiras y me mantienes despierto.,0,tristeza
me siento aún más decidido a educar sobre los exámenes de mama y para obtener sus chequeos anuales que pueden y salvarán su vida.,1,alegria
"tenía grandes planes de hornear a través de mis dos días libres, pero en su mayoría terminé acurrucado en el sofá haciendo pucheros sobre no sentirse bien.",1,alegria
recuerdo sentirme igual de aturdido y rodado cuando los gemelos llegaron a casa y eso fue con la orina y la caca todo bien atado en pañales,5,sorpresa
me siento completa y completamente amado bien la mayoría de los días,2,amor
"podría comparar a john fullbright con mucha gente para tratar de darle algunos puntos de referencia, pero siento que eso le hace un flaco favor tan pronto como piensas que oh es como llenar el espacio en blanco de repente no es",0,tristeza
"me gusta pensar que puedo manejar mucho, pero cuando siento que mi taza corre sobre me pongo irritable",3,enojo
me siento mucho más a mí mismo de nuevo ahora y me gustaría dar las gracias a todos por la encantadora obtener bien desea que sus comentarios siempre significan mucho para mí,2,amor
firmé la petición y saber que se servirá en los próximos días me ha dejado sintiéndome vulnerable ya que no estoy seguro de su reacción.,4,miedo
me imaginé que tengo que bloguear sobre lo que me apasiona o no estoy haciendo justicia a mí mismo o a este blog.,2,amor
me siento absolutamente espléndida en este momento,1,alegria
no debería sentirme amenazada por eso.,4,miedo
me siento raro en las compañías de aquellos que aprueban y desaprueban los matrimonios punto com,5,sorpresa
"no sé cómo funciona, pero pedir ayuda divina ciertamente nos hace sentir más agraciados incluso cuando nuestra situación sigue siendo la misma.",1,alegria
todavía me siento muy arrepentido por dejar,0,tristeza
también me encanta ver una estrella emerger y siento que en unos años todo el mundo va a saber y puedo ser una de esas personas que dice cosas desagradables como bah,3,enojo
creo que puede ser vital para la ficción en sí,1,alegria
"me sentía lo suficientemente resentida como para querer escribir sobre ello aquí, lo que significa que necesito trabajar en la apariencia para que mis hackles se levanten cuando otros me juzguen.",3,enojo
puedo notar que te sientes agravado o alegre o lo que sea que estás sintiendo,3,enojo
me siento extático cada vez que perfecciono un deporte acuático,1,alegria
siento que soy tan curioso como cuando era un niño,5,sorpresa
compraría algo de un batido tropical y comería la mitad y luego me sentiría como si estuviera disgustada de tomar un sorbo o un bocado extra.,3,enojo
estaba enojado y me sentía tan desilusionado,0,tristeza
"estoy seguro de que hay algunos chicos que quieren algunas fotos traviesas y una sensación de cariño y se dan cuenta de que si desembolsan algo de dinero por ello, entonces pueden conseguirlo.",2,amor
siento que me siento fantástico,1,alegria
"espero sentir un chorro de aire fresco, pero sin suerte",1,alegria
me siento extático a pesar de estar cansado,1,alegria
a veces me siento más alegre después de haber leído las escrituras u orado después de haber hecho esas cosas que mientras estoy haciendo esas cosas.,1,alegria
debería estar triste por todas estas cosas molestas sintiéndome ingrato,0,tristeza
me siento totalmente agotada y cansada,0,tristeza
"me siento agradecido por el cálido sol, el aire fresco del otoño y los colores brillantes del otoño",1,alegria
me siento mal por la criatura,0,tristeza
me sentía un poco desanimado hasta que uno de nuestros instructores de cinturón negro en el dojo richard y me preguntó por qué dejar que alguien más establezca su destino.,0,tristeza
ya no me siento tonto,0,tristeza
voy a empezar a sentir rencor,3,enojo
me siento asaltado cuando escucho el anuncio de radio,4,miedo
"me doy cuenta de que aunque originalmente comencé este blog para un propósito específico, realmente ha crecido más allá de eso y no debería sentirme presionado para escribir sobre cosas específicas.",4,miedo
puedo sentir la poesía emo torturada que viene ya,3,enojo
también podría escribir un poco sobre ciencia si me siento particularmente enérgico.,1,alegria
"te hice sentir sin importancia, pero nunca te detuviste a pensar cómo tus acciones y palabras me estaban afectando.",0,tristeza
me siento triste por ti y por mí porque sé lo mucho que echaremos de menos a todo el clan powell.,0,tristeza
escuchando a mi compañera de cuarto jactarse de su nueva ropa,3,enojo
comencé a sentir contracciones muy suaves con minutos de diferencia,2,amor
me siento un poco desanimado ya que me doy cuenta de que va a ser imposible para mí cumplir con mi meta de millas este año,0,tristeza
me siento mal por faltar a la escuela,0,tristeza
"sé que se supone que esto es divertido, pero no puedo evitar sentir lástima por el pobre hombre.",0,tristeza
me siento agradecido de que hay tantas personas que se preocupan por el arte y quieren hacer cosas.,1,alegria
me siento resignado a mi suerte en la vida siendo que veo a todos los demás convertirse en padres.,0,tristeza
me sentía un poco nostálgico y decidí ver un clásico protagonizado por bruce willis en la vieja película titulada monos.,2,amor
"me siento demasiado abrumado, no puedo ver el bosque por los árboles como dice el dicho.",4,miedo
"siento la necesidad de estar fuera de la casa y hacer algo que valga la pena y sea productivo, pero también tengo un gran deseo de acurrucarme en mi habitación y ocultar mi existencia del mundo.",1,alegria
"creo que tienes que arrepentirte de verdad sentir remordimiento de que tienes estos sentimientos, incluso si sientes que no puedes controlarlos.",0,tristeza
me siento extraña siendo agradecida cuando cosas tan horribles en los otros lados de los océanos que rodean ese país suceden a diario.,4,miedo
me siento culpable de que murió fuera de mi ventana mientras dormía y no hice nada para ayudarlo.,0,tristeza
"de hecho, me siento un poco reacio a decirte demasiado al respecto.",4,miedo
parece que siento algo de cariño por este curioso anciano.,5,sorpresa
estoy constantemente en tumblr siéntase libre de seguir mi blog de poesía desenfrenada,1,alegria
solo necesito expresar mis sentimientos ignorando esto si te ofendí,3,enojo
"recuerdo sentirme muy muy violenta y muy disgustada, el ganador del oscar le dice a acceso a hollywood.",3,enojo
todavía me siento feliz descansando en paz y que nada nada puede detenerme.,1,alegria
me siento gracioso diciéndote sobre mi cambio de nombre de todos modos gracias por todo,5,sorpresa
conozco a otros músicos que se sienten castigados por haberse ido.,0,tristeza
nunca me di cuenta de lo horrible que mi madre se ha estado sintiendo por su falta de energía e independencia hasta que tuve esta operación y he estado tan débil y cansada.,4,miedo
siento el sobre divino me cuando veo literalmente a cientos de fieles en la misa en la fila para la eucaristía cientos de personas que incluyen profesores banqueros sin hogar estudiantes ricos pobres enfermos mentales conservadores sanos liberales gay heterosexual dulce grosero arrogante tipo,1,alegria
me siento increíblemente sarcástico en este momento,3,enojo
tengo ganas de hacerles estallar en la cara con mi puño porque son desagradables,3,enojo
me siento bastante inseguro sobre la mayoría de las cosas en este momento,4,miedo
"me siento rebelde hoy, así que voy a dejar esto como una advertencia para mí mismo sobre lo radical que puedo ser.",3,enojo
he llegado a un punto en mi vida en el que siento que tener una pareja romántica es innecesario.,2,amor
"me molesta que la gente me avergence y me diga cómo sentir una alternativa más productiva, dame los hechos y déjame pensar por mí mismo.",1,alegria
me siento encantado cuando hago buena comida,1,alegria
puedo sentirlo patear y moverse y saber que estará bien,1,alegria
he estado sintiéndome inquieto por dentro y no entiendo por qué,4,miedo
no siento que soy hostil hacia los demás solo que no puedo ser amable con ellos,3,enojo
me siento menos odioso del fandom,3,enojo
me siento tan bendecida tan feliz,1,alegria
me sentía impotente ya que no podía explicárselo.,0,tristeza
me siento vacilante e incierto a veces,4,miedo
me siento más miserable,0,tristeza
siento a mi padre en el cielo y a tu mamá por tu dulce vida,2,amor
"no me sentía bien en absoluto, así que tuve que tomarme unos días libres del trabajo, muchos gérmenes de invierno dando vueltas y estar en una oficina con aire acondicionado probablemente no ayuda.",1,alegria
me siento enojado,3,enojo
yo era tan terco y que te tomó conseguir herido para mí admitir incluso a mí mismo cómo me siento no he sido muy considerado de usted en ese sentido,2,amor
soy otra razón por la que los turistas extranjeros se sienten reacios a conducir en esta isla,4,miedo
puedo embotellar esta sensación como una estrategia de pérdida de peso id ser rico,1,alegria
lo detesto como un jugador dijo molyneux añadiendo que sólo me hace sentir insultado,3,enojo
"me he estado convirtiendo en lo que definitivamente quiero incluir en mi renovada definición de fuerza, mi impulso de nutrir mi sentido de resonancia con los sentimientos de los demás como una cuerda simpática de la manera en que he sido capaz de dejar entrar en la vida como un ser emocional.",2,amor
me siento así sobre la cultura popular,1,alegria
yo viajo porque me hace sentir tranquilo y vivo,1,alegria
siento que fui dañado por la religión gt gt gt y no dejaré que eso le suceda a ningún hijo mío.,0,tristeza
"me siento más resuelto y menos como fumar mis pulmones hoy en día, obviamente no estoy muy contento conmigo.",1,alegria
me siento consternado por ellos,0,tristeza
"realmente no quería morir, pero quería salir del dolor que estaba experimentando y que estaba permitiendo que otros experimentaran mirándome y sintiéndome impotente para hacer algo al respecto.",0,tristeza
solo tengo que cerrar los ojos y sentir ese dulce dolor suave y sé,1,alegria
"mi compañero de clase consiguió una b para su tarea, mientras que yo solo obtuve una c cuando obtuvimos los resultados, actuó como si no mereciera este grado, me pareció que su humildad era hipócrita y me pareció repugnante.",3,enojo
tutorial de nuevo una sensación de miedo vino a mí cuando me senté en la silla y miré a mis compañeros de clase todo lo que estaba realmente asustado de que me haría algunas preguntas o desafiar las ideas que había presentado,4,miedo
me siento tan inseguro,4,miedo
"soy cristiano y aprecio los puntos, pero siento que sería rechazado por aquellos que no creen.",0,tristeza
"me siento muy aislada de mi familia, así que es muy importante para mí conocer gente.",0,tristeza
me siento como si estuviera un poco cabreado conmigo,3,enojo
"siento que hay demasiado tiempo y energía dedicados a salvar a las ballenas, las focas bebé y los grandes búhos con cuernos.",2,amor
estoy agradecido por sentirme útil,1,alegria
tuve la sensación de que estaba condenado cuando descubrí que me gustaba hacer pruebas de papanicolaou en medicina familiar.,0,tristeza
"me gustaría que fuera una sensación más reconfortante, pero en cambio se siente extraño como vivir los recuerdos de otra persona o tal vez haber despertado de un largo sueño o un largo sueño años y descubrir que los árboles a tu alrededor han crecido más alto",5,sorpresa
simplemente siento que soy sarcástico y mezquino y todo porque el papel de la historia es overrrrrrrrrrrrrrr,3,enojo
id se siente nostálgico sobre gillard horas atrás,2,amor
a menudo me siento resentido por cualquier cosa que parezca buena.,3,enojo
ya estoy sintiendo nostalgia por un país que no es mío,0,tristeza
"siento que si estás aprendiendo sobre tu propósito y el funcionamiento de este universo y continúas evolucionando y trascendiendo, serás productivo y así a lo largo del viaje.",1,alegria
siento que le debo a mis admiradores una entrada lj de vez en cuando,2,amor
comparo tu belleza me siento inseguro por dónde empezar con los ángeles o la naturaleza o lo que,4,miedo
"no estoy muy emocionado por ninguna de esas paradas, pero eso es algo bueno porque no me sentiré presionado para ir a ver y hacer todo lo que hay que hacer y espero poder relajarme y concentrarme en hacerlo divertido para los niños, lo que por extensión lo hace divertido para mí.",4,miedo
me siento reacio a decirles la verdad acerca de salir de la casa para conseguir el juguete,4,miedo
me siento aliviado de que un grupo de rescate haya llegado.,1,alegria
me siento un poco delicada,2,amor
me siento especialmente preocupado por el hecho de que estos israelíes constituyen el sector de la sociedad más inclinado a llegar a un acuerdo con los palestinos.,0,tristeza
me siento bastante apático y aburrido hoy ligeramente dolor de cabeza y buenas posibilidades de blaness durante todo el día,0,tristeza
siento que eres tan delicado ahora,2,amor
me siento engañado y en otro me siento avergonzado de haber perdido un defecto tan evidente,0,tristeza
me siento muy cachonda cuando las uso abrazan mis bolas c k muy bien,2,amor
"me siento aislado con esta infección ya que no le he dicho a ninguno de mis amigos solo mi hermana y mi madre que no viven cerca de mí, por lo tanto, siento que no tengo a nadie con quien hablar.",0,tristeza
"casi siempre siento el interior de mi neumático, pero en mi estado apresurado no pude hacer este paso importante.",3,enojo
siento la necesidad de decir que estaba muy sorprendido con la calidad de la presentación y los recursos que mack michaels plantea,5,sorpresa
"siento que no hay manera de determinar si una máquina posee conciencia y, por lo tanto, si es inteligente.",1,alegria
sólo puedo recordar que cuando me siento ingrato que sería genial,0,tristeza
lo hice para cuando me sentía cariñoso,2,amor
siento que la gente no puede apreciarme que cualquier cumplido hacia mí no puede ser sincero o que no merezco cumplidos en primer lugar.,1,alegria
me he estado sintiendo tan poco importante,0,tristeza
yo vivo en filadelfia pa y estoy bastante seguro de que si él dijo que estabas justo debajo y te llevó a casa se sentía simpático y si él iba a billete que tendría en ese momento y allí,2,amor
realmente siento que todo va a estar bien,1,alegria
siento que cada uno de nosotros tiene voces y estamos ansiosos por escuchar lo que el otro tiene que decir.,1,alegria
creo que todo el mundo puede sentir energía después de escuchar,1,alegria
"me siento como una persona totalmente horrible, pero realmente me gustaría que viniera otro fin de semana",0,tristeza
me siento más enérgico que en años,1,alegria
"sé que significaba que me ignorarán más y que tendré ese sentimiento más aún, lo hice manteniendo toda la tristeza y todo el sentimiento ignorado.",0,tristeza
me siento disgustado de que cualquier sistema de justicia penal en el siglo i podría conocer todos los detalles de todo y negar que sea nombrado como abusivo.,3,enojo
estoy sintiendo tanto amor por mi propia madre y aprecio todo lo que ella ha hecho por mí.,1,alegria
"siento que soy demasiado frickin tenso para soltar lo suficiente como para amar a alguien más o, lo que es más importante, a mí mismo.",4,miedo
"normalmente no soy el tipo de persona que se emociona al conocer a una figura pública, pero por extraño que parezca verte ayer por primera vez, la sensación que se me vino encima fue la sensación que uno podría sentir al ver a una querida tía amorosa favorita.",2,amor
me niego a quedarme en este lugar todos tenemos momentos de sentirse agotados por el trabajo muy duro y la necesidad de un poco de validación a cambio,0,tristeza
me siento devastada por la madre cuyo fraude de un ex marido ha secuestrado a su hija y se dirigió al interior de las tierras gaige nos mantiene tan totalmente dentro de la cabeza de su narrador que es difícil no sentir alguna simpatía por él.,0,tristeza
me siento como si hubiera tenido bastante éxito,1,alegria
"cometo un error, me avergenzo, me siento idiota y me lleno de odio a mí mismo",0,tristeza
he estado sintiendo un poco frenético recientemente porque nuestro verano juntos está volando por tan rápidamente,4,miedo
"estoy viendo mi sodio, lo que significa que me siento aturdido y abrumado por lo mucho que hay en todo lo que comemos.",5,sorpresa
"siento que te odiaste, pero puedes hacerme feliz incluso cuando estaba triste en cuestión de minutos.",0,tristeza
"sé que parece muy repentino para todos, pero no estoy seguro de lo mucho que puedo comunicar lo cómodo que me siento con él, lo similar que vemos el mundo y lo solidario y amoroso que ha sido hacia mí.",2,amor
"no suelo bloguear cuando me siento de esta manera, pero en realidad tengo curiosidad por ver si puedo ponerlo en palabras.",5,sorpresa
"sé que es la suerte del dumpee sentirse menospreciado celoso incapaz de seguir adelante deprimido enojado y un montón de otras emociones negativas que se derivan de todo el rechazo y, a veces el reemplazo involucrado en el proceso de ruptura",3,enojo
"siento cuando los veo porque tengo un momento tan alegre cuando cazo en inglaterra o que me gusta vagar por inglaterra mirando las bonitas puertas y los viejos pubs y hablando con acento británico, pero estas tarjetas me hicieron cosquillas.",1,alegria
no estoy seguro de si hacer esto de nuevo o no,1,alegria
me siento realmente honrado y emocionado de haberla conocido,1,alegria
me siento como ive golpeó un punto dulce en la vida,1,alegria
siento que tomó un montón de agallas de su parte y la admiré por esto,2,amor
siento este perverso placer de saber que eran todo lo contrario de todo lo que se supone que debes hacer.,0,tristeza
me siento y estoy asombrado de la frecuencia con la que creo que necesito salvar el mundo,5,sorpresa
te pregunto cuándo la gente estaciona por qué sienten que es inteligente estacionarse con solo o pulgadas que separan tu automóvil del que está delante o detrás de ti.,1,alegria
me di la vuelta por la noche sintiéndome tan suave como era de esperar dadas las circunstancias.,1,alegria
siento que acaba de romper con su novia,0,tristeza
el funeral de una amiga que murió en un accidente de coche que era de mi edad,0,tristeza
voy a encerrar sus versos en ella no podía pesar mucho más pensar y sentir curiosidad por escuchar a la extraña pareja,5,sorpresa
"me siento amargado hacia ellos, dios.",3,enojo
"me siento un poco estresado al respecto, pero no puedo hacer mucho en este momento porque estoy esperando un par de declaraciones de impuestos en el correo y una carta del empleador jasons que está tomando bastante tiempo",3,enojo
me siento muy reacio a hablar de la muerte,4,miedo
solo me siento cabreado,3,enojo
tengo un día libre de la escritura y la sensación de presión para ser divertido y llegar a reírse de sus historias y compartir un poco de amor blog el lunes es la maravillosa un href http geremiafamily,5,sorpresa
"i aceite rico en omega invierte el aspecto y la sensación del cabello dañado, ya que restaura sin peso rebote para estilos fluidos completos",0,tristeza
estaba esperando una hora después del entrenamiento de fuerza y me sentiría realmente apático después de un tiempo,0,tristeza
me siento horrible o incluso deprimido que trato de fingir a mí mismo con positividad,0,tristeza
"siempre sentí que podía hacer cualquier cosa, pero ahora me siento tan intrépido",1,alegria
"soy un poco gruñona, así que voy a publicar videos que me animan",3,enojo
me da un poco de miedo la galleta es lo que me hace sentir no tan fantástico,1,alegria
he tenido varios miembros nuevos que me dicen lo cómodos que se sienten con lo aceptados que son por los miembros existentes y que es genial escuchar.,2,amor
ive trabajó un montón de ellos y aún no han encontrado uno que me deje satisfecho con la forma en que ive pasó otro día que nunca volveré,1,alegria
necesito sentir la masa para asegurarme de que es perfecta,1,alegria
tengo un sentido de la fe y es solo tal que tal vez no soy tan tonto como siento y que algún día puedo tener su amistad sincera sin mitigar por la distancia que puedo amarlos tanto como lo hago y no tengo que preocuparme de que estoy fallando simplemente en ese acto solo,1,alegria
digo que deseo cobertizo descubrió toda la puntuación es más porque me siento triste por la idea de su acabado diferente de mí y tommy,0,tristeza
no había visto durante dos años pasar un día lleno de sol en el abierto australiano seguido de albóndigas en chinatown y una limonada en un frondoso jardín de cerveza como si hubiera retrocedido en el tiempo trabajando en vano en la calle brunswick asistiendo a una barbacoa en el patio trasero y visitando jardines de edimburgo para el día australiano.,0,tristeza
tenía que hacer era sanar dijeron y me sentía bastante esperanzado acerca de eso,1,alegria
siento esta energía de la llama divina,1,alegria
entonces me fui sintiéndome bastante avergonzada mientras decía que no había nada nuevo.,0,tristeza
siento que hay una razón para comprar otro disco pequeño de tom,3,enojo
me siento completamente inútil como madre porque simplemente no sé qué hacer.,0,tristeza
me siento más tranquilo y cómodo al usar esos colores neutros,1,alegria
me siento un llamado divino para convertirse en un lsd químico el pub shroomery mensaje tablero enlace href smarty plantillas css www,1,alegria
"he estado sintiendo desalentado por el género de adultos jóvenes después de bastantes novelas mal escritas, pero esta ha restaurado mi espíritu y capturado mi corazón.",0,tristeza
"me fui a la cama sintiéndome muy orgulloso de mí mismo, incluso con los flubs que tuve un día positivo",1,alegria
"todavía me siento apasionado, progresivo y motivado, pero ya no estoy tratando de hacer todo y cualquier cosa que nunca haya hecho antes.",2,amor
siento que este concierto fue mucho más exitoso que el anterior.,1,alegria
le dije que era porque vivir con wyatt me hace sentir como un bowie viviendo con iman aquí es esta hermosa criatura de ébano de extremidades largas caminando aquí descansando allí,1,alegria
también siento que estoy siendo egoísta al no estar agradecida por la vida que tengo y las cosas increíbles que hay en ella.,3,enojo
todo sobre ayudar a las personas a integrar sus pensamientos y acciones a través de la expresión creativa.,1,alegria
me siento como uno de esos intermediarios confidenciales sucios que tanto me disgustan,0,tristeza
"comencé a sentirme bien, el sueño no vendría a mí",1,alegria
me siento feliz cada vez más y se siente tan bien,1,alegria
siento un resfriado entrando o beber un poco de jugo de xango extra cuando estoy rígido y dolorido,3,enojo
me siento muy inseguro de mi futuro,4,miedo
me siento un poco chukey y por desgracia para nosotros te gusta cantar todas las palabras inapropiadas a fergie s glamoroso,1,alegria
"estoy durmiendo mejor, pero sin embargo me siento aún más agotado que nunca, que simplemente no entiendo",0,tristeza
im sensación de miedo,4,miedo
"estoy sintiéndome estresado o teniendo un mal día, doy un paseo o corro",3,enojo
me niego a permitir que mi maravillosa sensación sea perturbada por todos los locos.,0,tristeza
"me siento honrado de que esta pequeña persona que solo he conocido por un corto tiempo sintiera que podía confiar en mí lo suficiente, pero otros adultos a su alrededor son tan horribles.",1,alegria
"juro que tenía sentimientos de que teddy estaba tan convencido de eso y yo era muy, muy cuidadoso de hacer que siempre se sintiera especial y más querido que cualquiera de mis otros juguetes y peluches.",1,alegria
me siento profundamente abrumado por estas tareas ordinarias,4,miedo
recuerdo sentirme aterrorizado alrededor de las plantas cuando era niño,4,miedo
dije que no estás enfocado conmigo y cuando no estás enfocado conmigo me siento sin importancia,0,tristeza
"puedo entender sus sentimientos y valorar enormemente su enfoque apasionado de la vida y mientras me beneficio diariamente de su capacidad de empatizar con mis propios sentimientos, parece que me falta la capacidad de devolverle ese regalo a ella.",2,amor
tengo la sensación de que podría ser una experiencia desagradable trabajar con ella.,0,tristeza
me siento como que es un policía tener gente segura,1,alegria
sé que en los estados llorosos solitarios tengo muchos que están conmigo,0,tristeza
me sentía extremadamente agitado después de llegar a casa de china,4,miedo
me siento tan extraño que se siente como si quisiera maldecir todo y golpear mi cabeza contra la pared para que mi mundo vuelva a su foco,4,miedo
me siento tan insignificante sin importancia como me deslizo a través de los espacios entre sus dedos y no le importa,0,tristeza
siento los ecos de lo divino tan cerca,1,alegria
siento que ive tenía que fingir mis sentimientos mucho más a menudo de lo que me hubiera gustado.,0,tristeza
me siento agobiado por su presencia,0,tristeza
me siento muy honrado de ser parte de nuestro fabuloso equipo,1,alegria
estaba sintiendo cuando nick rompió conmigo,0,tristeza
"he intentado diferentes maneras para que la gente me note, pero me siento falso haciéndolos porque nada de eso soy yo mismo.",0,tristeza
"sigo preguntándome por qué estoy golpeando paredes de dolor y pérdida, incluso mientras me divierto o me siento emocionado o disfrutando de algunos amigos maravillosos y experiencias previas al verano.",1,alegria
"llegué a casa sintiéndome extremadamente privado de sueño y pasé una semana poniéndome al día con todos los diferentes correos electrónicos y llamadas telefónicas posteriores a la conferencia, sin mencionar el sueño y la lavandería.",0,tristeza
simplemente tomo lo que siento que sabría delicioso y comienzo,1,alegria
me sentí un poco gruñón porque me estaba perdiendo,3,enojo
siento mucho oír que te sientes tan exhausto,0,tristeza
me siento inocente en las noches de verano,1,alegria
siento que algunas naturalezas violentas son genéricas,3,enojo
"siento que en el momento en que adoptas un sentido de cuidado por los demás, te trae fuerza interior.",2,amor
me arrodillo frente a la cama y baje la cabeza por encima de la entrepierna del hombre mayor y ni ya se sorprende al sentir tiernos besos plantados en sus caderas y muslos internos,2,amor
podía entender y sentir mejor los deseos de su corazón más dulce.,2,amor
"de hecho, pensé que me sentiría molesta siendo su desde que ehb y la otra mujer pasaron bastante tiempo juntos allí, pero no sentí mucho de nada.",3,enojo
me desperté el lunes sintiéndome como una mierda y lo eché la culpa al clima,0,tristeza
también me siento lo suficientemente valiente como para publicar mis pensamientos sobre ellos de nuevo.,1,alegria
me siento un poco descorazonado,0,tristeza
llegué a casa todavía sintiéndome bastante podrido,0,tristeza
haberme prestado una atención no deseada en mi lugar de trabajo acoso y acoso sexual por parte de otro trabajador disgustado por sus implicaciones,3,enojo
voy a hablar un poco sobre cómo me siento sobre el importante papel del fan en este maravilloso juego que llamamos música.,1,alegria
"no sé lo que quiero en mi vida en este momento y aunque las cosas son realmente buenas y estables de muchas maneras, todavía no me siento contento con eso.",1,alegria
enfermo decirle lo que es tan pronto como estoy seguro entonces bien hablar de cómo se puede comprar sin sentir que usted está de ninguna manera me apoya o lo que hago,1,alegria
siento cómo la gente aprecia esta sensación de no ser entretenido.,1,alegria
sigo sintiéndome inspirada por la fuerte corredora en la que se ha convertido este año.,1,alegria
no puedo dejar ir esa triste sensación de que quiero ser aceptado aquí en este primer hogar mío.,2,amor
creo que siento la frialdad más en comparación con otras personas que pueden soportar bajas temperaturas,0,tristeza
obtengo trivialidades de personas bien intencionadas que pueden hacerme sentir que debería preocuparme por las cosas que no me molestan.,3,enojo
voy a tratar de defender mi caso a aquellos que pueden sentirse no amados y abandonados por mí y aquellos que no pueden empatizar con mi posición.,0,tristeza
me siento muy agradecida de estar en su equipo,1,alegria
puedo sentirlo y mirar con ansiosa anticipación lo que está por venir.,1,alegria
digo que no me siento culpable comienza por darte las razones y los beneficios de ser asertivo sin ser agresivo.,0,tristeza
siento que mi cerebro dañado está empeorando por el momento,0,tristeza
siento que mi vida es prácticamente perfecta en todos los sentidos en este momento y estoy muy feliz.,1,alegria
estoy destinado a sentir anhelo,2,amor
he encontrado este sitio para ser una gran ayuda para mantener mi en el momento en que me siento estresado o falta de beber,0,tristeza
estaba más estresado por haber llegado finalmente a su fin y me siento aliviado,1,alegria
siento que de esta manera estaría menos molesta,3,enojo
"generalmente no como mucha basura, es principalmente comer estrés, pero a medida que me siento más cómodo con el cuidado infantil, me siento menos estresado y como menos basura.",3,enojo
"i yori aoshi y posiblemente otras cosas trajeron muchos viejos valores y sentimientos olvidados que tenía hacia una relación, si es que los inocentes lo sienten, donde nada es complicado y solo se trata de estar juntos.",1,alegria
me siento muy sentimental acerca de las cosas que están muy lejos de suceder.,0,tristeza
siento que este es un número perfectamente aceptable ya que el bebé realmente está empezando a llenar mis pulmones un poco más ahora.,1,alegria
me siento como si fuera mezquino acerca de esto,3,enojo
"ltimamente me siento tan baja que la sensación de desesperanza es muy perturbadora, lo que me hace cansada y enferma de vivir este tipo de vida.",0,tristeza
"siento que tiene que haber un descargo de responsabilidad de que no estoy de ninguna manera romantizando los aspectos de mierda de esta pareja, está bien, está jodido más allá de la creencia. resumen castiel sostiene el mundo en la palma de su mano",0,tristeza
me siento tan jodidamente estúpido por hacerlo,0,tristeza
me siento tan horrible que quiero llorar,0,tristeza
siempre me siento nostálgico por la chimenea voy a saber que todavía está en la propiedad,2,amor
quería que se sintiera como todas estas personas fabulosas en una fiesta increíble se durmieron y cuando se despertaron el lugar había sido un poco superado con exuberantes flores y vegetación.,1,alegria
im cansado infeliz sensación apático desmotivado agotado,0,tristeza
"no me gustan las cartas en cadena ni nada que diga que todos debemos tener demasiadas cosas que sentimos que debemos hacer, así que te lo doy libremente sin la obligación de que debes hacer nada, excepto el sincero deseo de que seas feliz.",1,alegria
tengo la sensación de que esto es falso,0,tristeza
realmente no me siento todo lo que molestaba por el derby del norte de londres,3,enojo
miré por la ventana a la gente que paseaba por las aceras despreocupada de repente sintiéndome envidiosa de ellos por razones que no podía explicar.,3,enojo
me siento muy honrado de estar entre algunos de los mejores ilustradores nominados este año para un premio chesley.,1,alegria
no he vuelto al médico en un año y se siente tan fabuloso,1,alegria
me siento resentido por mi educación rel marcador por qué me siento resentido por mi educación un autor de entrada de clase href http liveagainsttheflow,3,enojo
mal comienzo con el de interlochen veo jonathan el chico que me invitó a salir y era un monstruo y solía gustarme hasta que me di cuenta de lo estúpido que era y canté una grabación para él y me siento tan arrepentido de todo el calvario con él y sí,0,tristeza
he estado sintiendo realmente mierda últimamente,0,tristeza
siempre sentiré que admiraba prácticamente todo sobre ti.,2,amor
estoy fascinado con la estructura y función del cerebro es tan increíble que todo lo que pensamos y sentimos todos nuestros recuerdos y emociones se crean y almacenan en esta extraña estructura enrevesada.,4,miedo
un novio con el que me separé vino a una casa de amigos donde estaba de visita con un amigo en una confrontación en otra habitación que trató de averiguar si me despertó mi amigo al sentir mis partes,3,enojo
"durante el último año académico, es decir, justo antes del cierre",4,miedo
"me siento como oh por favor por qué soy tan falso de nuevo, pero la cosa spazzing sobre gikwang no es falso",0,tristeza
puedo sentir que es horrible que alguien en algún lugar se haya sentido tan mal y peor.,0,tristeza
literalmente puedo sentir una mirada de odio dirigida hacia mí,3,enojo
también siento tu cuerpo caliente contra el mío,2,amor
siento el peso de mi solo dom tirando de mí como una peligrosa rip marea que está rodeando implacablemente cada centímetro de mi cuerpo,3,enojo
no me siento particularmente encantado en,1,alegria
solo siento que necesito una ducha y un día muy suave,1,alegria
pensé que sería y tengo marcas completas en las preguntas que me hace sentir bastante inteligente,1,alegria
siento como si su llamada no fuera una disculpa sincera.,1,alegria
"siento que no fue tan malo, pero probablemente no te habría dicho que en el momento",0,tristeza
me siento muy miserable ahora,0,tristeza
miro su dulce cara pequeña llorando por su mamá solo queriendo que lo sostenga y lo amo y me siento tan horriblemente horrible por estar frustrado con él,0,tristeza
"también tenía la intención de estudiar, pero eso tampoco sucedió, así que aquí me siento un poco menos virtuosa y más santa de lo que lo haría si hubiera hecho algo constructivo durante la última semana.",1,alegria
cuando tenía diez años me encerré en la escuela con un amigo que tenía que saltar por una ventana y cruzar una viga metros de altura,4,miedo
ive comenzó a profundizar en mí mismo y evaluar todo lo que me ha hecho sentir inseguro o indigno,4,miedo
"recuerdo que la belleza realmente está en el ojo del espectador, la gente ve el hermoso cumplido como una declaración de lo valioso que encuentran a esa persona y la gente no quiere patear a alguien cuando se sienten vulnerables.",4,miedo
recuerdo el primer día de sentirme mal hace años y cómo creía que mi cuerpo me estaba traicionando.,0,tristeza
me siento un poco podrido poniendo un post sobre la enseñanza en la lista de etiquetas de piedras para este blog no es realmente un tema de gruñidos o gemidos para que yo sea honesto,0,tristeza
"dije que te muevas rápido, estoy en el punto de mi vida en el que me siento como un niño victimizado, un niño que necesita hablar y sacar las cosas.",0,tristeza
"me siento un poco como un traidor a mis queridos oppies, pero que dijo que estas ropas podrían pagar una gran parte de mi deuda restante y todos sabemos que el dinero es más importante que la ética.",1,alegria
me siento como im justo en el borde en este microcosmos un momento incómodo más o fiesta perdida y id estar en el exterior,0,tristeza
no puedo evitar sentir que tal vez mi percepción no es tan aguda como una vez pensé,1,alegria
también me sentía ansioso alrededor de algunas de las personas sentadas en la sala de espera.,4,miedo
siento que fue una buena inversión convertir este edificio en un restaurante.,1,alegria
me siento muy apasionada por compartir mi historia de nuestra familia contigo.,2,amor
"me siento legítimamente menos inteligente al final del día debido a lo inútil y estúpido que es todo, como te sientes después de ver una película de michael bay.",1,alegria
sé que me iba a sentir descorazonado después debido a una cosa indefinible desconocida que no puedo atribuir a nada en absoluto.,0,tristeza
me siento tan rico como solomon,1,alegria
me agarro un poco sobre el tiempo me siento frenético en mis pensamientos,4,miedo
enfermo ser darned si voy a sentir vergenza de preocuparse por la comunidad de blogs,0,tristeza
"no sé por qué, pero estoy sintiendo fab u lous hoy",1,alegria
lauper s que comienza con la línea una y otra vez que ella cantaría yendo por el carril de la memoria y sintiéndose nostálgica,2,amor
"realmente disfruto tener el fin de semana libre me siento travieso por no hacerlo, pero todavía estoy obteniendo resultados y es un regalo muy agradable",2,amor
me siento emocionado por lo que estoy haciendo de nuevo me siento como que tengo un montón de ponerse al día para hacer,1,alegria
me siento celoso con ellos por qué pueden,3,enojo
realizo un giro submarino antes de sentir un tirón violento en mi tobillo mientras mi tablero se arrastra hacia la playa,3,enojo
me siento cómodo con él,1,alegria
me siento destrozada ahora estoy alegre y al mismo tiempo enfurecido,1,alegria
prefiero arriesgarme a mantener mi corazón y romperlo una y otra vez para dejar de sentir que me importa ser amargado y cínico.,2,amor
"he sido medicado hoy, pero me siento divertido",5,sorpresa
me siento tan impresionado con ia,5,sorpresa
realmente podría sentir amor hacia alguien sin que ellos lo sepan si no actúo como tal.,2,amor
"me centraré en una compañía de infantería o si me siento lo suficientemente valiente o estúpida como una compañía de motocicletas para el resto del desafío, pero no lo dejaré hasta el momento y veré cómo me siento entonces.",1,alegria
"se supone que debo sentirme dudosa, pero todavía creo que a veces olvido lo increíble que es que estoy viviendo en esta ciudad y que puedo trabajar con mujeres jóvenes tan inspiradoras en mi pasantía.",4,miedo
"me detendré y consideraré de dónde ha venido mi comida, no solo de algunas de las veces en que me siento virtuoso, sino cada vez que me siento a comer.",1,alegria
tengo un gran tutor para enseñarme en el cubo mágico y ayer por la noche me sentía demasiado emocionado cuando finalmente logré aprender otro nuevo patrón para resolver el cierre del cubo mágico.,1,alegria
"titubeo y solté algo que te ofende, por favor entiende que todavía estoy aprendiendo y probablemente me sentiré tan tonto como acabo de sonar",0,tristeza
siento que existe la posibilidad de que declaraciones como esta hagan que apoyar nuestros propios intereses sea más problemático.,1,alegria
necesito reflexionar sobre por qué me siento irritado,3,enojo
tengo este tipo de sensación como una corriente emocional subyacente que estoy despertando en una especie de corazón interior espiritual.,0,tristeza
no puedo imaginar un escenario de la vida real en el que estaría lo suficientemente conectado emocionalmente con alguien para sentirme totalmente aceptado y seguro donde sea moralmente aceptable para mí tener un contacto físico cercano y prolongado y donde el sexo no se espere posteriormente.,1,alegria
he encontrado en el pasado cuando blogueo a diario que tengo más que decir y saco mis sentimientos y emociones de maneras más creativas.,1,alegria
"me siento un poco irritable porque mun era parte parte divertida parte estresante hacer incómodo y parte horrible, pero a pesar de récord que se establece directamente ahora",3,enojo
"siento que mi vida está amenazada por la enfermedad, pierdo la cabeza",4,miedo
acabo de conseguir esta sensación general de él que era un elitista y algo hastiado,0,tristeza
estaba diciendo que me sentía infeliz además de tener todas esas tareas. me sentía infeliz también porque me sentía un poco perdido.,0,tristeza
tengo una hermosa sensación de nidificación después de mirar toda esa linda ropa teeny weeny,1,alegria
hoy me siento un poco nostálgico,2,amor
siento tanto anhelo y tristeza cuando veo familias con más hijos de los que tengo.,2,amor
sabía que no me sentía lo suficientemente bonita para esta ropa.,1,alegria
siento el aislamiento y la desesperación de los rechazados,0,tristeza
me sentía cualquier cosa menos aventurero y pegado con la zona de confort y ordenado mcdonalds,1,alegria
me siento bastante frustrado,3,enojo
siempre siento una extraña sensación interna como un continuo lamento de sirena en mi cabeza y cuando nadie escucha no pude evitar llorar como una sirena cuando nadie escuchó.,5,sorpresa
"nunca tuve esa sensación demasiado completa, excepto por el par de veces que comí batatas y créeme que estaba comiendo mucho.",2,amor
también me encanta ser cumplido sustancialmente más cuando me siento como me veo de mierda,0,tristeza
simplemente me siento horrible y desagradable y lo siento mucho por mí mismo,0,tristeza
estaba leyendo las entradas de nuestro antiguo blog la otra noche sintiéndome nostálgico y extrañando a mis hijos y me encontré con nuestra lista de proyectos que teníamos que hacer antes de irnos.,2,amor
me siento sarcástico más a menudo que no,3,enojo
"no quiero causar una mala impresión con mis nuevos compañeros de trabajo, tanto en mi trabajo o mi laboratorio, simplemente porque me siento tan inseguro y agitado todo el tiempo.",4,miedo
sigo diciéndome a mí mismo mala sensación como celebrar cuando ive pasado mi fecha de juntas aún por determinar,1,alegria
me siento más jodida de lo que ive alguna vez tuvo y no tiene nada que ver con mi trabajo escolar.,3,enojo
también siento a veces que debo haber sido una persona vanidosa en una reencarnación anterior y que he aprendido a mirar más allá de la belleza personal y ser hermosa desde el interior y reflejarlo a través de mi espiritual a mi físico.,0,tristeza
también me siento tan horrible sensación de esta manera,0,tristeza
"sin embargo, me siento un poco reacio",4,miedo
siento que estas pinturas serán perfectas para mi trabajo plein air,1,alegria
"lo que hago ahora en comparación con hace años es que ya no siento que tengo que ser aceptado por los demás, solo por aquellos que me importan.",2,amor
me desperté en el sofá sintiéndome extremadamente agitado alrededor de las pm,4,miedo
por fin me siento un poco más productivo,1,alegria
ive discontinuó este método una vez aparentemente integral de autoconservación sintiéndose seguro de que soy el único theif en filadelfia,1,alegria
he sucumbido al temido virus de cercanías y me siento un poco podrido,0,tristeza
ive también descubrió que debido a que me siento menos agitado por la cafeína y los antojos este método de afrontamiento es innecesario enorme,4,miedo
estaba sintiendo y podía responder a todas mis estúpidas preguntas.,0,tristeza
me siento mal,0,tristeza
me siento tan valiente y valiente del pequeño yo,1,alegria
me siento como si el arte de la comedia romántica se ha deteriorado como en los últimos tiempos y me siento atraído por películas como sabrina notting colina y el amor en realidad,2,amor
me siento mal y parezco tener un ceño fruncido me acuerdo de todos los momentos divertidos y que acaba de dar vuelta al revés,0,tristeza
fui a clase de alemán y me hizo sentir tan idiota,0,tristeza
soy un experto en sentirse apresurado y ansioso por ponerse nervioso y frustrado porque me siento abrumado con mi trabajo,3,enojo
me siento bien tomo suppliments para la salud,1,alegria
me siento tan perversa,0,tristeza
me siento tan decepcionado,0,tristeza
"todavía estoy girando de todas las actividades, pero también me siento vigorizado y emocionado por todas las demos charlas panel discusiones exposiciones conversaciones la feria de arte las comidas comunales el intercambio de arte los libros la sala de vendedores",1,alegria
"estoy segura de que ha escrito algo esta noche y ha pasado esa cantidad ahora, pero por el momento puedo ir a la cama sintiéndome triunfante y también feliz sabiendo que no he cedido a escribir mierda absoluta y absoluta por el momento y que mi historia está progresando muy bien.",1,alegria
"me siento bastante mal en estos días, pero no importa porque a nadie le importa.",0,tristeza
me siento un poco resentido con todos los australianos que ven nuestra anatomía y alegría de la familia gris moderna.,3,enojo
me fui a la ducha cuestionando lo que siento que era precioso un cuerpo tan fantástico tan confiado en su movimiento sin esfuerzo grácil,1,alegria
recuerdo haber recibido el texto y sentirme desconsolado,0,tristeza
no puedo esperar a ser humano otra vez ahkman a sentir tu beso pero estoy tan asustada,4,miedo
me siento en este momento mientras miro hacia atrás en mi espléndido fin de semana,1,alegria
me siento rencoroso hacia él,3,enojo
tengo problemas para no concentrarme en él y no sentirlo durante todo el día porque sé que está sufriendo y sé que mi madre está sufriendo de otra manera.,0,tristeza
digo que me aleje y sacuda la cabeza sintiéndome un poco aturdido para obtener las bebidas,5,sorpresa
siento que estoy bastante loco,3,enojo
recuerdo dos cosas específicas de esa clase sintiéndome aterrorizada de mi maestro que repetiría la misma pregunta en español con un volumen cada vez mayor hasta que su víctima logró responder correctamente o huyó gritando y sintiéndose distraída por el chico lindo que me ayudó a estudiar para las pruebas.,4,miedo
"sabía que me sentía inseguro y asustado, así que dejé que me dominara y cedí a esos sentimientos y me rendí.",4,miedo
me siento increíblemente dañado por la forma en que se comportó conmigo y no estoy preparado para ser tratado de esa manera por nadie más.,0,tristeza
me siento tan despreocupado que nunca pienso en la mierda que está pasando en mi vida,1,alegria
comencé a sentir curiosidad y traté de percibir quién estaba debajo de mi orgullo y por qué soy quien soy.,5,sorpresa
me detengo en este asunto cuanto más me siento enfurecido que soy tan humilde pensamiento de,3,enojo
siento que piensas que soy cruel y honestamente no soy realmente sobre esto,3,enojo
he estado sintiéndome realmente derrotado por alguna razón.,0,tristeza
"de ninguna manera estoy completo espiritual o intelectualmente y creo que nunca deberías estarlo, sin embargo, a veces me encuentro mirando a los demás con un conocimiento y un sentido de sentirse superior al sentir que estoy más lejos en mi viaje que ellos.",1,alegria
realmente quiero que este desafío sea una forma divertida para que todos eliminemos algunos juegos de nuestros retrasos sin sentirnos presionados para alcanzar ciertos objetivos.,4,miedo
me siento bastante devastada cuando tengo que huir a veces,0,tristeza
me pidieron que comentar acerca de cómo me siento acerca de recibir este premio y todo lo que dije fue que me siento muy avergonzado de estar aquí en este momento,0,tristeza
"siento que las manos suaves me acarician con tierno cuidado a través de mis hombros rizados y tirados hacia el abrazo, el sol llega hacia mi cara de búsqueda.",2,amor
"sigo sintiéndome nervioso por dentro y deseo hablar con sensatez, incluso una vez alrededor de alguien está tan mal tener estos sentimientos en tantos niveles que no tengo ni idea.",4,miedo
"en cambio, me siento inquieto",4,miedo
soy un solicitante de asilo que no sé cómo viven en este país sin sentirse agredido,4,miedo
siento que me duele en el pecho,0,tristeza
oigo tales historias que siento frío,3,enojo
siento que al menos salir con ellos no sería en vano,0,tristeza
me siento muy indefenso e incluso inútil,0,tristeza
"me gusta frappes y mierda cuando me siento travieso, pero bebo té todos los días",2,amor
me siento culpable porque puede afectar mi suministro y luego vuelvo a la rutina de nuevo diligentemente,0,tristeza
me siento irritable después de los impuestos,3,enojo
me sentía horrible porque se sentía como si estuviera empujando muy duro para mantener el ritmo que sonaba muy lento,0,tristeza
"soy, pero de repente me siento ignorado y no amado y olvidado y sé que es probablemente sobre todo en mi cabeza, pero ¿qué pasa si no es",0,tristeza
me siento tan cojo que me quejo de que por minutos tengo algo de visión borrosa y luego tengo que tomarlo con calma el resto del día.,0,tristeza
"me gusta mucho y estoy encantado de ver a dónde nos llevará todo esto, pero por otro lado siento que el drama parece un poco desordenado.",0,tristeza
creo que la más común que todo el mundo ha experimentado es esa sensación de fatalidad y tristeza en la que sientes que algo trágico acaba de suceder.,0,tristeza
me siento humillado el pequeño estudiante universitario molesto que toma causas y molesta a todos sobre ellos,0,tristeza
siento pena por mis súbditos y tiendo a dejarlo ir demasiado pronto.,0,tristeza
me siento muy generoso hoy y normalmente cuando me siento enfermo de esa manera anfitrión algún tipo de regalo o concurso,1,alegria
"siento que no estaba haciendo el esfuerzo de verme, lo eché la culpa a una imaginación demasiado activa.",0,tristeza
todavía me sentiría raro,4,miedo
"todavía me siento así porque soy terco así, pero esas personas que estaban hablando son las que tienen citas ahora.",3,enojo
no puedo ayudar pero me siento un poco miserable,0,tristeza
me siento tan agradecido de los derechos que tengo y que tengo tanta libertad y que ejerzo esas libertades todos los días y que tengo una voz.,1,alegria
cuando se hizo evidente que un hombre había usado a muchas personas sexual y psicológicamente,3,enojo
"lo veo, me hace sentir tan hermosa",1,alegria
me encanta ser capaz de decir cómo me siento y me encanta estar en este lugar complaciente,1,alegria
no tengo dinero extra me preocupo todo el tiempo y me siento tan patético,0,tristeza
"no sé por qué, pero había comenzado a sentir la extraña presión de una audiencia en gran parte silenciosa y con ella un sentido falsamente inflado de importancia al expresarme a mí mismo y a mis opiniones tan articuladas a dicha audiencia.",5,sorpresa
me siento maravillosamente llena de esperanza y fe,1,alegria
me siento completamente aislado,0,tristeza
empecé a sentirme aceptado por gaia en sus propios términos,2,amor
también he añadido enlaces a otros blogs que siento que son realmente maravillosos.,1,alegria
he comido en muchos restaurantes y siento que disfrutamos de los restaurantes más baratos pero mucho más deliciosos que estos más elegantes pero que carecen de lugares de especias y sabores.,1,alegria
"sonrío y beso mi camino por su cuerpo de la misma manera que me había hecho a mí, excepto con menos dientes porque me siento bastante suave y contento en este momento.",1,alegria
puedo hacerle sentir un cristo no es la criatura más deliciosa que jamás hayas visto,1,alegria
me siento como alejarse de toda la bondad sabrosa amable que parece abundar en santa cruz incluyendo el humo de marihuana ambiente invisible que siempre me hace tan perezoso juro cuando visito la ciudad tranquila una visita a la universidad de la universidad de california santa cruz reconocido un href http www,1,alegria
quiero decir que siento como si no jugara un papel realmente vital en la vida de nadie con la excepción de un amigo.,1,alegria
recuerdo en particular un día de año nuevo en la escuela secundaria cuando me sentía todo trágico y melancólico y en general quince años de edad chica ish,0,tristeza
me siento aquí mirando la frase que acabo de escribir me siento bastante sorprendido,5,sorpresa
tengo la sensación de que la persona del otro lado me odiaba,3,enojo
recuerdo que me sentí sorprendido y aturdido de que un escritor de la estatura y la calidad de lauren había leído uno de mis libros hace mucho tiempo.,5,sorpresa
me siento tan delicada a tu alrededor,2,amor
podría pensar que me pregunto cuántos días tengo hasta que me siento terrible.,0,tristeza
"me siento horrible para las personas cuyos bebés accidentalmente se asfixian con mantas y esas cosas porque la culpa debe ser terrible, pero en un caso como ese era evitable, por lo que es más frustrante que cualquier otra cosa.",0,tristeza
"me sorprende que los científicos realmente cuestionen cómo es extraño que las condiciones iniciales del universo estén afinadas a valores muy especiales, de modo que nuestro universo sea casi plano.",5,sorpresa
me sentiré mejor por un tiempo que volveré a encontrar mi voz por un tiempo y que mi cuerpo físico continuará deteriorándose.,1,alegria
"siento que esto es algo curioso como alguien que escucha música actual, pero me di cuenta de que las canciones se vuelven extrañas y su ambiente único se pierde cuando las canciones no coreanas se traducen al coreano.",5,sorpresa
siento que esto fue una especie de post melancólico con toda mi charla sobre anti amor y miedos,0,tristeza
lo siento por un href http bluestarlight,0,tristeza
me siento un poco hastiado y cansado de tener esta discusión,0,tristeza
no discuto ni siquiera mis sentimientos por la amada con nadie.,1,alegria
siento que educar a las familias y apoyar y educar a las mamás y los papás es clave.,1,alegria
"tengo ganas de tener esa comida dulce de carby pero con bajo índice glucémico no solo en el desayuno, sino a menudo como postre.",1,alegria
no estoy muy seguro de cómo me siento acerca de alec él es inocente como él dice que es o él es un maldito buen mentiroso,1,alegria
estoy aquí para actualizar mi blog acabo de descubrir que mi blog se siente aburrido cuando no hay actualizaciones,0,tristeza
voy a ser feliz cuando alguien que conozco de todo el internet se siente feliz también,1,alegria
"yo había seguido pensando en ese sentido, probablemente habría lavado los platos con ira y cuando se levantó, había tenido una pelea sobre eso conmigo sintiéndome completamente abusado.",0,tristeza
me siento mal diciendo eso y me gusta que sea sólo una excusa o algo así.,0,tristeza
puedo terminar incluso si tengo que comer y sentir satisfecho gabinetes bellmont antes de que deje gabinetes bellmont una limpieza en el lugar no es necesario limpiar para cuando usted o,1,alegria
siempre siento que vale la pena profundamente,1,alegria
sigo sintiéndome gratamente sorprendido por su apoyo y también su facilidad en nuevas situaciones.,5,sorpresa
ni siquiera estoy buscando la palabra supongo porque no soy exactamente cómo me siento soy egoísta sé,3,enojo
me siento bastante nostálgico de maine,0,tristeza
creo que me permito sentirme de esta manera porque no tengo el corazón roto,0,tristeza
debería sentirme llorosa,0,tristeza
siento que la mitad del tiempo simplemente no muestro afecto e interés a nadie fuera de mi pequeño círculo de comodidad donde se garantiza una respuesta sincera.,1,alegria
casi no me siento como si tuviera un fin de semana si no me jodo,3,enojo
me siento más desanimado esta semana,0,tristeza
"definitivamente sentí miedo, lo que me hizo sentir vulnerable y odiaba eso.",4,miedo
tengo la sensación de que voy a ser torturado esta noche,4,miedo
me siento torturado un href http lawrencewashington,3,enojo
me siento realmente necesitada,0,tristeza
"me siento bien, aparte de estar un poco cansado de ser rudley despertó por algunos conductores ruidosos",1,alegria
me siento inspirado,1,alegria
me siento especialmente animado,1,alegria
estoy llegando a tener un rescate completo tan bueno como estoy sintiendo el bien agraciado tal como está.,1,alegria
me digo adiós a la fam todos están tristes un llanto y me siento como una perra sin corazón porque hey estoy muy emocionado de estar volando por primera vez y sabes también para pasar un año en otro país,3,enojo
llegué al monasterio una semana más tarde me sentía aterrorizado,4,miedo
me siento aturdida y quiero arrastrarme de nuevo a estar con mi gato y mi libro,0,tristeza
"leo el libro y siento que estoy viajando esos viajes a veces me sorprende a veces lloro a veces me río a veces anhelo lo que está escrito a veces me acuerdo de mis amigos, mi familia y los fallecidos y me doy cuenta de que hay tanto que hacer por ellos",5,sorpresa
me levanté para ir a ver al médico que me dijo que probablemente había estado más seguro de que debería haber descansado por más tiempo que esta vez iba a ir a la cama y no levantarme hasta horas después de sentirme mejor.,1,alegria
siento que esos sentimientos sumisos escriben mal lo que estaba haciendo o lo que los trajo.,0,tristeza
televisión de los sentimientos y el llamado sufrimiento de los árabes cuyas casas están siendo inspeccionados debido a la posibilidad de que se esconden terroristas árabes o algo de los niños secuestrados,0,tristeza
me siento rock en que estoy por lo general devastado,0,tristeza
"todavía estoy prestando atención, pero me siento distraído",3,enojo
"estoy sintiendo definitivamente el cambio, pero me niego a sentirme impaciente por ello.",3,enojo
me siento un poco avergonzado de que tenía tan bajas expectativas en el primer lugar,0,tristeza
"soy yo no puedo ayudar, pero me siento escéptico acerca de todo el asunto",4,miedo
ayer me sentí festiva,1,alegria
conozco muy bien loyd él vive en mi calle y una vez me preguntó a mí solo me pregunto cómo me sentiría si lo hubiera aceptado,2,amor
me siento como ella tiene demasiado una vez mencionó que no le gustaba katy perry y el dr.,0,tristeza
me siento inseguro y no del todo seguro,4,miedo
hace cuatro semanas me sentí muy conmovido al encontrar un paciente asciático que había pedido la misma mañana para ser golpeado del líquido.,3,enojo
me siento realmente bendecida,1,alegria
me desperté sintiendo dolor de cabeza de mierda dolor de garganta congestión pero emocionalmente tranquilo,0,tristeza
"soy testigo de lo que me siento impotente para cambiar, tomo mis brazos, mi corazón y mi pluma y escribo",0,tristeza
dejé que mis dedos atravesaran su pecho hasta su corazón maravillándome de la sensación de que estaba aterrorizado de que este era un paso demasiado lejos.,4,miedo
"todavía me siento inestable me di cuenta de que me sentía intolerablemente caliente todo el tiempo, lo que puedo mencionar es el polo opuesto de lo que normalmente me siento como",4,miedo
me sentía más tranquilo y más confiado en sus restricciones que estaba tratando de eliminar sin poder hacer nada.,1,alegria
me siento un poco estresado ya que aaron tiene amigos para dormir.,3,enojo
me siento tan respetado y visto,1,alegria
me siento agradable mantenerse alejado de la anterior,1,alegria
siento que cualquier cosa menos de puntos es aceptable y que podemos perdonar al equipo por perder en el viejo puente de trafford o stamford.,1,alegria
"me sentía juguetona, así que bailé por el lugar",1,alegria
no me siento abrumado ni apresurado,4,miedo
"no tenía sentimientos por ellos, pero en serio después de un tiempo, ¿cómo sientes amor por alguien que te trata con tal desprecio que fui fiel y leal?",1,alegria
tengo que superar la sensación de descontento cuando finalmente me meto en mi cama por la noche,0,tristeza
me siento arrepentido de que mis compañeros maestros tengan que volver a trabajar mañana.,0,tristeza
creo que es querer que se resuelvan inmediatamente el uno al otro para no sentirse desagradables.,0,tristeza
espero que disfrutes de la lectura y por favor no dudes en dejar comentarios,1,alegria
me siento un poco horrible,0,tristeza
me siento sumisa frente a chicas sexy,0,tristeza
he estado sintiendo un poco perra últimamente,3,enojo
siempre tenía que comer todo en mi plato y comía y comía y comía sin sentirme satisfecho.,1,alegria
"me siento tan frustrado, pero no puedo decirles que soy",3,enojo
"sé que hay algo de cinismo involucrado, pero también sé que proviene de las lecciones que he aprendido en los últimos dos años de vida y no me siento resentido o dañado debido a que me siento lo suficientemente afortunado de haber sido golpeado boca arriba con una dosis más grande de realidad.",3,enojo
no tengo dudas de que marcarían sintiéndose amenazados,4,miedo
"me siento un poco celoso porque he estado tratando de salir con él hace mucho tiempo, pero él no me quiere",3,enojo
me siento tan mal por su hija que es trágico,0,tristeza
enfermo se está convirtiendo en un año mayor con usted oyyy te sientes especial noh,1,alegria
"sé que esto no me hará una mejor persona, este sentimiento no me ayudará, esto no me hará exitoso.",1,alegria
estoy sentado en el trabajo sintiendo presión en mis oídos sonando mi nariz y sintiéndome miserable.,0,tristeza
no tengo alivio de mis dolores me siento un poco abrumado por nuestra situación de vida actual y todavía estoy desempleado y realmente ansioso por encontrar trabajo,5,sorpresa
estoy seguro de sentirme nervioso por posibles ataques aéreos de la luftwaffe,4,miedo
"espero que mi actitud condescendiente me permita presentarme para sentirme ofendido y, como tal, recuerde que la cantidad de luz solar afecta el crecimiento de las plantas.",3,enojo
"seguí adelante e hice el tiroteo después de que algunos de los chicos me pidieron que saliera a tomar bebidas y acordé que sabía que debería haber llamado para tratar de resolver las cosas con usted, pero estaba enojado y me sentía terco.",3,enojo
siento la necesidad de escribir a pesar de que realmente no tengo nada importante que decir,1,alegria
"quiero más que nada es que mis hijos se sientan amados, seguros y cuidados.",2,amor
yo me sentía sentimental,0,tristeza
siento que fue un poco apresurado,3,enojo
siento que ves frenético y por lo tanto tengo miedo,4,miedo
siento que entré en ese punto dulce antes de que todos se den cuenta de lo desordenado que es todo realmente.,2,amor
siento mi propio corazón mucho para asegurarme de que todavía estoy allí,1,alegria
siento que cuando eres una persona cariñosa atraes a otras personas cariñosas a tu vida.,2,amor
siento lástima por gatsby porque el anhelo que siente por el pasado es tan evidente.,2,amor
siento que soy el más odiado en este mundo,0,tristeza
"dije im beat y no sentirme demasiado creativo, pero esto fue un infierno de un día",1,alegria
"deseo que cada uno sienta con mi abrazo amoroso listo para abrazarte y levantarte, dándote fuerza para enfrentar cualquier desafío que tengas por delante.",2,amor
siento que esto ayuda a crear una textura rica y un toque de misterio para un atuendo,1,alegria
me siento honrado de usar usá en mi espalda,1,alegria
me siento sin amor que estás ahí para recordarme que me amas,0,tristeza
no sé si solo querían liderar una carrera o se sentían tan bien tan temprano o lo que era,1,alegria
quiero decir que es agotador sentirse mal todo el tiempo,0,tristeza
siento que todavía debería preocuparme y preocuparme,2,amor
"tengo la sensación de que ella era la súper agente, incluso descubrimos que si bien ella es buena disparando, no es buena disparando a un camión en movimiento.",1,alegria
simplemente me siento y me siento agradecido,1,alegria
siento que estoy esperando una reunión desagradable con alguien en una posición autorizada,0,tristeza
me he sentido muy creativo y he estado probando cosas nuevas.,1,alegria
estoy sentado aquí frente a mi mac sintiéndome más despreocupado de lo que me he sentido durante meses.,1,alegria
me siento que encuentro me sentí blanco objetivo clasheen por nicola brown a href http keepmeinstitchez,0,tristeza
yo estaba en sams angsty headspace jensens voz cantando bon jovi me estaba haciendo sentir caliente como el infierno,2,amor
"esperando que mi novia viniera de ella apta para la mía, ella era muy tarde y pensé que algo horrible había sucedido",4,miedo
estoy bastante seguro de este sentimiento dentro de mí de estar aterrorizado.,4,miedo
estoy en la parada de autobús y escucho el chirrido de un carrito baachan me siento un poco paranoico,4,miedo
trato de explicar mis sentimientos y alguien los descarta ciegamente me siento frustrado y desinteresado en discutir mis opiniones porque no pueden ponerse en mi lugar y saber lo que he experimentado al vivir allí.,3,enojo
"creo que esto es bastante justo, sí, la reina es su monarca, pero están tan geográficamente alejados de ella y de su presencia que aprecio que muchos australianos puedan sentirse más leales a su país y a sus propias comunidades que a la reina misma.",2,amor
me voy en cuatro semanas y empiezo a sentir un poco desconsolado al pensar en ello.,0,tristeza
siento en mi corazón y definitivamente en mi mente idiota,0,tristeza
me siento honrado de tener esos libros en mis estantes,1,alegria
yo siempre me siento tan despreocupada,1,alegria
"me siento un poco escéptico, pero ¿qué tengo que perder?",4,miedo
siento que eso es algo bastante mezquino de lo que quejarme,3,enojo
"acababa de empezar a sentir que enseñar era mi oficio, pero ahora estoy resignado al hecho de que probablemente no enseñaré en la universidad nunca más.",0,tristeza
quiero esforzarme para pensar más en términos de disciplina y lo que es un objetivo profesional y una elección profesional y no me siento privado de inmediato.,0,tristeza
atribuí esta depresión a sentirse inadecuado contra los ideales poco realistas de la iglesia de los lds y mientras todavía sostengo esos ideales algo responsables reconozco este patrón de comportamiento,0,tristeza
me siento extraordinariamente caliente como joder a un montón de gente,2,amor
me imagino que es cómo esta mujer en la clínica de mamas se había estado sintiendo y lo desafortunado que algo así sucedió para ella.,0,tristeza
"quiero ser digno de ellos, especialmente cuando estoy sintiendo la crone sarcástica",3,enojo
soy viejo y debo admitir que me ha hecho sentir incómodo.,4,miedo
he escrito me siento de repente vacilante para publicarlo,4,miedo
siento que debería importarme que soy un poco desalmado para no,3,enojo
me siento muy ansioso por lo que mi querida tiene reservado para nosotros,1,alegria
"me siento muy privilegiado, pero también es mucho trabajo",1,alegria
descubrir que un buen amigo me había mentido,3,enojo
"siento que vale la pena apoyar a los artistas locales y también lo hace la arcilla, así que soy afortunado en ese sentido.",1,alegria
siento en mi corazón y cuánto me duele,0,tristeza
no siento nada sólo vacío hasta que la nada se convierte en algo sólo un profundo dolor que anhela ser llenado.,0,tristeza
me siento culpable de que no hagamos nada especial en acción de gracias,0,tristeza
me gusta sentirme respetado por un chico con el que no he abusado,1,alegria
me siento menos que y aislado,0,tristeza
me siento distraído cuando la gente piensa que soy exagerado,3,enojo
ayer me sentía incómodo con el suspiro de la escuela secundaria,4,miedo
puedo ver o sentir que es la posibilidad divina de estar contigo a solas durante un largo día dorado en cualquier lugar.,1,alegria
me quedo sintiéndome aturdido y confundido,5,sorpresa
"peleé, podía sentirme confiando en este hombre que era tan paciente y tenía una confianza fría cada vez más",1,alegria
"siento vergenza en las fiestas sucias, debería ser una lucha justa cuando dejamos que los trabajadores extranjeros decidan por nuestro futuro y el internacional lo sabe, lo siento, pero malasia será como esos países del tercer mundo pronto.",0,tristeza
tengo la sensación de que la mayoría de ustedes aún no han oído hablar de este trágico incidente en nuestra historia mundial.,0,tristeza
me siento tonto por todas estas carreras largas y millas extras si lo mejor que puedo reunir es casi segundos por milla más lento de lo que era hace un año,0,tristeza
me siento seguro diciendo que el mundo podría tener un heck de un marcapasos en sus manos,1,alegria
seguí pensando en lo increíble que me sentiría después de recordar lo increíble que me sentí después de mi clase de spinning emocional la noche anterior.,5,sorpresa
"me siento aprensivo antes de conocer a alguien nuevo, particularmente en una situación de grupo, pero solo me inscribo en todo lo que puedo y espero haber encontrado el coraje para hacerlo para cuando llegue y siempre lo he hecho hasta ahora.",4,miedo
"simplemente me siento inseguro, así que ¿qué debo hacer sis",4,miedo
realmente me sentí fantástico después de escribir esa lista y todavía lo hago cada vez que lo leo,1,alegria
sé que mis buenos amigos están en bicicleta a través de campos de tulipanes me siento un poco arrepentido,0,tristeza
"tengo un corazón para servir a mejorar su situación, pero en ese momento me siento tan impotente",4,miedo
yo estaba que bombardeé esa primera entrevista que dejé la segunda entrevista sintiéndome bastante fan wooming tastic,1,alegria
me siento en un estado de ánimo generoso por lo que habrá un segundo premio que será una copia de mi otro un href http www,2,amor
"tengo las mejores conversaciones y el mejor tiempo juntos a diferencia de cualquier otra persona antes, pero siento que estar totalmente enamorado de él no sirve de nada cuando podría preocuparse menos por algún estúpido estudiante de segundo año.",1,alegria
siento que tengo que atontarme para comunicarme de manera efectiva,0,tristeza
me pregunto cómo se siente cobertizo sobre apoyarme,2,amor
"no la he visto desde que rompieron, pero ahora estoy en esta clase y ella está aquí saludándome, así que voy y me siento a su lado y saco mis cosas y hablo con ella, pero me siento realmente extraño porque engañó a mi amiga, lo que realmente debería haber mencionado antes.",5,sorpresa
"estaba teniendo un día horrible y decidí que solo me sentiría mejor si ya no tenía el cabello rojo, así que inmediatamente fui a walmart y encontré una caja de color de cabello con la descripción suave marrón oscuro",1,alegria
me sentía loco por el vestido y me enojaba conmigo mismo por estar loco por el vestido.,3,enojo
me siento virtuoso por unos segundos cuando reflexiono que pasé algo cuando fui a la piscina trabajando hacia la aptitud personal sí,1,alegria
me siento tan despreocupado nowwwwww,1,alegria
"dije que eventualmente me vuelve a bajar no solo por el azúcar que contiene, que como dije termina haciéndome sentir aturdido y me da un dolor de estómago, sino también por la culpa que siento después.",0,tristeza
siento que te importa incluso si insistes en que eres malo,2,amor
llegué en el anclaje que sólo tomó un par de horas después de pasar tiempo con mis padres comiendo en un local favorito porro y luego ir a dar un paseo en mi barrio de la infancia de mis padres para ser capaz de tomar un gran suspiro y sentirse aliviado,1,alegria
"estoy más feliz este año en todos los sentidos, solo estoy contento de que estoy en inglés, solo hice buenas elecciones de módulos, me gustan mis maestros, los peeps en mi clase no son tan snidey, me siento más seguro en mi trabajo y estoy en la cima, a diferencia del año pasado, cuando estaba tanoooooooooooooo detrás hasta el punto de hacer cero.",1,alegria
me siento asustada como si no estuviera segura en ningún lugar donde corra,1,alegria
me siento como una nueva mamá orgullosa con toda esta toma de fotos de heidi,1,alegria
me siento privilegiada de ser su mamá,1,alegria
me siento como la gente siempre dice cuando soy rico mal hacer esto o cuando me dan un contrato discográfico mal ser feliz joder que,1,alegria
"simplemente me siento frío y agotado todo el tiempo, ya sea hambriento o cansado o frío en este momento y apesta.",3,enojo
siento una extraña sensación a través de mis extremidades,5,sorpresa
me siento como robin es muy problemático ahora maeve siéntase libre de comentar,0,tristeza
"trato de acercarme a esta cosa llamada naturaleza, que es algo sobre lo que me siento un poco envidioso.",3,enojo
im sensación últimamente vulnerable impresionable y un poco emocional,4,miedo
"me siento muy descortés, pero si le respondo, él hablará con usted y no lo haré.",3,enojo
"en general, soy una persona bastante feliz y positiva, hay momentos en que los nervios se activan y no me siento tan feliz y sonriente.",1,alegria
"por lo general, tomo más proteínas cuando empiezo a sentirme letárgico.",0,tristeza
me siento tan dolido de ver a los estudiantes en un viaje escolar,0,tristeza
dudo que las calles apestan menos y desde que encontré el verano parisino a ser bastante frío im sensación muy aprensivo acerca de visitar en invierno,4,miedo
decidí centrarme en cómo me sentía y qué necesidades no se estaban satisfaciendo para mí en esta situación.,1,alegria
quiero estar haciendo y es maravilloso sentir pasión por mi carrera,1,alegria
me siento orgullosa de anunciar que la dra.,1,alegria
"me siento un poco arrepentido de que no voy a estar por aquí para este movimiento en fin de semana, pero creo que es para mejor que hago este estudio si no parece una buena cosa que siempre puedo volver a casa a oakland y todo el mundo",0,tristeza
quería que el espectador se sintiera como si fuera un espectador en esta agradable tarde de invierno de pie en el borde de este acantilado que se asoma a través de las ramas de los árboles.,1,alegria
me sentiría constantemente agitado,4,miedo
"sé que ken tiene esto abajo, pero me siento muy inadecuado lo que estoy haciendo mal",0,tristeza
"no siempre me encuentro a mí mismo sintiéndome agradecido, pero a lo largo de los años he reunido algunos trucos que me permiten sentirme agradecido frente a los momentos en que lo último que quiero hacer es decir gracias.",1,alegria
me siento horrible porque me siento horrible empeorado por el hecho de que no he llegado a hacer ejercicio,0,tristeza
"tengo una sensación, sin embargo, siguen siendo canciones populares",1,alegria
"me siento como si hubiera estado tan inspirado y me he estado estirando en todo tipo de direcciones, pero finalmente me siento como sentarme e ir con la corriente.",1,alegria
"no vi nada, pero mientras me tocaba podía sentir que tu cuerpo era tan delicado",2,amor
me siento tan inspirado por su motivación y pasión que quería compartirlo aquí con usted un href http,1,alegria
hoy he tenido éxito,1,alegria
no me siento especial y cuando me siento solo en este ocupado mundo siempre en movimiento,1,alegria
me siento realmente molesta,3,enojo
me siento talentoso a veces,1,alegria
"sé que toma mucha conciencia del momento presente y parte será el desafío de aceptar las cosas como son, así que no establezco un sentimiento de deseo o descontento.",0,tristeza
"sé que mucha gente se está quejando de que una primera bota no puede ser una favorita, pero ustedes saben cómo me siento acerca de mi amada una href http winterpaysforsummer",1,alegria
"voy al gimnasio, ni siquiera puedo elevar mi ritmo cardíaco lo suficiente como para sentirme satisfecho gracias al nivel de competencia que he experimentado en los últimos años.",1,alegria
"siento que el mundo espera que uno sea un individuo productivo en los días soleados, así que me resisto y tiendo a ser más productivo en los días lluviosos.",1,alegria
estoy más asustado de dramas o thrillers que son realmente capaces de suceder y así me dejan sintiéndome perturbado.,0,tristeza
necesito comer pan para el desayuno y sentir constantemente la necesidad de picar o comer algo dulce o salado por pm,2,amor
me siento privilegiado y honrado de poder representar a mi universidad en un evento tan prestigioso.,1,alegria
yo hice el grito de la sensación de estar extremadamente loco,3,enojo
tengo estos momentos aleatorios en los que me siento de repente muy creativo y me encantaría sentarme y escuchar el tick tick tick de las teclas del teclado mientras mis pensamientos se derramaron en la pantalla,1,alegria
me siento torturado tanto,4,miedo
me siento más aislado desde que empecé a trabajar,0,tristeza
"solía acercarme a mis vecinos y pasar el rato con él mientras trabajaba en su tienda, pero tuve la sensación de que no era bienvenido.",0,tristeza
"pensé que id tratar de demostrar la diferencia, ya que sé que si no lo hubiera visto por mí mismo, todavía podría estar sintiendo dudas.",4,miedo
siento que no queda ningún aceite sucio en mi piel después de usar esto para obstruir mis poros o hacer que mi piel sea grasa hacia el final del día.,0,tristeza
seguí mi camino a pesar de sentirme un poco extraño con mis zapatos nuevos flexibles y el sudor empapado en la espalda,4,miedo
"me siento resentido de él tratando de controlar lo que hago, pero tampoco quiero hacer nada imprudente",3,enojo
"estoy sintiendo un poco de melancolía por alguna razón, así que no voy a publicar más por ahora, pero espero que este re descubrimiento de mis viejos pensamientos y metas me ayude a volver a alinear un poco mi enfoque.",0,tristeza
puedo asegurarles que hay algunos en nuestro medio que se sienten bastante mal recibidos que no han sabido lo que es ser amados.,0,tristeza
tengo la sensación de que los engrasadores dudan en contar con él de nuevo después de que se perdió tanto tiempo hace un año,4,miedo
me siento muy agitado solo sentado aquí,4,miedo
me siento intimidado por estos colegas míos,4,miedo
"no sé sobre ti, pero me siento bastante castigado en este momento.",0,tristeza
me sentía muy tranquilo en este punto,1,alegria
estoy cansado de sentirme desesperanzado,0,tristeza
siento simpatía por mis hijos que sufren mentalmente porque la vida es demasiado estimulante.,2,amor
empiezo a sentirme inoportuno en la vida y algunas personas ya pueden decir esto,0,tristeza
me siento envidioso y avergonzado,3,enojo
me siento artístico hoy,1,alegria
estoy demasiado confundido aturdido y demasiado ahogado en lo que las mujeres buscan parece sabio en un hombre y siento que estoy condenado si no puedo aspirar a estos,0,tristeza
espero que también te sientas un poco tonto por hacerlo.,0,tristeza
me siento tan afortunado de que mis padres hicieron un punto para llevarnos a todas partes y en cualquier lugar que pudieran,1,alegria
tal vez llegaría a sentirme especial por la persona a la que se le dio tiempo,1,alegria
"id recomienda usarlo antes de lavarse con un gel de ducha, el aceite deja un residuo detrás que se siente encantador pero no es particularmente práctico y también tiene un tinte marrón.",2,amor
"estoy llegando allí, pero realmente me siento aturdido y confundido en este momento",5,sorpresa
me siento grosero por ignorar su petición de ayuda y es todo su culpa,3,enojo
me han dolido tanto y me han dicho que pare tanto que supongo que todo se filtró en mi cerebro y ahora me siento culpable cuando me duele,0,tristeza
me siento juguetón ya,1,alegria
me siento enormemente honrado de ser incluido en esta lista,1,alegria
"hice un blog sobre algunas cosas realmente estúpidas en el pasado y no puedo dejar de sentirme tan avergonzada que hablo o pienso de esa manera, pero supongo que ya que esta es una nueva fase en mi vida, me gustaría escribir algunos pensamientos.",0,tristeza
sé cómo se sienten acerca de todo y hablan como el ppl encima de ellos en la escalera son tan vanidoso amp poco profundo amp bla bla bla,0,tristeza
me siento así porque empiezo a ser travieso para validar mi existencia,2,amor
me siento absolutamente culpable por esto y loco al mismo tiempo que estoy embarazada y se supone que debo volverme más redonda,0,tristeza
siempre pienso en ti como una banda violenta que siente violentamente letras violentas musicalmente violentas.,3,enojo
he estado sintiendo un poco sombrío últimamente,0,tristeza
"me siento horrible porque no publiqué en el día, pero me las arreglé para obtener imágenes",0,tristeza
me siento seguro de que la moda a veces no se toma tan en serio y puedo sonreír y sentirme mejor con todo el asunto.,1,alegria
espero hacer que los coágulos de sangre no se sientan bienvenidos en mi cuerpo de cualquier manera posible como una de mis resoluciones de año nuevo.,0,tristeza
tengo una identidad propia y siempre me siento como si tomara la ruta aburrida.,0,tristeza
comencé a sentirme como un verdadero perdedor como un poser tratando de verse genial.,1,alegria
ya me sentí tan estresado y no le he estado diciendo a nadie o mostrando mucho cómo me siento y lo estresado que estoy por la escuela.,0,tristeza
me siento como este pequeño año muy desconsolado de nuevo ella explicó,0,tristeza
me siento como im antojo y entonces no importa lo que ordeno yo solo realmente no estoy que impresionado,5,sorpresa
ya me sentía agotado y era una cuestión de supervivencia a partir de ese momento en adelante.,0,tristeza
me siento tan disgustado conmigo mismo,3,enojo
"me gusta pensar que podría vivir felizmente lejos de casa, pero sé que definitivamente siento nostalgia por mis amigos y nuestras salidas divertidas más",0,tristeza
cuando el paramilitar fue enviado a la unza y comenzó a usar gases lacrimógenos y comenzó a intimidar a los estudiantes sin ninguna provocación,3,enojo
siento que este fue un año muy productivo para mí en esa área.,1,alegria
de repente siento el deseo de presionar mi cara contra la ventana y gritar en silencio como un urbanita condenado en una de las innumerables películas de desastres que siempre tienen lugar en nueva york.,0,tristeza
siempre siento mucho miedo mientras trabajo en libros.,4,miedo
aprendí una cosa importante que comer en exceso para hacer frente a lo que no puedo controlar los sentimientos y las reacciones emocionales a situaciones fuera de mi control.,0,tristeza
siento que simplemente no lo tengo en mí para seguir amándolo y él me da una tarjeta y dice misericordia,2,amor
me siento el pollo preferiblemente hueso en muslos de pollo sin piel porque siento que tienen el mayor sabor en una olla de barro para que se convierte en tierno y se desmorona,2,amor
"no lo olvido, lo abrazo, no siento lástima, me siento orgulloso.",1,alegria
"estoy sintiendo un pero de melancolía hoy un poco de tristeza, pero también siento que la tristeza está bien",0,tristeza
supongo que estoy realmente sintiendo el calor últimamente y dulces rayas bebé salsa de búfalo trae bebé,1,alegria
me siento decepcionado de mí mismo por cometer errores o frustrarme por no saber muchas cosas que las palabras de taryn sonarían en mi cabeza.,0,tristeza
me siento especial alegría en su elevación a este post,1,alegria
casi puedo sentir tu delicado corazón romperse,2,amor
"quiero salir al respecto, pero me siento tan reacio por alguna razón",4,miedo
me siento descorazonado con mis palabras como de tarde,0,tristeza
"no he visto ningún cambio en mi apariencia, pero me siento más enérgico, estoy seguro de que esto es solo mental",1,alegria
"me siento podrido y mi frustración se manifiesta como molestia y enojo, pero aún así siguen ayudando.",0,tristeza
"me siento descorazonado al decirlo, aunque",3,enojo
tengo un buen presentimiento de que estoy decidido a hacerlo el año en que tenga éxito.,1,alegria
lo amo y lo abrazo y trato de hacerlo sentir valorado para que pueda crecer como un hombre seguro en un mundo que está en constante cambio.,1,alegria
"oímos a mucha gente compartir frustraciones con sentirse inadecuado después de ver tantas imágenes de perfección en proyectos y hogares a través de blogs y pinterest, etc.",0,tristeza
"simplemente me hundí en sentirme completamente satisfecho en el momento en que se hizo y oh, el sexo era súper excelente porque ambos se habían estado muriendo por llegar el uno al otro, así que tenía un borde de intensidad en ambas ocasiones y la acumulación hizo que valiera la pena, incluso más allá de lo caliente que estaba.",1,alegria
me siento personalmente devastado porque esto sucedió en mi universidad en la escuela en la que estudié.,0,tristeza
siento que nuestra vida es cualquier cosa menos glamorosa,1,alegria
me siento tan bajo de vivir alto coro post coro outro te necesito más te necesito más te necesito más que droga,0,tristeza
puedo recordar los sentimientos del momento en que estuvimos en coolum mientras estábamos acostados en mi propia cama el otro día y es gracioso cómo me está llamando y estamos hablando todos los días ahora.,5,sorpresa
me gusta mucho en el coro las personas que siento que son realmente amigos en el coro que son sinceros conmigo no van para el viaje y me siento realmente perdido,1,alegria
"me siento feo estoy más inclinado a usar jeans ratty y una sudadera que un hermoso vestido, aunque todavía podría usar un par de tacones alrededor de mi casa para aumentar mi autoestima ligeramente, pero definitivamente no me molestaré en comprar un nuevo par",0,tristeza
disfruto de grandes estampados audaces y supongo que su extraño im sensación tímida sobre leopardo,4,miedo
siento la asombrosa abundancia de mi vida más agudamente,1,alegria
"prueba ive intentó dejarlo caer y no pasó nada, lo que se supone que es si algo le sucediera a mi teléfono, me sentiría tan jodido",3,enojo
"siento que ella no parecía enérgica o feliz, incluso su asistente estaba un poco apagada mientras me lavaba el cabello después del corte seco, también era bastante áspera como si quisiera terminar rápidamente con ella.",1,alegria
"me sentía sentimental, así que tenía sentido conmemorar el hito con un libro.",0,tristeza
me siento un poco triste supongo,0,tristeza
me fui a la cama sintiéndome mal,0,tristeza
me siento inútil y el precioso tiempo que perdí es insoportable,0,tristeza
siento cuando tengo que sentarme solo,0,tristeza
me siento un poco deprimida,0,tristeza
"me siento lo suficientemente cómodo haciendo presentaciones frente a profesores y estudiantes, soy un intérprete, así que es algo así como lo mismo, la mayoría de mis experiencias en la escuela primaria fueron difíciles cuando se trataba de presentar porque no estaba en ello o me burlaban de mí.",1,alegria
estoy en verdadero estilo de víctima sintiéndome avergonzado por ser yo por tener un ptsd por ir a ellos de buena fe y luego los síntomas de mi trauma se muestran.,0,tristeza
me siento alegre y despreocupada,1,alegria
me siento un poco raro al tomar decisiones sin él.,5,sorpresa
siento que sus características hacen que este look hairstye realmente elegante,1,alegria
siento que me han demostrado que el tiempo es importante,1,alegria
"definitivamente estoy sintiendo el ambiente festivo y he estado ocupado con navidad y cosas pequeñas pasteles son en gran medida un regalo de navidad británico que nunca había oído hablar antes de que conocí a mi marido bien tal vez en una canción, pero aparte de eso",1,alegria
no sentí que había algo que me perdí y recupero todas las cosas que dije para hacerte sentir así y solo deseo que no sintiera que había algo que me perdí y recupero todas las cosas que te dije.,0,tristeza
"te puedo decir las cosas que no siento que tal vez debería estar sintiendo, pero realmente no puedo poner mi dedo en la causa de mi ser sacudido",4,miedo
"obtengo lo que williams está haciendo en el impacto a otros artistas, pero todavía siento que es más de una distracción de lo que es inteligente y la trama del misterio del asesinato es un gancho decente, pero resulta ser totalmente sorprendente",1,alegria
id consiguió más allá de todo oh bowd im tan humillado que no me siento humillado,0,tristeza
me siento tan enojado por el hecho de que no soy tan talentoso y creativo como muchos otros diseñadores.,3,enojo
me siento jodidamente patético y desesperado por tu hola,0,tristeza
"no estoy seguro de por qué siempre me siento reacio a escribir publicaciones de salud nutricional, pero decidí que esos días han terminado.",4,miedo
me sentiré cómodo entregándolo a un editor.,1,alegria
todavía no sentía que los problemas realmente se hubieran resuelto.,1,alegria
tengo esta desagradable sensación de que estoy siendo un desgraciado ingrato,0,tristeza
"pasé los primeros días sintiéndome un poco inquieto, así que me mantuve ocupado con la limpieza y la organización, etc.",4,miedo
ive perdido libras entre enero de este año y ahora tengo esta parte malvada de mí que se siente muy dispuesto a probar ropa nueva y decirme a mí mismo que merezco ropa nueva,1,alegria
siento que tengo que volver y aclarar cada declaración para que no agite a la gente.,3,enojo
"siento que siempre es importante tener un plan de carrera si no estoy apuntando hacia algo, entonces no estoy creciendo y desarrollando nuevas habilidades.",1,alegria
me siento irritable y enfermo,3,enojo
siento que si cometo un error todo se romperá como una delicada flor de cristal que se me escapó de las manos.,2,amor
me siento bien y que kai puede tomar las emociones que va a sentir hoy,1,alegria
una araña gigante se subió a mi cara y lo que es más en mi propio piso,3,enojo
todavía me siento un poco abrumado,4,miedo
"hoy me siento bastante vanidoso porque mi cabello se ve bien y, por lo tanto, he decidido hacer un post completo sobre productos de belleza.",0,tristeza
"no estoy seguro de si deberíamos comprar más, pero mi marido y yo nos sentimos bastante impresionados",5,sorpresa
todavía estaba buscando buenas causas que me apasionen para ser voluntario y nuevamente el año pasado cuando un amigo me presentó a una organización que empaca raciones de alimentos para familias necesitadas.,2,amor
"estoy apresurado por aquí y por todas partes por mi familia o amigos, a menudo me siento muy agotado y agotado.",0,tristeza
"comencé la universidad a la edad de y, aunque fue increíblemente estresante, me siento organizado y decidido, lo cual está muy lejos del engaño de hace años o tal vez incluso para el caso.",1,alegria
me siento vacío y espero nuevas señales,0,tristeza
"me gustaría decir que me siento muy bendecida dan no vive en este continente, aunque esto crea algunos otros líos internacionales únicos",1,alegria
me siento muy vulnerable con él le digo demasiado soy demasiado honesto y lo odio,4,miedo
empiezo a sentirme agitado por dentro,3,enojo
siento un recuerdo de lo extraño por justin aryiku cae en la última categoría,5,sorpresa
me siento bendecido de haber encontrado un amigo tan maravilloso,1,alegria
me siento extremadamente perdido en este momento,0,tristeza
"me siento demasiado agobiado incluso por la responsabilidad más pequeña, por lo que las grandes responsabilidades que he acordado recientemente se están abriendo camino en mi cerebro y haciendo cosquillas en mi subconsciente a todas horas.",0,tristeza
siento que es desafortunado que he tenido que tomar estas medidas drásticas y publicar este aviso ya que realmente me encantó publicar mi nuevo trabajo para flickr e interactuar con nuevas personas de todo el mundo.,0,tristeza
comencé a sentir mucho miedo a la decepción durante el recorrido solo porque la lluvia y la niebla continuaban.,4,miedo
ive encontró que me siento bastante bombeado,1,alegria
tengo estos grandes sentimientos de miedo y temor de que estos niños serán abusados porque sé cuáles son las estadísticas.,0,tristeza
"me dirigí allí esperando que se hubieran agotado hace años y que me encontraría tambaleándome arriba sin que se sintieran retorcidos y decepcionados, pero al menos con algunos de los centavos asignados todavía al acecho en mi propia cuenta bancaria.",3,enojo
creo que dormir más es bueno ya que he estado sintiendo falta de sueño todo el verano,0,tristeza
he terminado la universidad tenía un par de niños trabajados a través de sentirse completamente desanimado debido a una cámara que no tenía las funciones que quería entonces sensación como simplemente no podía hacer un trabajo decente tomar fotos he decidido darle otra oportunidad,0,tristeza
me fui sentir serencia e impresionado por el hombre que es,5,sorpresa
necesito cuando me siento golpeado,0,tristeza
me sentía realmente emocionalmente angustiado e incapaz de concentrarme,4,miedo
tengo que odiarme a mí mismo o incluso permitirme sentirme dañado a largo plazo,0,tristeza
no he pasado una semana sin párpados exagerados desde el año en la escuela me siento bastante mierda,0,tristeza
me refiero a la buena comida que contiene recuerdos maravillosos y me hará sentir bien cuando la tenga.,1,alegria
"sé que tengo a mi familia y amigos y dios, pero en algún momento de tu vida quiero sentir el amor romántico de nuevo.",2,amor
me siento realmente honrado de que hayas aceptado mi invitación para participar en este proyecto.,1,alegria
no consideré que tal vez tenía dificultades para sentirse aceptada en un cierto grupo de personas y tenía miedo de ser rechazada.,2,amor
"siento que puedo leer todos los artículos y blogs e incluso los comunicados de prensa del maratón de akron en el mundo, pero nada puede calmarme.",1,alegria
me di cuenta de que estaba cansado de sentirme raro en las relaciones con los niños.,4,miedo
me desvié siento los dolores de la soledad y el descontento,0,tristeza
"podía sentir sus ojos perforando un agujero en mi cuello mientras caminaba rápidamente hacia un lado, así que ya no estaba en el camino de su hijo.",0,tristeza
me siento muy angustiada esta noche,4,miedo
"siento que ella me está juzgando y él no está aquí y no quiero parecer la chica necesitada, así que no lo sé.",0,tristeza
estoy convencido de que esta es otra relación que está dañada y fue una de las pocas en las que confié.,1,alegria
me siento inhibido de derramar mi,0,tristeza
no estoy seguro de por qué hoy me siento tan horrible,0,tristeza
siento la suave presión de la semilla a través del suelo,2,amor
tengo incluso un tiempo o dos me encontré sintiendo un poco de celos de las madres que tenían bebés perfectos que han estado durmiendo toda la noche desde que tenían tres meses de edad y hablando en frases a los dos años de edad.,3,enojo
también soy bastante sincero al afirmar que me siento agitado y que solo me dé un poco de espacio para tratar,4,miedo
me siento tan extraño y enfermo que tengo que despertar en tres horas parece que todo funciona en tres días ahora t r e e s,5,sorpresa
he visto en acción de gracias esta mañana me siento doblemente bendecido por lo que dios me ha dado,2,amor
"me siento feliz, me siento eufórico, pero también agradezco a dios por llevarme a esta etapa.",1,alegria
"me estaba sintiendo lo suficientemente fundido y miserable, así que solo puedo imaginar lo que él debe haber estado pasando.",0,tristeza
no puedo entender por qué sigues ocultando tus sentimientos cuando él te ama tanto.,2,amor
supongo que es por eso que me siento tan melancólico por todo el asunto.,0,tristeza
"desarrollé sentimientos desconocidos por él, creo que esa es la razón por la que siento que me estoy conformando con todos los otros chicos que me gustaron.",2,amor
me siento vacío a href http mohdashif,0,tristeza
empecé a meterme en algo que debe haberme distraído porque ahora me siento juguetona,1,alegria
"me siento impaciente por hacer una publicación final después de cuatro semanas más con resultados tangibles hasta ahora, es emocionante ver hasta dónde puede llegar el philips reaura en términos de reafirmación y suavizado.",3,enojo
siento que dios ha sido amable al responder oraciones,1,alegria
me siento muy irritable cuando estoy rodeado de ella,3,enojo
me quedé un poco atrapado en el momento y olvidé que en el centro de los comentarios groseros y las canciones tontas estaban los verdaderos sentimientos de un actor cómico querido y brillante y una mujer joven muy dulce y de gran corazón.,1,alegria
me siento como una madre tan mala en este momento,0,tristeza
"siento que mis manos se tejen con las tuyas, una intimidad tan delicada que es compartida por las manos de dos personas que comparten tanto secreto para que el mundo sea desconcertado.",2,amor
"me habría encantado haber tenido una siesta, pero como ya estábamos aquí, steve y luego paseamos por los jardines botánicos para sentir dónde podía ir para obtener algunos brotes encantadores para las familias.",2,amor
no sentí el amor de los hombres que abusaron,0,tristeza
estoy abrumado con el dolor profundo del corazón que se siente como un dolor vacío que comienza en mi pecho y se extiende a través de mi alma.,0,tristeza
también me siento irritable porque el hermano científico de los personajes principales que observa la luna menciona que hay gravedad cero allí.,3,enojo
yo era y todavía me siento romántico posiblemente debido a las interminables conversaciones de boda con mis amigas que implica una gran cantidad de hablar sobre vestidos caprichosos sesiones de fotos de ensueño y decoraciones inspiradas en la vendimia,2,amor
"iba a contarte más sobre mi viaje a oregon, pero ahora mismo no estoy súper sintiéndolo y leer sobre las vacaciones de otras personas se vuelve un poco aburrido.",0,tristeza
me siento agradable,1,alegria
me siento adormecida de la misma manera que una herida antes de que realmente empiece a doler.,0,tristeza
"me siento excelente, pero a veces no hay nada que hacer, especialmente porque ya no estoy muy interesado en los videojuegos, veo un poco de anime y algunas películas, pero theres solo tiene que ser más en mi vida.",1,alegria
"creo firmemente que estos son recursos humanos valiosos que podrían realmente tomar el estado en el círculo virtuoso del crecimiento del desarrollo, la prosperidad y el bienestar general.",1,alegria
necesito incluso con su amor y gracia todavía siento que me sentiría perdido sin compañía humana y no sé qué tan bien puedo lidiar con la pérdida de algunos de mis mejores amigos,0,tristeza
"realmente me sentiré cómodo hablando con otros en japonés, me siento bastante feliz con mi progreso actual.",1,alegria
el día que llegué a saber que iba a conseguir una vivienda compartida con mi novio mi lugar de padres se estaba llenando un poco con mi creciente molestia de querer una habitación para sí mismo primero sentí duda,1,alegria
"me siento más decidido que nunca a perseverar con el uso de la tecnología basada en la web para aprender a pesar de los problemas, errores y frustraciones.",1,alegria
debería haberla ayudado a sentirse valorada,1,alegria
me siento horrible tener que decir no ahora mismo tan a menudo,0,tristeza
tengo ataques de pánico cuando suena el teléfono y me siento tan aislado,0,tristeza
cuando cambiaron mi oficina a otra habitación sin mi consentimiento,3,enojo
"sin embargo, no me siento de ninguna manera hostil a nadie o capaz de violencia.",3,enojo
puedo sentirme superior en ese punto,1,alegria
todavía me sorprende lo silenciosa que es la nieve en comparación con la lluvia.,5,sorpresa
debería sentir que hay mucho que hacer seguro porque hay pero no tanto que me abruma infeliz y no disfrutar de mi tiempo con mi familia,1,alegria
quiero encontrar la paz porque hay tantas cosas sucediendo en el mundo que afectan a tantos otros y me siento egoísta por estar tan triste cuatro años después.,3,enojo
"me siento emocionado con tu presencia en tus ojos, siento la creencia en la paz con sinceridad.",1,alegria
tuve que ir al gimnasio tantas veces esta última primavera que me acostumbré a sentirme neurótica y luego la sensación neurótica se fue.,4,miedo
empecé a cubrir los lazos y tener una idea de cómo se vería y lo odiaba,0,tristeza
"estoy harto de tener constantemente esta sensación traicionada en mi estómago, la sensación de que no importa cuánto alguien diga que se preocupan por mí, ya sea un amigo o algo más, no parecen tener ninguna lealtad, no hay compasión por mí o lo que me duele, no entiendo solo argumentos.",0,tristeza
sé que no estoy solo en este sentimiento y una comunidad de apoyo es el antídoto.,2,amor
acabo de tener un bebé me siento mal por mí mismo y mi marido no parece querer tener sexo conmigo tan a menudo,0,tristeza
puedo vivir mis valores en lugar de simplemente ser aplastado por la deuda sintiéndome rechazado y sintiéndome vacío.,0,tristeza
"supongo que si hago suficientes apariciones en radio, aumenta la posibilidad de que algún día sea bueno en eso, pero en anticipación se siente como si estuviera condenado a la repetición eterna de lo inútil.",0,tristeza
tengo miedo de ser abandonado,4,miedo
me siento después de ventilar a un cuaderno es increíble,1,alegria
me siento tan bendecido en esta vida,1,alegria
siento un dolor cuando mi teléfono suena y no es un dulce texto de mi amor,1,alegria
me siento como si me castigaran por existir,0,tristeza
estaba preocupado de que sería incómodo y me sentiría solo,0,tristeza
siento la necesidad de distraerme,3,enojo
siento todo intensamente y la angustia emocional y física es una parte diaria de vivir con la discapacidad.,0,tristeza
también siento que me ha ayudado a convertirme en un individuo inteligente.,1,alegria
quiero hacer esas cosas cuando todavía soy joven y me siento un poco sin miedo,1,alegria
estaba realmente feliz de escuchar esto porque id estado sintiéndose agotado anormalmente últimamente así que espero que esto ayudará,0,tristeza
"soy lo suficientemente mayor como para que la graduación y yk se sientan como ayer, me encuentro un poco aturdido por esto.",5,sorpresa
creo que todavía me siento adormecida,0,tristeza
todavía me siento agradecido y en ese sentido pensé que celebraría el blog compartiendo algunos momentos experiencias de este otoño por las que estoy agradecido.,1,alegria
creo que tal vez la persona da una falsa esperanza sólo porque no quiere mostrar sus sentimientos sólo porque tiene miedo de las reacciones de la chica.,4,miedo
"siento que debería estar más agradecido, pero estoy luchando",1,alegria
solo siento este fuerte deseo de saber más acerca de mi nombre sake las banderas,1,alegria
ya tengo mis árboles de navidad arriba tengo dos y me siento festivo que estoy seguro me está estimulando a empezar en este libro,1,alegria
"realmente siento que si eres lo suficientemente apasionado por algo y te mantienes fiel a ti mismo, tendrás éxito.",1,alegria
im sensación suavemente vacilante acerca de la publicación de estas fotos porque esta vez la carrera abofeteó no copie en cada imagen,4,miedo
me siento como que podría haber conseguido todo aprensivo sin ninguna razón en absoluto,4,miedo
me siento simpatizante con los israelíes,2,amor
estoy poniendo en mi palma y soplando en ella con la esperanza de que llegue a los oídos del universo y su sensación un poco generoso el día que llega a ellos,1,alegria
creo que me sentía vulnerable debido al estrés de tener que comprar una nueva máquina de coser e impresora,4,miedo
posé en formas vintage lindas todo el tiempo sintiéndome absolutamente fabulosa,1,alegria
me siento un poco asustado de que usted está tocando mi coche mientras estoy lejos en repetidas ocasiones le pido que deje de poner cosas en él,4,miedo
me siento como si casi uh miedo de todo por así decirlo,4,miedo
creo que la mayoría de las adolescentes se sienten como cuando están influenciados por la multitud popular y solo quieren encajar.,1,alegria
me siento un lil abrumado de nuevo,5,sorpresa
"me siento tan satisfecho, tan satisfecho",1,alegria
siempre quiero a nemo a mi lado y dormir sin ella ahora se siente raro a pesar de que no sucede a menudo que llegue a,5,sorpresa
me siento decepcionado porque pasé tiempo en él y hacer algo diferente para crear una composición interesante,0,tristeza
mal ver ya sea la primera versión o si me siento aventurero mal ver la fantasía versión cumplida de la misma un,1,alegria
soy capaz de reemplazar el miedo a la gente con amor por ellos me siento mucho más seguro feliz me atrevo a decir invencible,1,alegria
i like the domestic scene salty sweet combos repasa el olor de los bebés romero la sensación de haber ejercitado la mano aplaudiendo rimas libros perdidos tazas de té y ropa que ha sido lavada seca doblada y guardada,0,tristeza
siempre me siento incómodo cuando estoy solo en una multitud de compañeros y siento la necesidad de hacer amigos.,0,tristeza
me sentiré fantásticamente renovada y rejuvenecida como si acabara de despertar de una siesta de una hora de descanso.,1,alegria
salgo del estudio sintiéndome agotado empapado de sudor y con una sorprendente claridad de enfoque y tranquilo por dentro.,0,tristeza
estoy en una reunión de aa hoy y realmente comencé a sentirme tan aislado de todos en la sala.,0,tristeza
me sentía impaciente y tomaba pastillas.,3,enojo
sonrío y me siento muy feliz al mismo tiempo que me siento nervioso y mi corazón late más rápido que el tornillo de usain,1,alegria
enfermo creo que pensé que era sólo que hay tanto lío sobre una base diaria que su empezando a sentirse menos como un poco de desorden encantador y más como un episodio de acaparadores,1,alegria
acabo de leer esto en yahoo y pensé que verrrrrryyyy interesante n n n rojo puede ser el color del amor por una razón que hace que los hombres se sientan más amorosos ntoward,2,amor
siento que no puedo soportarlo más le dije a mi novio y él está furioso,3,enojo
leí que los hombres preferirían sentirse poco amados que inadecuados o irrespetuosos.,0,tristeza
tuve que cambiar después de varios meses debido al hecho de que no sentí que mi hija estaba siendo ayudada o mi hija me convenció de lo podridos que estaban los terapeutas.,1,alegria
en el ejército,3,enojo
me siento tan dañado que no puedo hablar,0,tristeza
estoy pasando por algunas sensaciones hoy y tengo que admitir que son bastante desagradables,0,tristeza
le había prometido que compraría su cupcake bt im sintiéndome tímido para enfrentarla.,4,miedo
siento que un post podría estar dedicado a lidiar con las emociones causadas por situaciones vs.,2,amor
me siento extraña,4,miedo
estoy gritando a mis hijos en la caída de un sombrero sin ninguna razón no poseen energía para hacer nada sólo sentirse irritable y triste por todo,3,enojo
me hubiera gustado ir pero no me iría sin razón porque eso me sentiría muy incómodo.,4,miedo
me siento demasiado enérgico y algunos días simplemente siento lo contrario.,1,alegria
"terminé la bicicleta no solo sintiéndome fuerte, sino que tuve un éxito completo por ahí, me di cuenta de lo que quería hacer y mi división de la bicicleta estaba en el extremo más rápido de lo que pensé que podía hacer.",1,alegria
me siento im parecer un grupo de caza cojo inocente vieja hiena sucia así que no tienen ninguna esperanza y maneras de estar libre de muertos,1,alegria
"estaba volviendo al sofá era duro, pero me sentía bien al respecto",1,alegria
yo también me siento confundida,4,miedo
me siento tan increíblemente bendecido de que mis hijos hayan podido participar en ella.,1,alegria
"im asumir la inquisición er no significa subespacio, sino más bien un estado de sentirse muy sumiso",0,tristeza
empiezo a recordar lo desesperadamente que me sentí cuando traté de quedar embarazada después de sentirme impresionado por comenzar a tener una familia y pronto me doy cuenta de que no es tan fácil como crees quedar embarazada.,5,sorpresa
"siempre me siento intimidado por otras personas, especialmente cuando siempre me comparan con otras personas desde que era joven.",4,miedo
todavía me sentía angustiado por la falta de progreso en el frente del bebé también.,4,miedo
me siento enojado asqueado,3,enojo
me siento más relajado ahora que voy a recibir una buena atención y que tengo que aceptar los consejos que me dan a menos que me siento muy fuertemente de lo contrario,1,alegria
i bag qaf look who s cryin now jacynthe lookin buen feelin magnífica rupaul las pieles tijera hermanas valentine el sol harto kayle que s su papá gerling despierta la cruel u,1,alegria
ive se reservó el derecho a sentirse obstinado e impotente al respecto,3,enojo
"por suerte, no creo que nadie que conozco estuviera allí en ese momento, pero no puedo evitar sentirme un poco sacudido.",4,miedo
"no podía soportar más, solo quería encerrarme en mi habitación y no lidiar con todo y luego, de otras maneras, puedo sentirme más apasionada por tomar fotos.",2,amor
"tenía un delicioso pastel de manzana, así que no hace falta decir que me sentía bastante aturdido",0,tristeza
me he sentido muy vacío y adormecido los últimos meses,0,tristeza
soy conocido por dejar ir las cosas cuando no me siento bien,1,alegria
tengo la sensación de que mi madre no estará tan interesada en esa idea.,1,alegria
me siento vigorizado cuando algo se refresca,1,alegria
anhelo cuando me siento vulnerable,4,miedo
me quedé un poco estupefacta mirando a mi alrededor sintiendo la cultura sorprendida,5,sorpresa
"no lo arrojaría al océano, pero no siento que me hubiera perdido algo en mi carrera si no ganara un oscar.",0,tristeza
supongo que un par de días sin sentirse tan caliente es mejor que la tos ferina.,2,amor
me siento menos estresado conduciendo una ruta difícil que siendo el pasajero.,0,tristeza
reformé el entrenamiento ligeramente porque mi brazo izquierdo se sentía sensible,2,amor
me siento muy aliviado estoy tan feliz y rápidamente terminé un pequeño fob de tijera,1,alegria
me siento extraño fuera de clase y no voy a recurrir a esto de nuevo,4,miedo
"estoy sintiendo la necesidad del anhelo por las flores, los pájaros y el calor del sol.",2,amor
"soy un introvertido, por lo que quiero decir que me siento reenergizado estando solo y preferiblemente en un lugar tranquilo, así que los momentos en la galera de la tripulación cuando hay mucha gente en un lugar relativamente pequeño hablando a la vez pueden dejarme sintiéndome agotado y necesitado de una habitación oscura con nada más que ruidos de ballenas.",0,tristeza
"creo que un activo que te hace destacar de otras bandas es que tu musicalidad, especialmente en el último disco, alcanza el siguiente nivel y siento que esta es la razón por la que eres aceptado en tantos géneros, especialmente en la escena hardcore.",2,amor
realmente podría conectarme y disfrutar en lugar de retirarme y sentir resentimiento.,3,enojo
incluso elegí hermosos snaps de aspecto perlado y es suave y cómodo se siente como cuidar de mí mismo,2,amor
todavía me siento bastante contento amp feliz lah,1,alegria
"me siento reacio a comentar porque no quiero agregar a un montón, pero me parece claro que los involucrados no han aprendido de sus experiencias pasadas ni están interesados en aplicar ese aprendizaje a proyectos futuros.",4,miedo
"me siento más productivo cuando siento que estoy construyendo algo, incluso si es algo que nadie quiere o va a usar o leer.",1,alegria
he estado constantemente en pánico y haciendo un gran alboroto sobre mis resultados de aprendizaje y examen a menudo sintiendo rencor por haber perdido una marca o dos en la parte superior de la clase.,3,enojo
admito que hay una especie de sensación mexigoth o vibra a la que me gusta,2,amor
espero que tengas esa sensación de mariposas de nuevo un día porque fue realmente fantástico,1,alegria
me siento fenomenal y estoy empezando a poner peso en,1,alegria
yo era y me siento honrado de disparar para nueva colección de ffayths,1,alegria
siento que mi deseo de aprender o explorar la verdad como dicen en la espiritualidad me lleva a fuentes útiles.,1,alegria
sentí que tenía que sentirme más agradecido por la gente,1,alegria
"me había sentido un poco enfermo, pero solo pensé que era nervios o sensación de ansiedad",4,miedo
me pregunto si estoy solo en el hecho de que soy capaz de identificar mis comportamientos destructivos pero me siento condenado a repetirlos.,0,tristeza
estoy nervioso y ansioso por todas las cosas que tengo que hacer hoy.,4,miedo
supongo que todas las parejas casadas tienen días de vez en cuando cuando cuando una pareja siente que es domésticamente violenta hacia la otra.,3,enojo
nunca estoy feliz por las cosas que tengo me siento tan ingrato por eso,0,tristeza
me siento humillado y estúpido que no me di cuenta de que todas estas cosas sólo te empujaban más lejos de mí,0,tristeza
siento que estoy siendo castigado gt gt gt gt gt algo que podrías haber evitado siendo honesto.,0,tristeza
tengo un poco de ejercicio y siento que estoy haciendo algo que vale la pena mientras tanto,1,alegria
"me siento apoyado por él, también no puedo ayudar, pero me siento celoso",2,amor
trato de no hablar con nadie cuando me siento así de irritable.,3,enojo
me siento inseguro y triste porque no sé qué hacer con mi libro.,4,miedo
me siento un poco frenético hoy con todo lo que necesito hacer,4,miedo
cuando fui atacado por un adolescente y me robaron la billetera,4,miedo
vi caer la nieve y acumularse en los árboles de coníferas mientras estaba paleando en las mangas de mi camisa y sintiéndome vigorosa.,1,alegria
"sé que no habría resuelto nada, pero estoy seguro de que me habría hecho sentir momentáneamente menos agitado.",3,enojo
"tengo una sensación de que mica no es tan elegante, pero estoy dispuesto a que se demuestre que está mal y creo que jan podría sacar algo fabuloso de la bolsa.",1,alegria
me siento tan inseguro todo lo que hice fue llorar por teléfono diciendo que no puedo terminar la lectura,4,miedo
estaba empezando a sentir resentimiento hacia ah kiat con respecto a su enfoque obsesivo y anal hacia la casa y olvidando que solo me ha tratado con mucho cuidado y atención amorosa hasta ahora desde que hemos estado juntos.,3,enojo
"recuerdo lo que se siente desde la perspectiva de un fan porque viví en chicago durante toda la era de los toros de chicago de michael jordan y todavía tengo buenos recuerdos de esos días, pero hoy pertenece a las celtas y les doy una propina.",2,amor
cuando mi abuela murió después de una larga enfermedad,0,tristeza
siempre me siento devastado cuando se muestra cerca porque se siente como algo más que el final de una producción.,0,tristeza
"siento que me gustó, pero al mismo tiempo me siento decepcionada",2,amor
asumo la ofensa que más me asusta cuando me siento más vulnerable en las relaciones cercanas con los demás y atraigo esa ofensa y toda mi espantosa vulnerabilidad hacia el amor de dios en el propiciatorio que me llena por completo.,4,miedo
todavía me siento valiente cuando entro en la terminal perfumada de perfume saudita en los embotamientos desde donde saldrá mi vuelo en una hora.,1,alegria
"perdono a stanley, él no es tan rápido para perdonar también y me acusa de cometer un error tonto y hacer que se sienta mal recibido en nuestra casa.",0,tristeza
me lancé a él después de sentirme genuinamente satisfecho por él.,1,alegria
me siento aún más fuerte ahora que esto puede ser una herramienta valiosa en el aula,1,alegria
"no sé si no he probado un nuevo personaje, pero el universo se siente mucho más animado de lo que era cuando empecé, así que espero que eso también sea cierto para los nuevos personajes.",1,alegria
siento que cada vez que uno de mis mensajes recibe masivamente downvoted pagetitle rugmi imágenes populares de la ahora,1,alegria
"supongo que siendo el buen amigo que es, no puede y no me permitirá seguir con la vida sintiéndome tan angustiado y confundido.",4,miedo
siento que todavía tengo información valiosa desde esa perspectiva.,1,alegria
simplemente no puedo hacer una conversación adecuada y me siento molesto por las cosas pequeñas,3,enojo
tengo ganas de escribir sobre o apoyar su producto en el mercado de payperpost,2,amor
me fui con una gran sensación de ánimo y rico por haber caminado junto a los africanos,1,alegria
"en cambio, necesito concentrarme en sentir esa sensación extática de hacer llamadas telefónicas sin estar apegado a los resultados y creo que el dinero para mover vendrá sin preguntarme exactamente cómo, dónde o cuándo.",1,alegria
me pregunto por qué la generación de hip hop de los afroamericanos siente que la palabra nigga está bien.,1,alegria
me avergenzo de mis días improductivos,0,tristeza
creo que disfrutaron del evento porque los hizo sentir bienvenidos.,1,alegria
paso tiempo saliendo o tratando de salir solo para terminar sintiéndome confundido,4,miedo
acumulo la culpa y me siento inútil y avergonzada debido a mi falta de productividad.,0,tristeza
"me dejé pensar en mi comportamiento hacia usted cuando éramos niños, siento una extraña mezcla de culpa y admiración por su capacidad de recuperación.",4,miedo
creo que una receta es sólo un tema que un cocinero inteligente puede jugar cada vez con una variación.,1,alegria
me siento bienvenido y amado,1,alegria
siento una necesidad violenta de vomitar y de volver a salir de la habitación.,3,enojo
siento que debo mencionar que había otra dulce familia con nosotros,1,alegria
"no soy lo suficientemente apreciativa no me amo ni me preocupo lo suficiente y no me siento contenta con lo que tengo ahora, nunca seré feliz.",1,alegria
siento que si no se rompió por qué arreglarlo,0,tristeza
"me siento como empezar con mi nombre es susanna, pero no quiero ser tan aburrido",0,tristeza
estoy sintiendo melancolía lo abrazaré y escucharé un poco de pop melancólico lento.,0,tristeza
me siento como si hubiera sido asaltado por un erizo de titanio,4,miedo
"todavía me siento melancólico a veces, pero eso también puede ser ahuyentado si solo mantengo mi mente ocupada.",0,tristeza
"pensé que tal vez puedo superar esto, pero hoy y ya estoy llorando y sintiéndome increíblemente deprimido.",0,tristeza
me encanta la lectura me siento positivamente rico cuando la casa está llena de nuevos libros de aprendizaje cosas nuevas y como el dolor es implacable no puedo realmente el ritmo de mí mismo me paso mis días alfabetizando de trabajo en trabajo dependiendo de lo estúpido me siento como siendo,1,alegria
empiezo a sentirme ansioso de nuevo,4,miedo
me siento reacio a aplicar allí porque quiero ser capaz de encontrar una empresa en la que conozco al menos una persona,4,miedo
podría pasar horas en un set y sentirme increíble,5,sorpresa
estoy seguro de que los chicos del paquete se sienten bastante generosos en esta época del año.,2,amor
siento que soy muy apasionada de youtube y me gusta explicar por qué creo que youtube es la mejor opción para el entretenimiento,1,alegria
"me siento tan enfurecido que quiero darle un puñetazo, pero no lo hago porque él es sólo años de edad",3,enojo
me siento tan bendecida solo por ser su madre,1,alegria
siento pero la noche es algo absolutamente encantador para mí,1,alegria
me siento desesperada y aburrida,0,tristeza
me siento terco y fuerte y listo para luchar contra esta enfermedad,3,enojo
me siento tan poco importante que probablemente soy,0,tristeza
me siento muy honrado de tener a este maravilloso hombre como mi esposo.,1,alegria
me siento tan honrado que se me ha permitido escribir mi historia y,1,alegria
iv trabajado muy duro todo el año para tratar de hacer que cada niño en la clase se sienta valorado,1,alegria
la última vez que hablé con ella y ahora me siento todo hinchable de nuevo voy a dormir bien esta noche methinks,1,alegria
me siento bien leyendo el resto,1,alegria
realmente me siento bien,1,alegria
nunca me siento mal gastando dinero en otras personas solo cuando lo gasto en mí mismo.,0,tristeza
no me gusta estar en casa se siente tan desagradable de hecho lo desprecio,0,tristeza
me siento ofendido y triste porque no conocen su ignorancia.,3,enojo
"digo que solo lo conocía y no quiero que parezca que estoy personalmente devastado por eso, estoy seguro de que aquellos que estaban cerca de él se sienten devastados y no quiero apropiarme de eso o faltarle el respeto a ese dolor.",0,tristeza
ya no me siento mal conmigo mismo,3,enojo
me siento enrojecida mi hombría ha sido insultada y exige satisfacción,3,enojo
me siento profundamente insultado por este anime lo tontos que creemos que somos.,3,enojo
me encanta la vida me siento optimista y afortunado,1,alegria
me siento paranoico cuando uso maquillaje,4,miedo
me siento increíblemente bendecido por la vida que me han dado y la gente que dios ha puesto en ella.,1,alegria
siento que mi capacidad de amar a los demás para mostrar amor para ser amado y compartirlo ha crecido dramáticamente.,2,amor
me siento esperanzado y muy agradecido por la familia de apoyo que me ha ayudado con esta transición.,1,alegria
"no sabía que ella era de los condenados y que había tenido siglos para perfeccionar las mismas palabras que esgrimió contra mí con su filo de navaja en retrospectiva, no puedo evitar sentirme resignado al destino que inevitablemente siguió porque estaba indefenso para resistirla.",0,tristeza
im honesto im sorprendido a mí mismo por sentirse tan emocional acerca de todo lo que ha adoptado una burla bastante juvenil contra heaney como un año aburrido en la escuela,0,tristeza
creo que es el único sitio que realmente me ha hecho sonreír y sentirme seguro de que hay personas moralmente buenas y amables en este mundo.,1,alegria
estoy tan cabreado ahora lol gritando silenciosamente bebé dormir a mi lado bueno eso es eso y tody es otro día y me siento como ser mezquino,3,enojo
estoy muy fascinado por ella y no me siento tan tenso por los muchos desafíos que la vida tiene debido a ella.,4,miedo
siento que no he sido tan compasivo con él como debería serlo,2,amor
lo que hago es enviar esa energía pesada a ella como ofrenda y mantengo la pieza en el suelo hasta que sienta que esa energía se ha drenado hacia la tierra.,0,tristeza
me siento tonto admitiendo lo duro que me golpeó,0,tristeza
me sentía rebelde por lo que nos estaba pasando como familia.,3,enojo
"sé también que muchos otros, especialmente los padres, se sienten conmocionados y traicionados por lo que se ha revelado.",5,sorpresa
entiendo por qué está preocupada porque he sido bastante honesta acerca de sentirme una mierda por todo eso.,0,tristeza
puedo sentirlo inteligente de ellos y,1,alegria
me siento aquí vacío un enlace de recuento de mensajes de clase href http mooshilu,0,tristeza
"discutí anteriormente en mi última publicación de blog cómo las audiencias aprensivas se han vuelto hacia los baños, se sienten automáticamente nerviosas, lo que se ha convertido en un tropo fantástico para la ficción de terror.",4,miedo
"me desperté esta mañana sintiéndome más como yo, así que después de días de pereza estaba ansioso por prepararme y dirigirme a altitudes más altas.",1,alegria
no sentía que hubiera nada especial en ello.,1,alegria
me siento descorazonado porque confío en la gente para tratar de llegar a conocerme para no ver a través de mí y creo que soy aburrido o cualquier cosa,0,tristeza
me siento un poco perdido hoy,0,tristeza
supongo que mucha de ella es bastante alta a pesar de que puedo sentir su hipo e im adivinar el movimiento de la mano y el brazo bajo,0,tristeza
"me siento enojada, creo que me estropeo sobre alborotar el aire e inflar mi posición y exagerar el problema.",3,enojo
id han pasado más tiempo con ella en la lectura me siento un poco culpable por eso,0,tristeza
me siento humillado ya que un chico tiene que llevarme a través de él gt lt se pone enfermo ive evitó el baile a través de todos los folkeskole y no voy al azar que,0,tristeza
recuerdo cuando empecé a sentir nostalgia,0,tristeza
odio sentirme vacío y adormecido,0,tristeza
"siento lealtad sentimental tanto como la próxima chica promedio que conoces, soy tan propensa al apego irracional como cualquier chica blanca súper afortunada, súper próspera y bien educada en la mitad exacta de su vida.",0,tristeza
"quiero que mis hijos aprendan de mí, es que siento profundamente que todos estamos llamados a algo y que algo es tu precioso regalo para ser amado y apreciado.",1,alegria
"sé que contribuiste a mi éxito, pero hoy me siento lo suficientemente mezquino como para ignorar esas contribuciones.",3,enojo
en casa puedo sentir cómo el frío se ha filtrado en mis brazos y piernas,3,enojo
me encantan los comentarios así que siéntete libre,1,alegria
comprendí en algún lugar de mi corazón su sentimiento de desprecio y abandono de toda esperanza de volver a confiar en mí.,1,alegria
"me siento rechazado por todos los hombres que me gusta me di por vencido en preguntar por qué y qué hice, así que huyeron",0,tristeza
"ya me siento emocional antes de tener la oportunidad de decir nada en absoluto, ella se vuelve hacia mí y dice que te amo.",0,tristeza
"empecé a sentirme un poco alarmado, pero no tenía miedo por alguna razón.",4,miedo
me siento particularmente mal por mis capacidades de aprendizaje de idiomas esta semana.,0,tristeza
me gusta ver a la gente hacer cosas horribles para que pueda estar indignado con ellos y sentirse superior.,1,alegria
estoy empezando a aprender que sentirse incómodo no es algo tan malo y sentirse incómodo no es algún tipo de desorden social.,0,tristeza
estoy abajo libras sentir fantástico y se sorprendieron de haber descubierto lo que había estado pasando este año pasado,1,alegria
de repente me siento como una especie de virgen inocente,1,alegria
salí de la casa sintiéndome feliz de estar en casa de nuevo,1,alegria
no puedo decirte la alegría que estaba sintiendo mientras sostenía a mi hijo ahora tranquilo,1,alegria
yo iba a hacer lo mismo con ellos yo tendría esta conciencia culpable y me sentiría como una perra sin corazón,3,enojo
"lo siento por los empleados, pero si esta es la forma en que applebees ceo se comporta mejor si la cadena se muere de hambre por el cuidado de los consumidores",0,tristeza
me niego a sentirme culpable,0,tristeza
siento que esta es solo otra estratagema inteligente jugada por ashraf para intentar evitar una paliza a manos de los fanáticos paquistaníes.,1,alegria
le dije a dh que me estaba sintiendo internamente inestable,4,miedo
todavía me siento mal de mierda tómalo como una señal de que necesito finalizar las cosas aquí para el niño,0,tristeza
ya no me siento deprimido y no estoy loco o heve t todavía un href http www,0,tristeza
personalmente siento que están condenados a terminar en último lugar en la central sin este engranaje clave para cualquier equipo de campeonato.,0,tristeza
me da vergenza que estés perfectamente bien concediendo,0,tristeza
me sentí un poco avergonzado a la defensiva y excluido.,0,tristeza
trato de ser consciente de dónde estoy en la habitación y me comunico con el ministro de antemano sobre lo que se sentiría más de apoyo para ella,2,amor
"ni siquiera estoy tratando de planear ser perfecto esa semana no sucederá, así que necesito hacer un plan para al menos superarlo sin sentirme privado o enojado conmigo mismo.",0,tristeza
hoy me siento tan feliz,1,alegria
me sentía gruñón y el viejo ha mencionado que la terapia de venta al por menor es genial,3,enojo
me gustaría poder cancelar la boda solo para poder sentirme despreocupada de nuevo,1,alegria
he cambiado de canciones como que uno estaba empezando a hacerme sentir un poco de melancolía y que la mierda necesita que,0,tristeza
"siento que no es la distancia lo que separa a los amantes lo que termina una relación, es la impaciencia de los humanos de sentir el toque de su amado o escuchar a un amante susurrar su nombre.",2,amor
simplemente no me siento tenso en absoluto,4,miedo
me siento enojada por esto y confundida sobre cómo podría volver a casarse ya y especialmente con el propio hermano de mi padre.,3,enojo
me siento popular especial e importante,1,alegria
"creo que finalmente puedo articularlo, el prius está en su propio brillante feliz al gore vistiendo patagonia de manera algo insidiosa, ya que hace que la conducción se sienta como un acto virtuoso.",1,alegria
no iba a publicar nada sobre su muerte porque me hizo sentir loco y de mierda,3,enojo
me siento engañado jugado y ahora aliviado,1,alegria
yo también me siento desagradecido,0,tristeza
"le he dicho muchas veces, así como le he dado regalos que dicen exactamente cómo me siento acerca de mi preciosa chica",1,alegria
me siento sucio incluso admitiendo que ive lo vio mucho menos propio en dvd,0,tristeza
sugiero que antes de comenzar te tomes un tiempo para reflexionar sobre tus relaciones y entender qué te hace sentir específicamente valorado y amado y qué te hace sentir inseguro e innecesario.,1,alegria
me siento un poco estresado con todo,0,tristeza
me siento privilegiado de pertenecer a ti,1,alegria
subo sintiéndome más que un poco aprensiva,4,miedo
estoy diseñando juegos que realmente me hace sentir emocionado,1,alegria
"no puedo decirte lo horrible que ese comentario me hizo sentir que no me apoyaba, es condescendiente.",2,amor
tengo tanto miedo que soy bipolar porque se siente demasiado como ser como los niños que odiaba en th grado los niños que casi me llevaron al suicidio por primera vez en mi vida.,0,tristeza
me estaba sintiendo tan podrido por eso,0,tristeza
me siento extremadamente insultado,3,enojo
me siento tan vigorizado y listo para lo que viene y muy emocionado de compartir toda esa información con todos ustedes.,1,alegria
me siento tanooooooooo jodido en este momento,3,enojo
me siento tan jodida en estos días,3,enojo
estoy sintiendo divertido un href http,5,sorpresa
"me siento bien, lo cual es lo suficientemente bueno en una noche de domingo",1,alegria
estoy tratando de concentrarme en no sentir lástima por mí mismo y no estar molesto por la pérdida de una posesión material.,0,tristeza
me siento como estoy en una etapa muy extraña de mi vida en este momento como estoy entrando en mi th año,4,miedo
"todavía me siento decepcionado, sin embargo",0,tristeza
me siento y estoy dispuesto a venir a china y la experiencia de la vida en un nuevo país,1,alegria
"me doy cuenta de que me preocupo por él, aparto esa sensación y reemplace el pensamiento con algo positivo o me recuerdo a mí mismo que está fuera de mi control.",1,alegria
me pongo realmente sudoroso durante estos episodios y mi estómago se sentirá muy divertido como si estuviera cayendo libremente,5,sorpresa
"por lo general, me siento agravado con la actitud poco profesional del resto del elenco.",3,enojo
"solo estoy pensando en estas letras, así que disculpas si estoy un poco equivocado, pero se siente un poco falso",0,tristeza
nunca he conocido un amor como el amor que siento por ti dulce emma y benjamin,2,amor
me siento agitado de nuevo el estado de ánimo habitual de la noche que se está convirtiendo en la norma,4,miedo
me siento totalmente ignorada y excluida,0,tristeza
me deshice de la sensación de que habíamos creado algunos recuerdos maravillosos,1,alegria
"no puedo ayudar, pero me siento sospechoso de todo",4,miedo
"recibo muchos elogios, me siento orgulloso a veces",1,alegria
tengo ganas de revisar si son juegos populares o los juegos que han caído bajo el radar y han pasado desapercibidos.,1,alegria
"me siento estresado o fuera de control, recupero el control al descomponer mis factores estresantes particulares en segmentos de minutos para dedicar atención y luego ir a él.",0,tristeza
me encanta sentirme productivo y hacer que las cosas se limpien y se solucionen,1,alegria
me siento un poco perra esta noche así que voy a ser,3,enojo
i feel is strange rel marcador noviembre a href http eagleandhammer,5,sorpresa
me siento castigado por mis padres,0,tristeza
"hago todo lo posible para ser estoico, trato de evitar sentir cualquier emoción al ser despreocupado y lejos de ser serio.",1,alegria
continuaré sintiéndome disgustada cada vez que accidentalmente me miro en el espejo o veo los resultados de una imagen improvisada.,3,enojo
"trato de pasar el rato con los dos, entonces me siento como esta tercera rueda incómoda",0,tristeza
tengo la sensación de que después de hoy y ayer ive ganado de nuevo cada libra ive perdido,0,tristeza
"recuerdo sentirme más divertido que sentir que estaba en peligro real, sin embargo, debo haber estado experimentando un poco de shock.",1,alegria
"tengo depresión y las cosas comenzaron a mejorar, pero hoy me sentí tan mal que sabes que se sienten en el pozo de tu corazón que tu fracaso no vale la pena.",0,tristeza
"miré a mi esposo y aunque lo amo con todo el amor en mi corazón, los sentimientos que sentía por él hoy cuando estaba allí tan vulnerable se hicieron tan profundos y fuertes y no me di cuenta de que podría amarlo más.",4,miedo
no dejé que la natación me dejara sintiéndome derrotado,0,tristeza
siento que es incómodo porque es demasiado alto cuatro pasos para un,0,tristeza
no pude evitar sentirme un poco escéptica y aprensiva cuando me di cuenta de la difícil tarea que funes estaba asumiendo esa noche.,4,miedo
quiero una relación donde los socios se empoderen mutuamente sin sentirse agobiados por sus historias y excentricidades.,0,tristeza
"me siento tan honrado de que pudiéramos ser parte de esa recaudación de fondos que lo hicieron muy bien, me dijeron y esperamos regresar en otro momento.",1,alegria
redacté este post hace al menos un mes y ahora me siento bastante inseguro al respecto.,4,miedo
espero que les guste este nuevo borrador mejor esta vez para que no termine sintiéndome tan devastada como lo hice la última vez que entregué un borrador.,0,tristeza
siento que estaba amargada con las personas que estaban en la clase alta solo porque estaban en la clase alta.,3,enojo
"no siento la necesidad de ser sincero, está completamente escrito sobre mí.",1,alegria
he estado despertando y pensando automáticamente en portugu s también últimamente y se siente fantástico,1,alegria
he estudiado lógica y ética y sé con certeza que la motivación de sentirse superior no es una excusa para señalar con el dedo juicio y su eventual consecuencia odio y en este caso homofobia.,1,alegria
"no me siento rechazado o abandonado, lo que dice mucho de la expansión de mi autoestima.",0,tristeza
"todavía me siento molesto, sin embargo",3,enojo
"puedo ver lo superficial de muchas vidas y si trato de dar amor o atención a esa persona, entonces puedo ver la distancia y la confusión me parece que la gente deja de confiar en los demás y se siente insultada o maltratada por la afición.",3,enojo
"siento que la ira hacia alguien que no se preocupa por que alguien más sea egoísta crea una impresión negativa de que alguien más no se da cuenta de que la persona que está a su lado no le dice hola a alguien, debe reconocer dónde está mi buen corazón.",2,amor
"quiero sentirme bien, pero durante esa corta semana no tienes oportunidad.",1,alegria
yo también me sentía súper perezosa,1,alegria
me siento tan dudoso hoy,4,miedo
todavía sentía que no era aceptado y no tenía a nadie más a quien ir.,1,alegria
respondo porque me hacen sentir bonita,1,alegria
"no podía saber lo que estaba sintiendo, entonces pensé que deseaba haber estado allí con nosotros también, porque cada uno de nosotros sabía que por mucho que lo odiáramos al principio, era una experiencia que recordaríamos para siempre.",0,tristeza
me siento exhausto pero tengo mi entrenamiento en,0,tristeza
"hablo con los perros ya que siento que no pueden entender las palabras, pero pueden leer las emociones y saber cómo ser de apoyo.",2,amor
estaba tan asustado que no lo sentí cuando mis uñas se rompieron contra la impenetrable pared de hielo dejando medias lunas rojas de sangre brotando en la piel sensible.,0,tristeza
"me siento horrible cuando leo las publicaciones emocionales de alguien, especialmente cuando estaba teniendo la mía.",0,tristeza
me siento asombrado de cómo estas cosas me sucedieron,5,sorpresa
"creo que este sentimiento es de confiar en dios y, a veces es sólo apatía.",1,alegria
blog porque quiero ser obediente y me siento agobiado por mi país y esta cultura que considera aceptable el aborto,0,tristeza
me siento muy honrado y espero con ansias mi tiempo con este delantal,1,alegria
suspiré sintiéndome como si estuviera condenada a fallar en este tipo de cosas.,0,tristeza
no me sentía humillado,0,tristeza
"he estado enojado y bajo ese enojo las heridas no se han ido, pero se sienten resueltos",1,alegria
im realmente se siente escéptico acerca de los productos clinique,4,miedo
"como a cabo en tales comensales hyped sentirse satisfecho, pero no muy contento porque el hype se sentía mayor de lo que he experimentado",1,alegria
no sé por qué me siento tan inseguro de las cosas y especialmente de las personas.,4,miedo
me saqué de la manta y la cama realmente se sentía bastante sombría,0,tristeza
les presento a todos sus dictados sociales que les hacen sentir que soy rebelde hacia su autoridad.,3,enojo
soy todo acerca de conducir para caerse chico o fuera con amigos avenida q cuando te sientes totalmente emo más caerse chico y cuando te sientes musa rebelde o cuando estás en una banda de moshav goin estado de ánimo fácil cuando te sientes como beatles dancin o se siente como besando a oh que le importa,3,enojo
me siento extremadamente aburrido,0,tristeza
me molestaba que me hicieran sentir como una mala persona por no contribuir posiblemente al bien común y a las ganancias de algún fabricante de equipos no especificado.,0,tristeza
siento que toda esta cocina libre de alérgenos me está haciendo mucho mejor preparada para la navidad porque ahora tengo recetas que acomodarán todas las restricciones de mi familia.,1,alegria
creo que todavía me siento tierno,2,amor
en una noche oscura sentí que había varias personas cerca de mí y no sabía quiénes eran.,4,miedo
"nunca sería capaz de sentir como lo hago hoy, animada por una sensación de paz y calma que solo puede llegar a través de la esperanza.",1,alegria
tengo la sensación de que la historia de yeshubais establece todo lo que sucede en este mundo y tengo la esperanza de que todas estas cosas horribles por las que pasa traiga algún tipo de bondad.,1,alegria
"me doy cuenta de que me siento impaciente y pensando que las cosas no van lo suficientemente rápido, puedo elegir cambiar mi forma de pensar y recordarme a mí mismo que el momento de dios es perfecto.",3,enojo
me siento como si todavía estuviera mirando un lienzo en blanco pedazos de papel,0,tristeza
habría dejado ese examen sintiéndome humillado y reevaluando todo lo que sé sobre mí mismo.,0,tristeza
empiezo a sentir mis sentimientos por él cómo todavía se elevan en mi corazón como la marea sumisa que obedece a los caprichos lunares,0,tristeza
odio o amo o me siento complaciente acerca de lo que estoy trabajando,1,alegria
cuando los médicos menores regresaron al trabajo después de literas,3,enojo
"no tengo lazos para hacerme sentir infeliz por salir de casa, excepto que extrañaré mucho a jim foster.",0,tristeza
ltimamente me he sentido necesitada,0,tristeza
simplemente me siento cojo en comparación con otros bloggers,0,tristeza
me siento tranquilo por ahora,1,alegria
he estado tan ocupado que siento que tengo tiempo libre en casa,1,alegria
me siento muy frustrado porque había trabajado un largo día y sólo quería llegar a casa y tomar una ducha y comer mis bocadillos y escuchar algo de música.,3,enojo
me siento hoy como acerca de cómo me gustaron los libros cuando los leí si hiciera esta lista mañana sería diferente,2,amor
"estaba un poco demasiado nervioso para enfocarme en las caras y la sensación no era desagradable, quería poner una broma para empezar, especialmente porque involucraba al altavoz de la nota clave y pensé que era divertido.",0,tristeza
estoy inquieto me siento letárgico y sin timón,0,tristeza
me siento llamado a aparecer de una manera más fiel,2,amor
"sé que no tienes tiempo para leer un largo correo electrónico, pero realmente me siento bendecido de ser parte de tu extraordinario viaje.",2,amor
alguna vez atrás otra chica que estaba en términos con mi exnovio vino a gritarme a las doce de la medianoche fue porque ella pensó que todavía estaba interesado en el chico,3,enojo
estoy muy contento conmigo mismo,1,alegria
"estoy seguro de que no tiene idea de la forma en que realmente me siento, no solo estoy inmensamente atraído por él, sino que es inteligente y realmente podemos disfrutar de la conversación.",1,alegria
creo en ti momento que todos sentimos hasta entonces es una canción más escéptico,4,miedo
creo que merezco por una vez esta libertad me hace sentir increíble,5,sorpresa
siento que eso es tan vital para hacer de tu habitación un reflejo de quién eres porque necesitarás sentirte como en casa mientras estás fuera de casa.,1,alegria
"im que resultó ser fácil delicioso y me hizo sentir muy inteligente, ya que era capaz de hacer sándwiches y sopa de las sobras como mi madre",1,alegria
me gusta que no me siento presionado pero me gusta pasar tiempo con él,4,miedo
"tuve la sensación obstinada y ridícula y posiblemente varios giros más coloridos de la frase ya que los niños todavía estaban dormidos estaban en la punta de su lengua, pero ella se conformó con dar un suspiro y girarse para irse.",3,enojo
me siento adormecido jun nd,0,tristeza
"siento que estoy condenada a ser para siempre la chica con la que todos se acuestan, pero que nadie puede amar.",0,tristeza
me siento tan empático hacia ellos,2,amor
tengo una mala sensación de que me voy a poner muy agravado de nuevo mañana,3,enojo
me siento tan fea,0,tristeza
pregunté sintiéndome un poco débil,4,miedo
me ha encantado no sentirme apurado aquí,3,enojo
yo soy no me siento melancólica desanimada a menudo enojada,0,tristeza
"estaba luchando con el deseo de alejarme de ella no queriendo ser grosero, pero me sentía seriamente perturbado por su cercanía.",0,tristeza
me siento bastante satisfecho,1,alegria
todavía me siento como una pistola excelente a un precio fantástico,1,alegria
me quedé dormido sintiéndome contento y finalmente fui conducido de regreso a mi habitación.,1,alegria
trato de recordar esa cita cuando siento que puedo estar golpeando una pared en un maratón o incluso una carrera de entrenamiento y sé que es hora de encontrar esa canción perfecta que alimente,1,alegria
me siento muy afortunado y es agradable poder comprar algunos recursos encantadores para los más pequeños que cuido,1,alegria
no estaba sintiendo que juguetón o que borracho,1,alegria
"sé que necesita espacio para lidiar con las cosas, pero de repente me siento aún más indefenso y solo.",0,tristeza
"encontré que tener un viejo pip constantemente en el escenario era bastante perturbador, a veces reaccionaba junto con un pip joven y a veces no se movía de posición en escenas dramáticas y me dejaba sintiéndome bastante incómodo.",0,tristeza
"me siento rechazado por alguien, entonces, ¿qué parte de mí mismo estoy rechazando?",0,tristeza
me siento particularmente nostálgico por mis padres o las colinas ondulantes de virginia occidental que la mayoría de las personas que amo se concentran en nogales y morganton.,0,tristeza
me siento seguro de que este es el plan de dios para mí,1,alegria
"me sentía privado porque hicimos nuestro viaje en junio, pero todavía tenemos una escapada de fin de semana prevista para mediados de mes, así como el concierto gratuito todos los martes y algunas otras salidas al azar",0,tristeza
casi llamé a una ambulancia sentirse un poco sacudido vio el médico que me ha dado un poco de diazepam que no estoy seguro de tomar,4,miedo
me siento inspirado a hacer algunos de los regalos de navidad im regalar,1,alegria
"todavía no tengo ni idea de lo que pasa conmigo, pero ahora me siento decidido a disfrutar del día sin importar lo que pase.",1,alegria
me siento como si esto fuera un comentario tan grosero y me alegro de que t,3,enojo
me siento sacudido como si mi corazón se rompiera y no hay palabras para hablar,4,miedo
"sé que debería escribir algo, pero me siento un poco en blanco en este momento.",0,tristeza
no sé si puedo confiar en él y no sé cómo se siente al confiar en mí,1,alegria
estoy saltando los pisos uno y cuatro porque son dos de los más convencionales y francamente aburridos mapas en el juego para mí.,0,tristeza
cuando me llamaron desde greatbritain para decirme que podía ir allí,1,alegria
no solía sentirme avergonzado caminando por la gente en la piscina,0,tristeza
me siento maravilloso porque veo aku merasa luar sesgo karena kulihat la luz del amor en sus ojos,1,alegria
siento que mi vida es la película dulce hogar alabama,1,alegria
siento que solo había creado en mí un estado más gruñón en la maldad a mi alrededor.,3,enojo
siento pena por mí mismo porque alguien se burló de mi atuendo,0,tristeza
me siento avergonzado de que esperaba una última navidad porque sé que nunca querría vivir la vida ya que ahora está indefensa y débil,0,tristeza
me siento bastante la mayor parte del tiempo,1,alegria
puedo hacer todas las cosas a través de cristo que me da fuerza es un pequeño versículo encantador que repito una y otra vez cuando me siento un poco inseguro acerca de algo.,4,miedo
a menudo me siento follada de todos modos,3,enojo
siento que mis medicamentos no funcionan correctamente y idk es extraño,4,miedo
me siento tan increíblemente agradecido de mis amigos lj,1,alegria
estaba en control y ahora siento que lo he perdido,0,tristeza
"tengo que decir que cuando recibí un magnífico paquete de cuidado de la piel de therapi, la belleza de los productos me quitó el aliento, el encantador embalaje de vidrio blanco se ve de lujo, pero conserva una sensación de boticario perfecta para una marca orgánica.",1,alegria
no lo conseguiré por ella lo intenté honestamente lo hice y ella me hace sentir terrible me hace sentir como el chico malo,0,tristeza
me siento avergonzado por los demás de que algo tan pequeño los haga sentir incómodos.,0,tristeza
me siento tan horrible cuando no estoy logrando algo,0,tristeza
"traigo esto a la mente y siento la risa alegre dentro de mi corazón, se vuelve difícil permanecer agobiado por los sentimientos negativos más pesados.",1,alegria
"puedo comer sopa, beber té y usar suéteres, pero aún así me siento agradable cuando salgo.",1,alegria
"me siento como si estuviera un poco ingrato, pero me encanta mi casa y a veces alejarse es una gran manera de recordarte lo mucho que amas la vida que tienes",0,tristeza
me gusta porque la gente hace clic como,2,amor
me siento tan completamente indefenso de hacer cualquier cosa para ayudar a los afectados por los tornados que tengo.,4,miedo
puse el sentimiento a un lado y me conformé con una manzana,1,alegria
siento que olvidamos lo intrépidos que realmente somos,1,alegria
"terminé comiendo muchos carbohidratos en los dos días, pero no me sentí tan presionado para comer mucho en el último día",4,miedo
enfermo ser honesto me siento casi tan aliviado ahora como lo hice cuando me enteré de que estaba recibiendo el libro publicado,1,alegria
"no creo que nadie sienta curiosidad por las películas de masala, son solo artistas ligeros.",5,sorpresa
"me imagino cómo se sentiría al no tener nada perverso sólo para conocerte sentir el calor de tu respiración moviéndose a través de mí, tus pies enredados con los míos.",0,tristeza
seguí esperando a sentir el agua y cuando lo hice me sorprendió la velocidad que gané,5,sorpresa
"me siento maravilloso im vuelco hacia atrás im tan ambicioso im mirando hacia atrás im corriendo una carrera y eres los libros que leo, así que siento mis dedos mientras te tocan los brazos im girando y me siento bien el libro que leí estaba en tus ojos",1,alegria
"debería sentirme bendecida de tener, pero ¿qué hay de mí porque pensé que importaba en esta situación?",1,alegria
me siento extrañamente simpatizante con el pequeño milly esta noche tanto que voy a usar su verdadero nombre,2,amor
podía sentir los ojos envidiosos y las miradas de odio de las mujeres que estaban en mi lugar en este momento.,3,enojo
nunca obtuve nada de la tradición del bosque de montaña o la tradición de la cueva y solo una vez de la tradición de la ciudad y siento que probablemente perdí oportunidades para probarlas,0,tristeza
me siento como un animal peligroso mientras merodeo fuera de la selva y en la cálida arena de esta isla desierta.,3,enojo
estoy de pie por que él es en realidad risita molesta también reconozco que me he estado sintiendo muy insatisfecho,3,enojo
me siento todo sentimental también y no puedo esperar a estar en vermont para navidad con toda la familia ryan,0,tristeza
comencé a sentirme mucho mejor acerca de la situación y decidí seguir haciendo lo que estaba haciendo.,1,alegria
siento su dolor y le hago saber y quiero que cualquier otra persona que sufra de depresión sepa que no estás solo.,0,tristeza
"me gusta cambiar el sistema y subir a mi caja de jabón cuando me siento perjudicado o veo a otros perjudicados, pero en su mayor parte me siento más cómodo con una sociedad que acepta ciertos comportamientos como verdades morales.",3,enojo
"no iba a hacer una publicación de miércoles amorosa porque no sentía que estaba amando nada, pero como mi hermana menor me escribió anoche, a veces la felicidad es una opción, así que aquí está",2,amor
"estoy en un café internet con los dos niños porque me siento negligente de mi blog, pero esto es caótico",0,tristeza
siento que soy madre a expensas de ser productiva,1,alegria
"de todos modos, nunca tengo miedo del mar, sino un respeto saludable por el océano y una sensación de armonía y equilibrio.",4,miedo
"estoy caminando por ahí sintiéndome bastante torturado porque pasé tantas horas en él y todavía no está terminado, pero he aprendido algunas cosas.",3,enojo
me siento mal la foto no le hace justicia,0,tristeza
casi me siento codicioso por creer que quiero tanto,3,enojo
creo que todos nos sentimos muy apasionados por nuestro equipo de entrenamiento favorito y me encanta ver lo que otras personas aman tienen que tener no puede vivir sin lo que estoy esperando que va a compartir sus favoritos en los comentarios,2,amor
me sentiría como un hipócrita apoyando a palin por cualquiera de esas razones.,1,alegria
me siento seguro de que los alimentos que se cultivan orgánicos libres de pesticidas en el suelo y el agua que no están contaminados que es bueno para nosotros,1,alegria
"sé que no estoy en el mejor lugar de mi vida todavía lidiando con el problema de la infertilidad, pero siento que tengo mucho que agradecer.",1,alegria
"dejé de sentir amargura y lástima por mí mismo y me perdí en el trabajo, mi trabajo comenzó a mejorar o más bien continuó mejorando.",3,enojo
sé que justo antes de entrar en la sala de psiquiatría yo era mi más bajo nunca y no había comido en dos semanas y luego tuve que comer y luego tuve que tomar un montón de medicamentos y el peso se fue por las nubes y me siento terrible en este momento,0,tristeza
estoy socializando y me siento tan incómodo con otras personas a veces que como para cubrir el hecho de que no tengo nada que contribuir a la conversación.,0,tristeza
"siento que los blogs son menos dignos que otros medios, por eso lo hago, pero también entiendo que no es una competencia y la distinción es algo borrosa, por lo que en realidad es solo una href.",1,alegria
"estaba empezando a sentir miedo, sin embargo, soy una persona obstinada, barré la superstición, pero me recordé a mí misma que debía pagar una precaución adicional.",3,enojo
"enfermo todavía necesita quimioterapia, pero al menos puedo sentirme relativamente tranquilo acerca de mis perspectivas",1,alegria
sigo sintiendo esta sensación de entumecimiento después de una hora más o menos,0,tristeza
sugerí grises y azules con tonos cálidos ya que la habitación está orientada al norte y podría sentirse bastante fría y plana,3,enojo
quería escribir y sentirme purgado de esos sentimientos reprimidos.,0,tristeza
"me siento sorprendido de ver lo que dios está haciendo nuevos amigos que no solo son increíbles, sino que me consiguen que no corra y se esconda en una habitación oscura a menos que esté allí y se unan a mí",5,sorpresa
me siento intimidado como si solo quisiera dar la vuelta y volver a la seguridad de mi clase de yoga o subirme a la probada y confiable cinta de correr,4,miedo
me encanta comer higos frescos porque se sienten tan delicados y se ven mucho más bonitos que los higos secos feos.,2,amor
me siento como si hubiera estado en una versión más inocente de una aventura de una noche,1,alegria
"me siento bien, pero solo necesito unas vacaciones después de mis vacaciones",1,alegria
quiero que otros enfermos puedan encontrarme con la esperanza de que mi batalla pueda ayudarlos a sentir que no están solos.,0,tristeza
solo quiero que sepas cómo me haces sentir sin importancia ignorada celosa y más adjetivos de nivel de escuela media,0,tristeza
me siento muy temeroso de que las cosas no van a ir de la manera que quiero con mi ex,4,miedo
"siento que podría haber sido un resultado más exitoso si hubiera explorado nuevos estilos, pero lo mantuve cerca de mí y permanecí yo mismo.",1,alegria
me siento más conectado a tierra y menos temeroso,4,miedo
me sentía muy suave y sin duda me había quitado el episodio de la billetera de la mente.,1,alegria
me siento avergonzado e insultado,0,tristeza
me siento desanimado de que nunca voy a tener un buen horario porque otro gran cambio de vida va a suceder de nuevo.,0,tristeza
siento que mi corazón se rompió diciéndole a mis hijos que ella continuó,0,tristeza
traté de identificar el pensamiento exacto que me hizo sentir mal después de presentar una tarea.,0,tristeza
"me siento letárgico en su lugar, que es casi peor",0,tristeza
me siento inteligente nov,1,alegria
siento que la presencia divina se funde con la mía,1,alegria
"me siento como una ingrata codiciosa por decir esto, pero me sentí un poco mal por mis regalos",3,enojo
me sentía un poco incómodo al ver a algunas personas,0,tristeza
a menudo me encuentro en un ambiente hostil mis hojas se sienten dañados mis flores mueren en la vid,0,tristeza
siento un poco de pena por ella,0,tristeza
me siento tan enamorado cada vez que veo la película me encanta steve sean faris julie s interés amoroso adoro su amistad además de que estaba tan emocionado por toda la cosa de la caza del tesoro de pijamada pero aparte de eso me encanta la parte donde julie habla con su madre,1,alegria
creo que casi hice llorar a mi consejero ayer porque dije que se siente como si no tuviera a nadie apoyándome.,1,alegria
"me siento realmente mezquino e inmaduro, pero no quiero engañar a greg o terminar rompiendo porque estaban peleando por las pequeñas cosas estúpidas.",3,enojo
soy yo siento que es importante seguir tomando una mirada crítica a ideas como estas para asegurarse de que se mantienen a tierra en la realidad.,1,alegria
me siento increíblemente encantado de tener a estas personas en mi vida y de que estoy en un capítulo tan emocionante y asombroso de cosas.,1,alegria
"es un nombre en los pasajes iniciales que dice que puede parecer al lector bastante singular y descabellado, pero puede sentirse seguro de que no fue de ninguna manera descabellado y que las circunstancias eran tales que habría sido imposible darle otro nombre.",1,alegria
"una vez leí que cuando sentimos nostalgia, en realidad estamos anhelando el cielo.",2,amor
me siento muy amarga contra caballero en denim brillante porque le pedí hace un año para ir al gimnasio conmigo y él no gastaría el dinero,3,enojo
"siento pena por mí misma, pienso en la señorita jimmy que no tenía nada y sin embargo estaba agradecida por todo.",0,tristeza
como y me siento satisfecho,1,alegria
me gusta eso pero me hace sentir tan poco importante,0,tristeza
"sin embargo, no estoy convencido de qué g es el todo y el final, todo lo que el sprint está haciendo que sea",1,alegria
yo quiero yu chicos t sentir vergenza fr knwing nthing en lugar de f fingiendo r tener plastikan conmigo,0,tristeza
"por supuesto, podría continuar sintiéndome resentido con él, siendo felizmente inconsciente de que algo está mal.",3,enojo
"tengo la sensación de que cristo le dio la bienvenida a corey y luego susurró que tienes trabajo que hacer, hijo.",1,alegria
"siempre me siento de esta manera en estos estados de ánimo, pero sigue siendo desagradable",0,tristeza
me siento privilegiado de tener la oportunidad de ser parte de todo,1,alegria
sufro de muy baja confianza y siempre estoy buscando maneras de encontrarme con más confianza y sentirme más extrovertido en mí mismo.,1,alegria
"no soy un defensor de la guerra, pero me siento tranquilo viviendo cerca de una base militar donde hay personas entrenadas para ayudar en desastres naturales.",1,alegria
cuando mi hermanita estaba enferma en casa y pensé que moriría,4,miedo
siento mucha intención positiva detrás de esto.,1,alegria
podría ser capaz de recrear la sensación cuando vuelva a la fría niebla que me espera mañana por la noche.,3,enojo
me siento reacio a cambiar cualquier cosa porque todo está funcionando muy bien.,4,miedo
creo que me siento como si hubiera estado pasando mucho tiempo corriendo sin rumbo seguro de a dónde voy o por qué estoy haciendo esto.,4,miedo
siento que a veces puedo ser más inteligente que la media,1,alegria
me siento como si estuviera siendo un poco negligente con mis compañeros bloggers,0,tristeza
"realmente no puedo hacer nada, ¿cómo se siente tener una hija tan tonta?",0,tristeza
"estoy inscribiéndome en yoga prenatal y haciendo un esfuerzo para salir a más caminatas y espero que algunos viajes al gimnasio en mi futuro cercano no para poder ganar menos peso, sino para poder sentirme mejor conmigo mismo también.",1,alegria
te sugiero que le des una escucha me siento como si estuviera bendecida,2,amor
soy un seguidor de blog así que siéntase libre de dejar un comentario así que sé que ha visitado,1,alegria
tengo la sensación de que tu padre ya lo convenció de eso.,1,alegria
"me siento como im nombre cayendo, pero es solo que estoy tan emocionado por la cantidad de gente hermosa y talentosa que hay en este mundo y cuántos de ellos parecían haberse congregado en rhinebeck este fin de semana.",1,alegria
me siento exitoso en equilibrar mi trabajo remunerado y mi vida familiar o estoy satisfecho con el equilibrio que he logrado entre mi trabajo y mi vida en una escala de,1,alegria
a veces me siento tan vulnerable y tan perdido,4,miedo
sigo sintiéndome sumisa,0,tristeza
siento que la vida me dio un montón de cambios para brillar y me enojé con todos y cada uno de ellos,3,enojo
me siento tan bendecida que soy capaz de salir de allí,1,alegria
"me gustaría experimentar, pero solo quería alejarme de los demás para sentarme y aliviarme de esta extraña sensación de náuseas y evitar tener que hacer que alguien se sienta mal por haber criado el restaurante en primer lugar.",0,tristeza
estaba consciente de sentirme tan sorprendida tan decepcionada que no creo que nunca pensé realmente que tendría que tener una sección c,5,sorpresa
"he pasado por etapas de nerviosismo y terror puro, pero ahora me siento relajado y emocionado",1,alegria
"tengo alguna sensación vaga de todos modos que probablemente será útil para nosotros y si no, entonces podría convertirlo en algo útil",1,alegria
solo quiero dejar de sentir este miedo a lo desconocido,4,miedo
no puedo volar paulo coelho te sientes útil,1,alegria
"siento que a pesar de tener tantas cosas increíbles por las que estar agradecido, la vida es solo una gran ola tras ola y estoy siendo arrojado como una muñeca de trapo.",5,sorpresa
sentí que pertenecía por completo y ya no me sentía tímido y asustado,4,miedo
tengo mi unidad de vuelta y estoy rogando para sentirse un poco útil de nuevo,1,alegria
cuando fui abandonado por mi novia,0,tristeza
"me encantó la sensación que tuve durante una carrera de slalom increíble, ya sea en el entrenamiento o en una carrera.",5,sorpresa
siento que tengo gente talentosa a nuestro alrededor en la organización,1,alegria
"me pregunto cuántas personas están en contra de que lo haga solo cuando te gusta la perspectiva, pero creo que si lo haces por el bien de hacerlo sin querer hacerlo, entonces resultará ser el resultado de un trabajo de mierda.",0,tristeza
me siento tan vanidoso cuando me miro a mí mismo y me doy cuenta de lo mucho que me gusta mi nariz o lo bonita que es la estructura de mi cara.,0,tristeza
me siento gulity y sentir como yo no ser leal y me siento como yo incluso engañar a ella con,2,amor
lo echaba de menos desesperadamente y me sentía idiota por echarlo de menos,0,tristeza
me siento aún más apasionado por el evangelio ahora que nunca en mi vida y es debido a mi conocimiento del salvador.,1,alegria
me siento amargado y celoso,3,enojo
"ni siquiera puedo soportar este sentimiento porque me doy cuenta de que todo es para nada, nunca estaré contigo y nunca te veré en mi vida, duele, pero sigo apoyándote.",1,alegria
me siento bastante artístico y tengo ganas de compartir algunas de mis obras de arte,1,alegria
"me siento particularmente sentimental o lo que sea, entro en una librería donde se venden mis libros y avanzo la distancia entre dónde se muestran mis libros y dónde están los suyos en el estante.",0,tristeza
"lo cerré y lo levanté y finalmente decidí luchar contra él, ya que pensar en ello me dejó sintiéndome tan indignado e injusto.",3,enojo
"quiero hablar con usted acerca de, pero con el tiempo limitado que tenemos en el teléfono y con nuestro arreglo actual me siento reacio a traerlo a colación",4,miedo
traté de hacerme vegana cruda durante dos semanas y me hizo sentir horrible,0,tristeza
lo echo de menos cuando siento que no hay una persona que me ignore,0,tristeza
en el camino por una pista de esquí que era difícil y empinada,4,miedo
sigo adelante y siento pena por ti porque pensé que eras el chico más increíble de todos los tiempos.,0,tristeza
quería asegurarme de no sentirme apresurada para ir a la universidad del siglo el viernes por la tarde,3,enojo
he cambiado siento que estoy aprovechando de ella esto no me habría molestado un poco antes,3,enojo
me siento muy inocente y casto ahora,1,alegria
siento que me estoy distrayendo y no real,3,enojo
siento que van a fortalecer la división de divas con luchadoras aún más talentosas y luego veremos que las cosas se sacuden más,1,alegria
me siento un poco podrido,0,tristeza
tengo miedo de estar cerca de ellos,4,miedo
me siento muy alarmado ante la perspectiva de ver al presidente general jackson.,4,miedo
siento que hay una guerra violenta en mi estómago,3,enojo
llego al otro lado de los meses y posiblemente me extienda más de lo que lo hace beber ese vino y despertarme sintiéndome triste de no haber terminado lo que comencé.,0,tristeza
cuando dañé mi reloj de pulsera que me gustó mucho,3,enojo
escribo cuando estoy de humor para no dejar que la cara linda y mi timidez te engañen.,1,alegria
estaba de vuelta en casa pero sintiéndome inquieto,4,miedo
proclamo haber perdido un poco de mi cordura y sentirme tan inestable,4,miedo
"iré a mi buzón y hablaré con el cartero, luego con el empleado de la tienda de comestibles, etc., pero no importa cuán pequeño sea el paso o cuán limitado sea el riesgo, es importante una voluntad completa y total de experimentar cualquier pensamiento, sentimientos y sensaciones.",1,alegria
me siento complaciente en mi vida,1,alegria
todavía tengo un tiempo tan difícil escribir mi trabajo y cuando lo hago siento que no es perfecto,1,alegria
dejo de aprender o si me siento inhibido mi rendimiento se tambalea,4,miedo
i baht en usd y sentirse muy satisfecho con lo poco que gasté,1,alegria
siento que es un sentimiento vital que debe ser apreciado y nutrido por cada segundo de mi vida.,1,alegria
"subí las escaleras sintiéndome triste decepcionado, encendí mi teléfono en modo silencioso y vi el cuaderno en su lugar.",0,tristeza
"siento que puedo y he aceptado eso, pero ¿lo harán otros?",2,amor
soy bueno escondiendo mis verdaderos sentimientos o difuminándolos en tonos sarcásticos.,3,enojo
no creo que las armas sean la solución para sentir miedo,4,miedo
"siento como si fuera una forma de distraerme de mis pensamientos positivos y tuve que trabajar muy duro para cambiar mis pensamientos hoy, pero lo hice.",1,alegria
"me siento menos atontado mis pantalones eran un poco más flojos y la verdad yo preferiría llegar a cabo para una ensalada de frutas a continuación, un sándwich completamente embalado que me va a dejar sintiéndome incómodo para el resto del día",0,tristeza
"comparo mi interior con el exterior de otras personas, me siento inadecuado",0,tristeza
"me dijeron que haría que mis brazos se entumecieran, pero no sentí nada entumecido al respecto, ya que pincharon mi brazo con su llamado bebé iv",0,tristeza
solo necesito dejar de lado los sentimientos que cuidan las relaciones,2,amor
"solo lloro cuando pienso lo culpable que me hará sentir y sí, he jodido un millón de razones para la vergenza y lo siento.",3,enojo
me siento más excitment que reacio xdd hohoho mirando foward tmr xd cya tmr,4,miedo
siento que no puedo ser molestado para levantar con aguante más parece como si no sé qué hacer o lo que soy vital para,0,tristeza
me siento mejor no lo hago por un poco,1,alegria
"estaba bien y sintiendo un poco de fiebre de cabina, imprudentemente convencido espeluznante para llevarme a una proyección matin e de scott stewarts legión",1,alegria
me siento patético y que no debería hacerme sentir de esta manera,0,tristeza
tenía la sensación de que estaba demasiado cachondo en ese momento.,2,amor
me siento una especie de entumecimiento,0,tristeza
me siento un poco aprensiva,4,miedo
me siento tan fea gorda y sola,0,tristeza
realmente me encanta cuando entro en una casa y me siento muy bienvenido,1,alegria
"siento que en los espectáculos y alrededor de los caballos, la gente confía y se relaja porque la mayoría de los caballos de exhibición son seguros y silenciosos y se manejan con frecuencia.",1,alegria
tengo la sensación de que mi punto de vista no va a ser muy popular y eso está bien,1,alegria
"me reconcilié y la vida sigue igual que el matrimonio, pero me siento terrible por lo que le hice a ella y a la persona con la que tuve el romance.",0,tristeza
me siento drenado como de costumbre,0,tristeza
no me siento devastado,0,tristeza
siento que fue muy grosero poner una cámara tan cerca de la cara de cualquiera en cualquier situación.,3,enojo
me siento sin ser molestado por ella,0,tristeza
"me siento patético y quiero empujar a mí mismo, pero la idea de pollo pica trigo pasta libre de arroz pan de espelta y sorbete de fruta es bastante aterrador",0,tristeza
estoy acostumbrado a ser decepcionado y sentirme rechazado por los chicos,0,tristeza
"me siento maravilloso y estoy muy, muy agradecido por todo el apoyo",1,alegria
me siento menos estresado y al final del día por lo general descubro que,0,tristeza
"perdí mi mente especial, pero no te preocupes, todavía estoy cuerdo, solo quería que sintieras lo que sentí al leer este libro, no sé cuántas veces se dijo que samsung era especial, pero puedo garantizarte que fue muchas más veces de lo que usé en ese párrafo.",1,alegria
honestamente siento que estoy siendo ignorado y dejado solo,0,tristeza
odio sentir que un día se me escapó y que nada productivo se hizo.,1,alegria
me siento tembloroso y cansado me siento como lo hago cuando voy en un largo plazo sin comer y volver a casa y solo realmente querer un plátano o un gatorade,4,miedo
me senté allí sintiéndome tan sorprendida que en realidad encontré una gran alegría en cosas tan simples.,5,sorpresa
me siento satisfecho cuando soy capaz de traducir una idea divertida en mi cerebro,1,alegria
no sentiré pena por dejarte atrás,0,tristeza
"me siento malhumorado o de mal genio, entonces la culpa entra en acción",3,enojo
"tengo razones para creer que mi fe en confiar en ellos ha sido traicionada por una mentira o, peor aún, empiezo a dudar de lo que mi corazón quiere sentir.",0,tristeza
me hundo en el sofá profundo y me siento seguro rodeado de todo lo que he conocido por paredes tan largas choc un bloque con pinturas cientos de libros de arte para sumergirse dentro y fuera de,1,alegria
me siento como si fuera egoísta,3,enojo
me siento muy rico y realizado y una parte del gran esquema del universo,1,alegria
me siento tan incómodo con la palabra héroe,4,miedo
siento que solo están diciendo estas cosas porque no quieren estar de acuerdo conmigo y ser groseros.,3,enojo
me siento feliz y agradecida con todos ustedes,1,alegria
"a menudo le digo que quiero atención de él, especialmente cuando me siento caliente y quiero tener buen sexo durante horas",2,amor
me siento igual de maltratado,3,enojo
tengo una sensación de enfermedad un anhelo de cada segundo para estar contigo a pesar de que inevitablemente empeorará cuando salgas de hyperpool,2,amor
"yo habría sonreído, excepto que estaba empezando a sentirme como cualquier comentario más tenso y mi mandíbula se caería de mi cabeza.",4,miedo
me sentí avergonzado de estos sentimientos y estaba asustado porque sabía que algo andaba mal conmigo y pensé que podría ser gay.,4,miedo
"puede que me sienta de esa manera, pero el hecho de que las historias creadas por adultos que están destinadas a niños contengan mensajes que no son tan inocentes realmente me hace preguntarme quién es exactamente más maduro.",1,alegria
a menudo me siento enojado o herido por todas las injusticias y mientras que las preocupaciones son importantes y tomar medidas vale la pena existir en un estado constante de sentimiento sobre la herida no puede ser saludable.,3,enojo
estoy dando mi pt toma el tiempo para trabajar con sus pacientes y está decidido a que se sientan mejor salir de lo que hicieron cuando entraron por las puertas,1,alegria
"no puedo ayudar, pero me siento agradecido de los artistas que producen tal trabajo de calidad",1,alegria
supongo que he estado sintiendo nostalgia por un tiempo,0,tristeza
estaba en el teléfono con soporte técnico hoy y resulta que tengo algo en común con el tipo en el teléfono que ambos tenemos pensamientos y sentimientos son curiosos sobre este mundo.,5,sorpresa
tengo la sensación de que su fobia sexual es el resultado de haber sido abusado sexualmente por su hermana cuando era un niño.,0,tristeza
siento que hay un fragmento dulce olor colgar en mi lengua al instante desaparecer como si diciendo que estaba paranoico,2,amor
me siento desesperada bien,0,tristeza
"he estado sintiéndome abatida, enferma y completamente desprovista de esperanza de que alguna vez tendré la vida que quiero.",0,tristeza
ive se alojó en algunos de los hoteles de moda en américa del norte y algunos tienen una tendencia a sentirse fresco y hostil,1,alegria
"me siento feo, siento que no merezco existir en este mundo.",0,tristeza
siento que la energía de la luna y las estrellas es tan vital tanto física como emocionalmente como la del sol.,1,alegria
viendo una película violenta,3,enojo
me desperté sintiéndome fabulosa y estoy segura de que la mitad de eso se deriva del hecho de que mal terminar mis estudios de pregrado en unas semanas.,1,alegria
"empecé a sentirme divertido el último lunes, solo sabía que estaba embarazada",5,sorpresa
"lo siento en cada célula de mi ser, dios realmente lo ama intensamente y es ser fiel en el cumplimiento de todas sus promesas hacia él, como también lo está haciendo por ti y los tuyos.",2,amor
siento cuando recuerdo buenos recuerdos de viajes pasando tiempo con la familia,2,amor
me siento casi raro de que alguien que no conocía me haya impactado emocionalmente en estos últimos días.,5,sorpresa
"me caigo cuando mi tío golpea, así que no puedo imaginar lo que se siente al ir a mph que no sea fresco y posiblemente doloroso.",1,alegria
"sé que este par de calcetines tardó unos dos meses en hacerse, pero siento que fue porque el tuyo realmente estaba distraído por las cuerdas como me gusta llamarlo.",3,enojo
"siento que soy bastante rara y abierta sobre el gusto de muchas cosas, dudo que alguno de mis intereses sorprendiera a alguien.",5,sorpresa
he estado sintiendo extrañamente superior acerca de mi conocimiento de este libro rotondas ahora,1,alegria
"he estado demasiado preocupado por el dinero y el estado de nuestra industria bien y un poco de cirugía para participar en tales viajes últimamente, pero por alguna razón difícil de determinar me siento un poco más relajado",1,alegria
siempre me siento fea o avergonzada de mi cuerpo,0,tristeza
"me las arreglé todo un martes de comer limpio, pero tengo cafeína hoy y me siento bastante inestable",4,miedo
creo que los medios de comunicación no pueden ser resueltos de manera efectiva.,1,alegria
"he seguido publicando fotos para dormir cuando me sentía agotado como a partir de ahora, especialmente después del almuerzo atascado en la oficina en medio de la lluvia agradable aire acondicionado",0,tristeza
me siento genuinamente orgulloso de mí mismo,1,alegria
"siento un poco de tristeza o pérdida, solo me recuerdo a mí mismo que el amor nunca se pierde, ninguna persona está perdida y todo está bien.",0,tristeza
yo estaba sintiendo una especie de calor agotado,0,tristeza
me siento muy divertido,1,alegria
empecé a sentirme bastante bien de nuevo,1,alegria
tengo que admitir que me sentía muy escéptico,4,miedo
también me siento enojado y enojado y amargado porque nosotros ni nadie debería tener que hacerlo.,3,enojo
"creo que la razón por la que las discusiones se sienten tan animadas es que, dado que es un curso nocturno, la clase es muy diversa y grande y muchos de los estudiantes están en el lado más antiguo.",1,alegria
"me quedé con mi integridad y mi dignidad intacta, pero sintiéndome enojado.",3,enojo
enfermo solo cortar amp pegarlo la próxima vez que sienta la necesidad de escribir algo tan llorón como eso,0,tristeza
me siento más enamorada del mundo y graciosa y alegre,1,alegria
me siento muy ansioso por ir a terapia con,4,miedo
habría perdido tiempo y dinero y me siento muy presionado porque no quiero hacer eso,4,miedo
necesito ese calor para recordarme que está ahí cuando la vida se siente fría y vacía,3,enojo
sentiría a veces todavía sentir un anhelo y un deseo de acercarse sentir los viejos robles caminar por los viejos senderos escuchar el olor tranquilo de los arbustos salvajes,2,amor
"todavía me siento aturdido, pero tengo más de horas, así que debería estar bien",0,tristeza
he sido más vocal acerca de cómo me siento lo que pienso y estoy convencido de que no voy a dejar que nadie camine sobre mí o dejar que mi opinión no importa,1,alegria
me gustaría poder volver a establecer un nivel razonable de motivación que no se base en la necesidad de hacer que las personas se sientan como seres humanos menos inteligentes de lo que probablemente son.,1,alegria
me siento agradecido de que todos los días se quema en mí de esta manera haciéndome saber que en la oscuridad de la vida que una vez he llevado bajo mis padres se ha levantado para mostrarme que no hice nada malo,1,alegria
estoy muy agradecido por el ritmo de estos días.,1,alegria
voy a poner en la computadora hasta que me sienta menos violento y abajo,3,enojo
"me gustaría aprovechar esta oportunidad para decir lo increíble que es su familia, todos ellos me hicieron sentir bienvenido y si tengo hijos que son la mitad tan encantadores como los niños que estaban sentados en mi mesa, me encantaría.",1,alegria
"me siento en blanco y en una pérdida, pero hey, ese viejo sombrero",0,tristeza
me siento casi derrotado,0,tristeza
he estado sintiendo como que no puedo poner mucho en esto porque él no se preocupa por él de todos modos,2,amor
recibí un wt txl y sabio que compré por lo que siento es un precio excelente de uno de los miembros estimados en el foro de pesca con mosca ultraligero,1,alegria
supongo que si uno fuera a amar a alguien uno se sentiría dudoso.,4,miedo
me siento extraordinariamente aturdido y desconcertado este arvo sin ninguna razón en particular y todos mis músculos duelen a pesar de que en realidad no tengo ninguno.,5,sorpresa
siente que debería llenar el espacio en blanco,0,tristeza
me siento menos como una mujer y más como una chica avergonzada,0,tristeza
"no sé que él simples sentimientos estoy sorprendido por sobresaltado aunque él no entendía las palabras, pero yo estaba sintiendo sus palabras hay tonos de tinta verde por qué de repente decir",4,miedo
no uso harina para todo uso ya que me sentía culpable por no tener un desayuno saludable,0,tristeza
me siento enérgico y emocionado de ver mis resultados al final de la semana.,1,alegria
entiendo sentirme solo y solo como si nunca pudieras ser realmente conocido,0,tristeza
me siento todo codicioso,3,enojo
me siento bien y feliz con mi progreso,1,alegria
siento que es una razón valiosa fue el único tiempo que debra y yo tuvimos conduciendo al campamento de woodston kansas asambleas de campamento de la familia de dios,1,alegria
me siento un poco aturdido y fuera de lugar como si alguien necesitara empujarme para realmente despertarme.,5,sorpresa
me siento sorprendido me he vuelto tan viejo,5,sorpresa
he subido y poner el enlace en mi post anterior sólo es bueno para seis días más o hasta que me siento lo suficientemente amable para subir de nuevo,1,alegria
puedo verlos o sentirme libre de publicar fotos a la href http facebook,1,alegria
me siento malhumorado y molesto cuando no lo hago,3,enojo
siento que estas frases o frases en sí mismas son una historia maravillosa por sí solas.,1,alegria
me siento incontrolablemente agitado y no tengo idea de por qué,4,miedo
me siento muy divertido en esa foto,1,alegria
"he llevado una cita de audre lorde a la que a menudo me refiero cuando me siento temeroso o inseguro sobre las cosas cuando me atrevo a ser poderoso para usar mi fuerza al servicio de mi visión, entonces se vuelve cada vez menos importante si tengo miedo.",4,miedo
seré capaz de sentir un poco más de libertad emocional.,0,tristeza
me siento revitalizado y listo para ir,1,alegria
"no esperaba que las repeticiones me dolieran, especialmente porque a menudo levanto más pesado para más repeticiones, pero tengo que decir que ya puedo sentir que mis músculos me duelen.",0,tristeza
necesito recordatorios constantes cuando voy a través de calmas en la sensación de sumisión si me gustan o no,0,tristeza
"todavía salgo a veces, pero cuando lo hago, llego a casa y lloro, puedo sentir cómo la gente me mira, saben que también soy inútil.",0,tristeza
"no puedo dejar de pensar en ello me siento paranoico como me están juzgando sé que son probablemente ahora, pero me siento de esa manera",4,miedo
"he aprendido tanto con él, incluso ahora todavía aprendo cosas nuevas sobre los conejos, siento que siempre sigues aprendiendo sobre ellos y te sorprendes con ellos.",5,sorpresa
realmente me sentía agradecido y conectado con la naturaleza.,1,alegria
realmente ya no me siento muy sociable en ese bar,1,alegria
me siento bajo me vuelvo a las flores,0,tristeza
"creo que se divirtió más de lo que pensó que habría concedido, sentimos que estamos sufriendo un poco con la comida y la desintoxicación, pero al mismo tiempo sentimos que finalmente estamos haciendo cambios serios para estar sanos y eso solo es una sensación realmente increíble.",0,tristeza
me siento extraño realmente sentado al lado de algunas personas que no sé,5,sorpresa
no puedo explicar lo orgulloso que estoy de él y la sensación de verlo tan decidido cada vez para ganar.,1,alegria
siento que debería darle un grito porque era tan delicioso,1,alegria
lo siento si ive hizo que alguno de ustedes se sintiera sin importancia,0,tristeza
escribí tal vez una verdad porque quiero decirle algo a un chico y tengo miedo de decirle cómo me siento porque me enojó.,3,enojo
también siento que nadie en la escuela de música me está apoyando mucho en esto.,2,amor
"podía sentir esa extraña parálisis en todos los brazos y manos de mi cuerpo, excepto este pequeño y extraño campo de fuerza que no sostenía los dedos índice o pulgares del medio.",4,miedo
me siento muy falsa con él,0,tristeza
realmente aprecié esto incluso pensé que no soy cristiano cualquier tipo de oraciones son bienvenidas y me he estado sintiendo tan perdido y así fuera de ella,0,tristeza
me siento como im cuz despiadada una semana después de mi boyfirand de meses rompió conmigo estaba pensando en otro chico,3,enojo
me siento más como el gerente todos los días y me siento más respetado por el día también,1,alegria
"estaba pensando que podría estar listo, pero no estaba seguro de mi evaluación",4,miedo
me siento mal por la sra.,0,tristeza
"no estaba pensando negativamente en ninguna de esas cosas, a menudo el sentimiento era benigno o en realidad una anticipación emocionada.",1,alegria
tengo esperanza eterna dice y cuando llegan al puente se encuentra que le gusta la sensación de la sonrisa cariñosa en su cara demasiado para ocultarlo,2,amor
me desperté esta mañana sintiéndome esperanzado y enérgico.,1,alegria
"suplico y anhelo algo en particular que estoy convencido de que traerá felicidad y, sin embargo, cuando llegue me voy sintiéndome hastiado y usado.",0,tristeza
me siento bastante optimista sobre el producto final.,1,alegria
me siento encantada de contactarte,1,alegria
tiendo a estar de acuerdo y así cuando siento la quemadura llamo para ti mi canto de sirena dolorida que hace eco a través de los años y las hojas oscuras hasta que llegas mojado con lluvia y anticipación,0,tristeza
empiezo a sentirme más y más frenético y apresurado tratando de brindar una excelente atención a mis pacientes y luego lo vuelvo a casa.,4,miedo
a veces me siento tan culpable que tiene que compartirme con los desafíos que la vida nos ha lanzado emocionalmente y más recientemente médicamente.,0,tristeza
me siento inseguro porque mi futuro financiero gracias a la ley estúpida es en este punto en parte depende de js integridad rechazada y despedida por j después de que tomamos votos inseguros e incluso un poco preocupado por conseguir la capacidad de pasaporte para hacerlo,4,miedo
me siento tan herido y con severo dolor mental y emocional en este momento.,0,tristeza
necesito sentirme seguro necesito sentirme seguro,1,alegria
yo estaba en un accidente de coche sólo yo no los niños me dejó sintiéndome bastante vulnerable,4,miedo
me siento tan apretada odio este sentimiento que es por eso que realmente no me gusta apretar en los autobuses o en el mrt a menos que yo con la gente que no va a ser tan malo en comparación con estar solo,0,tristeza
"no puedo dormir, enciendo la música si necesito despertarme, enciendo la música si siento música malhumorada, es lo que viene a mi rescate cada vez que me siento extático, las melodías están a mi lado si quiero conocer mi música de granizo del lado salvaje.",0,tristeza
cómo se siente acerca de la pelea estoy decepcionado y un poco disgustado conmigo mismo,0,tristeza
todavía me siento mejor en mi habitación a pesar de que me encanta la forma en que mi casa se siente mejor para mí,1,alegria
me siento tan condenado a mis finales de lec de botánica más tarde,0,tristeza
finalmente me siento lo suficientemente seguro en mí mismo para mantener mis palabras donde deberían estar.,1,alegria
siento que me estoy enamorando de él de una manera y no en un sentido romántico.,2,amor
siento que he sido un poco desagradable en mi publicación de fotos,3,enojo
he estado sintiéndome lejos de ser perfecto en el área de la maternidad,1,alegria
bebo en mis sentimientos me entumezco,0,tristeza
me quedo sintiéndome inseguro y confundido,4,miedo
siento que este efecto es contraproducente ya que los cambios fueron una distracción y solondz es lo suficientemente talentoso como para ganar nuestra simpatía sin trucos.,1,alegria
"me siento odiado me siento enojado me siento muy triste me siento como voy a ser abandonado me siento enojado porque abandoné a alguien, pero en realidad nadie a esta edad puede esperar que ninguna de las partes será abandonada",3,enojo
"creí que era amor verdadero y me sentía devastada, quería sentar cabeza y tener todo el matrimonio y los niños con él.",0,tristeza
me pasaría horas preparándome para la reunión con mi supervisor y sintiéndome convencido de que lo he clavado,1,alegria
me sentía desanimado en este punto,0,tristeza
siento que no puedo confiar en mi mentor con secretos porque tengo miedo de que él o ella le diría a mi tutor de los padres,4,miedo
no puedo sacudir la sensación familiar de que ive tiene poco tiempo precioso que queda,1,alegria
me estaba sintiendo un poco inestable y sé que estaba experimentando el inicio del bonk infame,4,miedo
"también soy consciente de que no hay glamour en ellos y, a veces, solo quiero sentir glamour.",1,alegria
me siento mucho más positivo sobre el movimiento inminente,1,alegria
solo estoy haciendo que la gente se enoje y se sienta irritada,3,enojo
dejo el hogar de ancianos cada semana sintiéndome tan feliz y lista para volver de nuevo.,1,alegria
creo que estoy respirando de nuevo y cada respiración se siente animada y llena,1,alegria
"también me siento avergonzado porque puedo mirar conscientemente mi vida y ver todas las cosas buenas que todos los demás ven, pero cuando el ciclo de la depresión golpea, incluso sabiendo que esas cosas buenas existen, simplemente no es suficiente.",0,tristeza
supongo que de alguna manera debería sentirme irritada de que si ella supiera por qué no hizo nada para ayudarme con esta única causa me estaba sintiendo,3,enojo
todavía siento que eres tan desalmado y vas por los hombres que te romperán el corazón,3,enojo
debo decirte que he estado haciendo mucho más yoga últimamente y me siento encantadora y suelta en mis articulaciones y músculos.,2,amor
me sentía bastante suave y quería un aspecto suave y fácil de usar con mi comienzo de un resfriado,1,alegria
a menudo me siento ofendido por la vida,3,enojo
definitivamente recomiendo esto para cualquier persona que se sienta deprimida o ansiosa.,0,tristeza
no me siento particularmente inspirado,1,alegria
me siento como el personaje precioso,1,alegria
"me sentía muy frenético, sabía que tenía que encontrar a james allí también.",4,miedo
necesito sentir que soy aceptado y que soy importante y que soy amado,2,amor
"generalmente uso este icono cuando me siento juguetón o infantil, que es un porcentaje bastante grande del tiempo.",1,alegria
me senté en una playa ventosa sintiéndome completamente molesto juré que volvería y subiría scafell,3,enojo
me siento un poco incómodo ya que estoy a punto de escribir una reseña no tan favorable sobre los principiantes,4,miedo
"realmente me gustaría pensar que todo esto va a funcionar y que solo hubo un error cometido, pero me siento bastante condenado aquí",0,tristeza
siempre tengo la sensación de que en realidad estoy amortiguando los estados de ánimo de mis amigos porque todos son tan despreocupados y felices con su vida mientras no muestro el mismo entusiasmo.,1,alegria
"constantemente me preocupo por su lucha contra la naturaleza, ya que empujan los límites de sus cuerpos internos para la determinación de su existencia externa, pero de alguna manera me siento tranquilo.",1,alegria
me siento tan aturdido y triste por el terremoto en christchurch nueva zelanda ayer,5,sorpresa
me estaba sintiendo muy caliente toda la tarde sin nadie para cumplir mi deseo sexual y solo tenía mi cama y pensamientos creativos para ayudarme y sin olvidar mis manos que aahhhh trabajo como magia,2,amor
realmente me olvidé de lo que se siente reír sinceramente y él es el que hace que mi risa sincera vuelva.,1,alegria
siento y no necesito alguna razón tonta para legitimar o excusar la forma en que me siento,0,tristeza
no quiero encerarlos y atraerlos ni nada de lo que necesito para no tener un unibrow y tal vez deshacerse de los pocos pelos de repuesto que se arrastran hacia abajo hacia mi párpado si me siento valiente,1,alegria
me siento devastado,0,tristeza
estoy seguro de que sienten que las personas amorosas más cariñosas en las vidas de los niños son mejores,2,amor
"me siento honrada de haber estado en el programa y mis estudiantes estaban muy emocionados por mí, dijo giardina.",1,alegria
"necesito ser sabio y esconder algunas cosas de él porque si realmente supiera todo sobre mí, entonces se sentiría demasiado seguro se aburriría e irá a buscar su aventura a otro lugar.",1,alegria
estoy teniendo problemas para venir con palabras para describir la forma en que me siento tan dedicado a ella,2,amor
comencé a sentir una enfermedad estomacal podrida y la necesidad de ir al baño,0,tristeza
"no siempre puedo capturar la esencia de la forma en que veo el mundo por escrito, siento que mi extraña forma de pensar ha sido generalmente consistente a lo largo de mis cortos años.",4,miedo
me siento bastante contenido me siento bastante contenido,1,alegria
no me siento mezquino,3,enojo
"me refiere, por supuesto, aunque no puedo evitar sentirme de alguna manera irónicamente en retrospectiva a loudons hijo con kate mcgarrigle el mismo bastante talentoso rufus wainwright",1,alegria
todavía siento que la admisión de que no me gusta este popular programa me pone en una categoría con personas que patean cachorros o personas que o que roban la ropa ratty de las espaldas de los huérfanos dickensianos.,1,alegria
me siento siempre tan homesick,0,tristeza
odio la sensación de ser disgustado y parece que es muy común para mí.,0,tristeza
"sé que no todas las mujeres se sienten de esta manera, pero me he sentido muy poco importante en la iglesia y casi me atrevo a decir que no estoy tratando de golpear a la iglesia, pero creo que algunas mujeres están tan sedientas de conocimiento sobre ella para reforzar su propio lugar e importancia en el mundo.",0,tristeza
"debería haber dejado esta película sintiéndome asustada o al menos convencida de que este número tenía algún tipo de poder místico o era la clave de alguna conspiración del gobierno, pero no",4,miedo
"voy al servicio de la iglesia, no a la juventud, me siento odiado y sé que no soy el único.",3,enojo
tuve un sorbo y ya me siento aturdido,5,sorpresa
lo hago cuando me siento letárgico,0,tristeza
veo el aumento de peso de los alimentos y me siento castigado en lugar de por qué tengo esta necesidad de tener el control en todo momento.,0,tristeza
vi un partido de fútbol con mi viejo amigo el rendimiento del equipo fue muy bueno y los miembros del equipo estaban llenos de espíritu el partido fue excelente y cada vez que se marcó un gol me sentí emocionado,1,alegria
"sin embargo, después de ver lo creativamente estimulante y satisfactoria que puede ser la enseñanza, ahora me siento más seguro al seguir una carrera en educación.",4,miedo
"siento que todo sobre mí es defectuoso e incorrecto y necesita ser cambiado, pero cuando lo cambio, lo nuevo también está mal porque es mío y, por lo tanto, debe estar mal.",0,tristeza
me siento insignificante y pequeño aquí últimamente,0,tristeza
no soy una buena cocinera me siento contento cada vez que tengo que preparar platos simples y humildes que pueden ser comidos por todos,1,alegria
me siento un poco cabreado porque fuimos primero,3,enojo
quiero que se sientan ansiosos por asistir a un amp m quiero que se sientan como que pertenecen,1,alegria
tengo ganas de hacer de esto una batalla obstinada de voluntades,3,enojo
me siento más como la chica que era cuando estaba en estaba sin miedo emocionado por la vida y el descubrimiento,1,alegria
"me siento muy frío y miserable, pero trato de motivar a otros que están encontrando el paseo tan difícil como yo.",3,enojo
estoy escribiendo esto en una noche de domingo sintiéndome mucho más relajado bien que lo hice esta vez el domingo pasado y también al final de lo que ha sido una semana estresante pero finalmente gratificante.,1,alegria
me encantan los museos y aunque me encanta el arte me siento muy tonto sin saber todas estas pinturas,0,tristeza
nunca me siento valiente y tampoco quiero ser como creo que para ser valiente tienes que tomar una decisión consciente en cuanto a si quieres ser valiente o no.,1,alegria
diré que estoy satisfecho con mi sorteo y siento que es un ajuste perfecto,1,alegria
me siento patético porque todavía estoy soltero,0,tristeza
me siento un poco menos hastiado,0,tristeza
me siento bastante necesitado no tienen recurso amp u http cabeal,0,tristeza
"veo a mi persona favorita sufrir y no hay nada que pueda hacer para quitar el dolor, me siento inútil.",0,tristeza
estoy seguro de que hay un montón de fiestas encantadoras pasando pero no me siento muy sociable whats new,1,alegria
"siento que simplemente se sienten culpables por tratarme mal y realmente no quiero volver, ya que no voy a entrar en la liga debido a mi incapacidad para hacer todas las prácticas y horas de servicio a pesar de ser un muy buen patinador y tener una buena actitud hacia las prácticas que puedo hacer.",0,tristeza
me siento increíblemente aislado y solo,0,tristeza
simplemente siento que como mi lector y suscriptor leal que necesita ser informado acerca de lo grande que el marketing mariposa realmente es y no ser tomado por un paseo para que pueda banco algunas comisiones grueso,2,amor
me siento indefenso al respecto,0,tristeza
siento que las declaraciones más inocentes pueden ser torcidas en algo siniestro e inexacto.,1,alegria
pasé horas en la habitación de mi tía y mis tíos con mi primo mi espalda contra la pared debajo de la ventana sintiéndome completamente extática y mi prima estaba a mi lado sonriendo porque sabía que tenía que ser diferente de mis otros amigos.,1,alegria
nunca quiero que la audiencia se sienta castigada predicada o lo siento por mí.,0,tristeza
me siento muy bendecido y disfruto mi tiempo aquí,2,amor
estoy seguro de que mi problema está siendo considerado con el más alto sentido de urgencia.,1,alegria
"me siento necesitado cuando le pido a alguien que pase el rato conmigo y termino sin intentarlo después de un par de veces de que me digan que no, tengo planes, lo siento.",0,tristeza
tuve una epifanía que debería sentirme orgulloso de mí mismo img src http expansiveperspective,1,alegria
me siento culpable después de hacer estas cosas,0,tristeza
me siento honrado de que me pidan gracias href http doodlesandscrapsofme,1,alegria
me siento tan agitado en este momento,3,enojo
no puedo ayudar pero me siento tan indefenso,0,tristeza
me siento indeciso y me asusta,4,miedo
me siento intimidado para ir allí de nuevo en ese momento por miedo a que vuelva a suceder,4,miedo
quiero evitar sentirme disgustado,0,tristeza
empecé a sentirme tembloroso con hambre,4,miedo
"todavía me siento un poco raro llamando al ceo de mi compañía bob, pero cedí después de que me corrigió repetidamente",5,sorpresa
me siento muy nervioso por perderlo imprimo el archivo en papel como seguridad final,4,miedo
me siento muy bonita con este maquillaje haha,1,alegria
"no me he sentido fantástico esta semana, así que pensé en hacer algo diferente y más fácil de escribir que pensé que podría ser divertido.",1,alegria
me siento acerca de femme fatale excepto que ya no es lindo ahora que es bastante obvio que britneys no tiene el control de su vida que ella está tan quemada y sin embargo tengo la impresión de que casi se ve forzada a esta carrera hasta el punto de que ella simplemente no puede o no quiere entregar más,1,alegria
estoy realmente triste de que me perdí el show de menswear porque siento que vale la pena apoyar esta empresa para mostrar más menswear,1,alegria
me siento tonto embalaje cuando ni siquiera puedo obtener una respuesta directa acerca de si o no estoy en realidad va a ser capaz de moverse a algún lugar,0,tristeza
supongo que enfermo solo se siente incómodo con él por un tiempo hasta que me pongo más mierda,0,tristeza
estoy sentado aquí en la biblioteca de belmont escuchando a agarrarse fuerte por la orquesta de luz eléctrica sintiendo un poco de descontento,0,tristeza
"me siento inoportuna y fuera de lugar, pero no puedo decidir si estoy demasiado asustada para hacer algo sobre esta situación o si me quedo aquí en esta situación de callejón sin salida porque tengo miedo de que las cosas empeoren.",0,tristeza
"tengo un plan con amigos y un buen sistema de apoyo de vecinos para hacerme compañía, pero todavía se siente muy raro.",5,sorpresa
"puedo ser tan amable como un ángel, pero a veces también puedo ser tan mezquino como un diablo, solía usar palabras duras cuando me sentía irritado.",3,enojo
debería sentirme como una mujer independiente exitosa a la destines child no,1,alegria
me siento más ligero y menos inhibido cada día,0,tristeza
siento que ha habido demasiados productos en el blog últimamente y echo de menos la increíble casa,1,alegria
im flotando en la región gris entre el odio a uno mismo y sentirse superior,1,alegria
puedo usar cualquier cosa y no sentirme mal,0,tristeza
me siento completamente consternado de que nuestro producto favorito de lloyd grossman haya sido abandonado.,0,tristeza
"tengo algunas navidades sin decorar para comenzar, pero no tengo prisa, me gusta sentirme festiva",1,alegria
me siento tierno y desorientado,2,amor
no me sentí valiente o confiada al salir de la masa,1,alegria
"siento que este otro de los discos más subestimados del álbum no va a ser el más popular, pero es un disco increíble.",1,alegria
yo mismo sonriendo a través de amoroso diálogo simple niño lógica explicar sentimientos situación es divertido,5,sorpresa
tengo la sensación de que has sido castigado lo suficiente,0,tristeza
me siento nervioso por nuestras hienas,4,miedo
me sentía muy enérgico ayer decidí comenzar el a href https www,1,alegria
siempre me siento tan afortunada de que a los participantes también les guste.,1,alegria
me siento como un niño que ha sido travieso,2,amor
creo que por una vez me siento bastante contento en este momento y libre de preocupaciones,1,alegria
enfermo porque calienta mis músculos y siempre me río en medio de nuestra pequeña y peculiar familia de ejercicios intergeneracionales y después de seis meses soy un habitual que me recuerda que ive logró la hazaña épica de ya no sentirse intimidado de alguna manera cuando voy al gimnasio.,4,miedo
puedo usar estos momentos como una oportunidad para sentir esa hermosa y radiante alma que ha estado oculta durante tanto tiempo detrás de esas paredes.,1,alegria
"lo siento por él, pero la cosa es que es tan popular y arraigado en este distrito gerrymandered que sería totalmente reelegido como un hombre gay.",1,alegria
"quiero hacer de esto una cosa diaria que tengo que lavarme el pelo todos los días y eso es una molestia para alguien como yo que tiene el pelo súper rizado que es un poco de dolor para enderezar, pero cuando salgo de esa clase me siento tan bien",1,alegria
"podía sentir la profundidad y la riqueza de la olla caliente comenzando a desarrollarse, pero cada pequeño evento me alejaba de reunir el calor para acelerar el proceso.",2,amor
no quiero aceptar que es inevitable que todos nos convirtamos en hombres y mujeres gruñones a medida que envejecemos y no quiero aceptar que sentirse irritado y molesto por pequeñas cosas triviales sea normal.,3,enojo
me siento realmente desalentado y triste y traté de llamar a ashley y más tarde traté de llamar a rommel.,0,tristeza
terminé sintiéndome satisfecho con lo apretada que es la película.,1,alegria
"me siento como un traidor vil incluso diciendo tal cosa, pero es la verdad",3,enojo
im tomar ventaja de la sensación artística incase se escapa de nuevo campana tuvo su bebé el otro día yay,1,alegria
"me siento enojado con él, ya que no respondió me preocupó mucho",3,enojo
me siento tan hinchable y feliz,1,alegria
siento que las cosas que aprendo en mi curso son tan útiles en este momento,1,alegria
me siento amenazado o ansioso me vuelvo insensible y alejado de mis emociones y mi entorno.,4,miedo
he terminado de leer que me siento tan inseguro,4,miedo
me siento como si fuera una chica traviesa y debería haber dicho de ninguna manera,2,amor
"siento que todo está en control, entonces estoy bien",1,alegria
id decirle que siento que ceder el control de nuestras vidas es la única manera de evitar la condenación juego extremadamente inteligente en la condenación que sé,1,alegria
me siento realmente asustado después de haber visto lo que mi madre pasó en su tratamiento para un melonoma maligno,4,miedo
siento que dios puede ser humorístico y creativo y simplemente tan impresionante,1,alegria
"no estoy seguro de si alguien en absoluto puede entender cómo me siento hacia ellos, pero casi me siento como uno de esos adolescentes con problemas que a menudo tienen en maury",0,tristeza
me pongo vertiginoso y me siento elegante con una falda lápiz perfectamente ajustada,1,alegria
recuerdo sentirme inseguro acerca de qué decir bien erm estamos tratando y mi período se debe esta semana tan erm,4,miedo
tenía la esperanza de no sentir la debilidad de no ser molestado por cada canción cada broma que escucho,3,enojo
estoy sintiendo el propósito de cuidar a aquellos de nosotros que también somos cuidadores.,2,amor
termino esta nota no queriendo sonar triste me siento positivo y feliz iv escrito su ido de mi cabeza así que puedo dejar de vivir y pasar a hacer que suceda,1,alegria
me siento menos agravado y molesto hoy creo que me di cuenta de que no vale la pena que resultó ser una pérdida de tiempo y esfuerzo sin sentido y estúpido estoy bien con no conocerlo im ineficaz por el momento al menos,3,enojo
me siento satisfecho con una visión por el momento,1,alegria
"no creo que tocara mi pene, pero recuerdo sentirme muy impotente y esa confianza fue violada.",0,tristeza
"me siento un poco tonto por decir esto, pero estaba molesto por la cantidad de fuerza que perdí durante los últimos meses.",0,tristeza
siento que he sido bastante negligente con mi blog y solo quiero decir que estamos aquí vivos y felices.,0,tristeza
"ive tenía un largo camino de que al principio se siente como yo estaba siendo grosero para rechazar la comida que se hizo trajo para mí ya veces comer cosas porque era libre de gluten y se veía delicioso, incluso si tal vez no era lo que me sentí bien acerca de comer un poco de pastel de bodas realmente mediocre, por ejemplo",3,enojo
todavía siento que tengo un largo camino por recorrer antes de que pueda llamarme una ama de casa alegre.,1,alegria
no me siento nostálgico,0,tristeza
no me siento alarmado y me pregunto si debería,4,miedo
"todavía no he experimentado la totalidad de esto es que estoy llegando a usar mis dones de nuevo sin sentir que alguien está amenazado, celoso o compitiendo contra mí.",4,miedo
incluso me siento raro viviendo con gente laica otra vez,5,sorpresa
siento tanto dolor dentro por sus corazones adoloridos,0,tristeza
cometiendo más errores pensando con menos claridad y sintiéndose más ansioso,4,miedo
"he estado queriendo escribir sobre una vida secreta, vivo una que solo un puñado de personas saben sobre una que mantengo en secreto y una de la que me siento avergonzado a pesar de que sé que es perfectamente humano normal y en el fondo siento que es correcto.",0,tristeza
permanecer en una casa de parientes que se rompió en antes,4,miedo
tengo un chico que realmente se siente hilarantemente aficionado a,2,amor
"creo que a veces los sentimientos de obligación, deber y expectativa se interponen en el camino de confiar en nuestra intuición para guiarnos en la dirección correcta.",1,alegria
me siento increíblemente generoso voy a permitir que mike cuele durante unos minutos y luego empiezo a respirar de pánico y él tiene la idea y se da la vuelta a su lado de la cama,2,amor
he notado que mi cuerpo no ha sido feliz cuando como carne roja y la semana pasada me sentía letárgico y un poco sórdido.,0,tristeza
siento una sensación de alivio y también tristeza porque estoy terminando y mis colegas más de todos modos han sido oh tan fabuloso,1,alegria
me siento aprensivo al abrir la puerta azul,4,miedo
siento que roer agujeros en toda mi alma impecable,1,alegria
me cortó me siento de repente vacío mucho más pequeño y oh tan cansado,0,tristeza
"elegí vivir mi vida como una persona normal que tiene sentimientos y deseos, he hablado por mí misma, he sido fiel a mí misma y he estado decidida a ser tratada con dignidad y respeto.",2,amor
me siento como una madre motora muy útil aquellos de ustedes que han visto a thomas lo entenderán.,1,alegria
me senté en la oscuridad de mi habitación durante unos minutos tratando de averiguar si debería sentirme ofendido o si debería prestar atención al consejo.,3,enojo
no siento nada a través de largos períodos de tiempo estoy convencido de que nada ha funcionado,1,alegria
"siento un poco de envidia de mi yo más joven, estaba en gran forma de correr, joven y tenía toda mi vida por delante.",3,enojo
puedo recordar sentirme petrificado,4,miedo
me siento un poco menos agobiado con cosas que cuelgan sobre mi cabeza,0,tristeza
"tiendo a tener una sensación incómoda o tal vez a molestarme, pero esa sensación de emoción solo se manifiesta de la manera en que se interpreta el libro.",0,tristeza
"siento que no haya más humor en este post, pero no me siento tan gracioso",5,sorpresa
"no estoy diciendo que elimines a todos de tu vida, pero siento que es importante encontrar consuelo en la meditación de soledad o trabajar solo en proyectos.",1,alegria
"estoy seguro de que gran parte de la ventaja es psicológica, el sentimiento avistó a la competencia que ahora está irremediablemente agobiada con su gran salto de plato.",0,tristeza
no pude evitar sentirme un poco fuera de lugar en nuestro atuendo casual,1,alegria
tengo miedo de tener una voz y soy sólo un invitado,4,miedo
"siento el aguijón de las palabras como un dolor sordo y pesados conductos lagrimales, no por mi miserable vida en la escuela secundaria o por haber sido siempre el objetivo.",0,tristeza
siento la necesidad de adelantar esto diciendo que estoy fuertemente a favor de mantener los videojuegos violentos o inapropiados fuera de las manos de los menores y creo que este es un problema en el que los padres y el gobierno deben trabajar juntos.,3,enojo
siento que cuando era un niño constantemente me impresionaba lo increíbles que son las hormigas.,5,sorpresa
canto me siento raro,4,miedo
pago a dios por el privilegio de tener un dominio que siento que también apoyo sus esfuerzos para obtener este proyecto de ley al que me opongo vehementemente.,2,amor
me siento muy molesto con este tipo de personas que comentan y tratan de ser tan filosofía en su religión,3,enojo
"me siento más inhibido, más tímido en mi propia ciudad con una cámara que en el centro de londres.",0,tristeza
"creo que missy estaba a punto de abandonar el proyecto debido a que no sentía que tenía suficiente tiempo, pero de alguna manera la convencí de que viniera y terminara las últimas canciones que necesitábamos para tener suficiente material para una larga duración.",1,alegria
"me siento un poco más positivo ahora, ya que las cosas eran bastante difíciles al principio, ya que mis ahorros se comieron rápidamente con los costos y no quería convertirme en una carga para mi novio, pero hemos salido del otro extremo y me siento más brillante y más inspirado sobre las cosas por venir",1,alegria
me siento deprimido mi viejo demonio sexual regresa y eso destierra mi desesperación en locas exhibiciones de exhibicionismo salvaje abril parte dos a href http newrhinegargoyle,0,tristeza
estoy empezando a sentirme abrumado de nuevo cuando se trata de la investigación de este libro.,4,miedo
no me siento extrovertido y no estoy de humor para poner la cara del juego y besar,1,alegria
me siento solo júbilo euforia,1,alegria
recuerdo que me sentí boquiabierto y sorprendido por mi propia reacción ante las lágrimas que brotaban.,5,sorpresa
estoy luchando con todas mis fuerzas para no sentirme derrotado por la situación de alergia sinusal,0,tristeza
siento que con mi dieta vegana superior no debería enfermarme en absoluto.,1,alegria
me siento humillado en su apartamento vine aquí a esta familia me siento atrapado en esta vida y voy al infierno no quiero estar más presente en mi vida,0,tristeza
"no voy a mentir, se siente muy raro estar escribiendo esto en este momento.",5,sorpresa
"no deseaba ser el presidente, apenas conocía a estas personas y tuve la sensación de que me odiaban por estar callada y no sonreír.",3,enojo
me sentía como char me había culpado de hacerlo hace unas semanas.,0,tristeza
me siento risueña,1,alegria
"me siento inteligente diciéndole a la gente que me gusta el cordero wally porque en realidad no es chica iluminada, así que siempre lo menciono para que la gente me respete más",1,alegria
sé que cuando como horriblemente me siento horrible,0,tristeza
siento un poco de control sobre el cuidado de los más pequeños finanzas decisiones futuras tensiones familiares amistades difíciles lo que sea,2,amor
no quiero nada más que continuar este viaje empoderando a las mujeres que debido a su enfermedad se sienten indefensas y aisladas.,0,tristeza
soy el tipo de persona donde el sol me ayuda a sentirme y la naturaleza sombría de los días nublados lluviosos me deprime.,0,tristeza
siento que para apoyar a otras mujeres con problemas de infertilidad este valioso asesoramiento personal está disponible para un número limitado de personas.,1,alegria
me siento acerca de los arañazos la forma en que me siento acerca de mis arrugas me gustan y los considero como evidencia de una vida bien vivida,2,amor
no puedo evitar sentir que los bioware han perdido una oportunidad aquí.,0,tristeza
"sé que no debería sentirme ofendido, pero lo hago",3,enojo
"tengo problemas de control, aunque en realidad solo patean mal cuando me siento desprotegido o no confío en mi red de seguridad",4,miedo
me molesta tanto como lo hago que me siento innecesaria e irrazonablemente enojado cada vez que estás cerca de que la más mínima idiosincrasia tuya me enferma.,3,enojo
siento suave y mierda te juro que tienes ese toque juran que no nos detienen juran que no hay nada por encima de la chica me dan un poco de amor sí sí sí x,1,alegria
voy a extrañar correr y poner mi mano en tu vientre para sentir mi dulce holli reese patada,2,amor
te daría muchas razones para sentirte avergonzado,0,tristeza
me gusta por lo que es o simplemente me gusta la sensación de ser querido,2,amor
podría sentir que me pongo eso simplemente soy espléndido,1,alegria
"id amor para ir de compras seguro porque estoy molesto sensación perra a partir de ahora hacia todo el mundo, especialmente tú que",3,enojo
me siento sin corazón ahora sintiéndome aburrido y ya no creo en el amor,3,enojo
me siento traumatizada y dolorida,0,tristeza
"a id le encanta ver que esta campaña se vuelve viral para ayudar a crear conciencia y fondos para apoyar la línea directa para que más mujeres y niños puedan sentirse seguros, algo que la mayoría de nosotros damos por sentado.",1,alegria
tengo que decir que me siento bastante impresionado con cómo todo terminó considerando que mi total de dólares se redujo en total y tengo tres pequeños lienzos para jugar con la pantalla.,5,sorpresa
me he sentido abrumado y el tiempo pobre,5,sorpresa
"actualmente me siento como una mierda, pero tengo que al menos mostrar mi cara en el trabajo para que no sospechen de mi zumbido enfermo el día después de mis vacaciones.",4,miedo
siento que haber leído a ulysses es un club de gente muy inteligente y divertida y quiero unirme a ese club.,1,alegria
siento que lentamente no me preocupo por cumplir con los estándares de otras personas cuando se trata de la estética y cómo me presento.,2,amor
me siento preocupado y aterrorizado a su minuto mi pareja y yo vemos cientos de chaquetas blancas y también obtener atrapados de los cirujanos de evaluación de área estéril y limpio olor y rebosante de numerosos dispositivos,0,tristeza
me sentía muy inspirado para hacer un poco de trabajo,1,alegria
siento pena por su padre,0,tristeza
ya mencioné que la compañía con la que tuve una entrevista telefónica decidió que no era la adecuada para el puesto y me siento rechazada.,0,tristeza
me siento cada vez más aficionada a los cobres,2,amor
estoy tan emocionada de conocerla honrada que puedo llevarla tan especial cada vez que patea,1,alegria
"solo me ocupo de otras cosas, pero nunca con blogs o hilos que solo me harán sentir miserable.",0,tristeza
me gustaría saber por qué los administradores de la universidad duque sienten que es aceptable readmit collin finnerty news jan,1,alegria
"soy mejor que el resto de ustedes sintiendo, pero un sentimiento de ser aceptado.",2,amor
"también me siento fuertemente sobre el apoyo a la economía local, así que durante los últimos años estoy orgulloso de haber conducido autos gm en una comunidad de gm.",1,alegria
me siento muy bendecida de tener un nuevo equipo de médicos que están a mi lado y escuchar,2,amor
realmente no me importa solo porque puedo y eso es lo que se siente podrido,0,tristeza
"sé que tenge me llevará hacia y desde casi cualquier lugar, así que si me siento impaciente, ofrezco más",3,enojo
estoy celoso de andreas vientre creciente y los movimientos que ella ya puede sentir estoy envidioso de su estado,3,enojo
siento que necesita ser respetado por su propio bien,1,alegria
me siento más esperanzado hoy que ayer,1,alegria
"veo a mi amigo delgado luchando por ganar peso y comiendo mucha comida basura todos los días, veo a mi amigo gordo riéndose de él, lo veo sintiéndose avergonzado por la forma en que se ve.",0,tristeza
quería sentir sobre nuestra boda y odiaba que me sintiera resentido de lo que se supone que es una ocasión alegre y de celebración.,3,enojo
le dije que me sentía sin amor y subestimado por los niños,0,tristeza
me siento aburrido y aburrido,0,tristeza
"no sé dónde quiero trabajar porque siempre habrá algo que me haga sentir estresado o ansioso en el trabajo, sea cual sea el trabajo, ya que todos los trabajos requieren algún tipo de reglas o presión.",0,tristeza
siempre les digo que solo usen lo que los hace parecer lindos,1,alegria
"no me gustan los originales, pero quiero que rebekah tenga un final satisfactorio y no sea avergonzada por sentir y amar por klaus y hasta cierto punto por stefan y damon.",2,amor
"sin embargo, he estado en casa durante casi una semana desde el hospital y siento la necesidad de divulgar información a lectores devotos que se han sentido hambrientos por mis estilismos.",2,amor
estoy un poco avergonzado de sentirme así porque el entrenamiento de mi mamá fue una parte maravillosamente definitoria de mi propia vida y me encantó y todavía me encanta.,2,amor
me siento revivido extático y sobre todo desde el fondo de mi corazón verdaderamente agradecido a,1,alegria
"he dicho que tengo sentimientos tan mezclados acerca de porque por un lado soy feliz benny sobrevivió, pero por otro lado es simplemente absurdo",1,alegria
me sentiré un poco insegura,4,miedo
"no me he sentido como hablando nada malo, simplemente no me he sentido muy sociable de alguna manera.",1,alegria
siento que es mi trabajo darle todas las herramientas que necesita para ser una persona exitosa.,1,alegria
"espero que puedas sentirte feliz de que ella te haya dado tantas cosas, incluyendo recuerdos que puedes apreciar.",1,alegria
no me siento tan seguro de mí mismo que necesito competir o justificar por qué no estoy tan claramente haciendo tan bien como alguien más.,1,alegria
me siento cada vez más insatisfecho con cada fin de semana que pasa.,3,enojo
sé que no tengo problemas para conocer gente nueva y sentirme aceptado,2,amor
"me siento tan emocionalmente agotado que realmente odio sentirme de esta manera y odio mantener las cosas de las personas que amo y odio tener que fingir que todo es normal, quiero que sea normal y odio que mi felicidad provenga de otra persona y estoy tan cansado que realmente necesito un descanso",0,tristeza
me siento muy inadecuado físicamente.,0,tristeza
conozco la sensación de planes perturbados horarios interrumpidos,0,tristeza
me siento satisfecho con este diseño,1,alegria
he estado sin un hogar sin un lugar en el que me siento verdaderamente bienvenido y seguro,1,alegria
"me siento idiota llamando de nuevo, sin embargo",0,tristeza
"no lo tomé a la ligera, sé que las palabras duras pueden dejar a algunas personas sintiéndose absolutamente devastadas.",0,tristeza
le había dicho que la razón por la que me siento tan temeroso es porque me siento inseguro.,4,miedo
me siento un poco triunfante sobre eso,1,alegria
no quiero sentirme como lo hice contigo esa conexión apasionada cuando ya no éramos dos separados.,1,alegria
reconozco que el miedo que siento no proviene del señor y no viene de un lugar que confía y espera solo en el señor.,1,alegria
"pude mantener la actividad física y mental, así como tener una estructura y una rutina necesarias sin sentirme presionado para exagerar.",4,miedo
"solo siento que así que no tenga miedo de que debería doler aún más y rezar de nuevo para que pueda encontrarte de nuevo cuanto más tiempo pase, más me duele, necesito que retrocedas en el tiempo solo una vez, perdona mis pecados si solo pudiera revertir las cosas. este dolor sería tan perezoso",4,miedo
"me he sentido tan agradecida, humilde y bendecida por mi familia y por dónde estamos en nuestra vida.",1,alegria
"siento que debería haber disfrutado de este viaje, ya que siempre tengo muchas ganas de ver aussy, pero no puedo sentir la sensación de que mamá ya no está entre nosotros.",1,alegria
siento que soy el guardián de estos preciosos años,1,alegria
"aprendí a sentir la arcilla y sus límites, la expresión artística se volvió más importante que el dominio del material.",1,alegria
me pondré en contacto contigo cuando me sienta inseguro y necesite el apoyo o la bofetada al revés de la cabeza que sé que puedes proporcionarme,4,miedo
empecé a sentirme un poco arrepentido,0,tristeza
"me siento más fuerte, más claro, pero un poco molesto, no estoy muy seguro de por qué",3,enojo
me siento ansioso por mí mismo momento de la verdad me siento más bien como un tigre en una jaula cuando se trata de pruebas,4,miedo
ya me siento más elegante,1,alegria
me siento culpado,0,tristeza
"también los uso cuando estoy usando un vestido que me hace sentir cachonda se siente como esas ropas interiores antiguas, pero obviamente un poco más atrevido o tal vez un poco más que un poco",2,amor
odio sentirme solo,0,tristeza
siento sobre cualquier otra parte del orgullo que todavía creo en lo que representan los diques en las bicicletas y todavía estoy orgulloso de liderar la marcha del orgullo debido a ello.,1,alegria
siento que está determinada por los pensamientos que permito que dominen mi pensamiento.,1,alegria
me siento menos agobiado de alguna manera,0,tristeza
"me encanta el invierno, así que tal vez debería ser feliz, pero no puedo sentirme triste y deprimida",0,tristeza
me siento muy mezquino en este momento,3,enojo
me siento tan sorprendido viendo chiangmai,5,sorpresa
también me siento a veces que ive perdido en cosas debido a la cantidad de veces ive tuvo que salir de algún lugar temprano para llevar a alguien a casa,0,tristeza
me sentía como una rata conmocionada en un experimento de caja skinner,5,sorpresa
he estado pensando en cómo maximizar su potencial que usted sabe para hacer de este pequeño apartamento en una sensación espaciosa y plana glamorosa,1,alegria
me sentía bastante impaciente y debe haber golpeado el anuncio porque eso es cuando mi internet murió y vista virus pro comenzó a molestarme,3,enojo
me siento como si tuviera miradas en blanco,0,tristeza
me emociona aprender,1,alegria
estoy escribiendo para aquellos a quienes se les ha dicho que son débiles o que sus fortalezas son debilidades y que se les hizo sentir avergonzados.,0,tristeza
pensé que esta es precisamente la razón por la que estoy haciendo el show porque me siento muy inseguro en el mundo.,4,miedo
que mencioné en ese post los colores son muy bonitos pero se sienten muy incómodos en los ojos,4,miedo
"ni siquiera sé de qué voy a escribir, pero los vinos han estado fluyendo y los comedores están jugando en pandora, así que me siento cosmopolita y artístico esta noche.",1,alegria
"siento que tengo que hacer pis ya solo pensando en esto pinchando en mi punto g, pero estoy decidido a encontrar un método de estimulación que me guste",1,alegria
me siento un poco temblorosa mi mente está llena de dudas buena suerte te amo,4,miedo
ive vivió demasiado tiempo sintiéndose de mierda siendo molestado y sintiéndose como el extraño,0,tristeza
"cuando pudimos pagar un sofá nuevo, uno de cuero que costó sek lo había esperado durante años",1,alegria
me siento un poco privado de una experiencia típica,0,tristeza
me siento insultado porque todo el mundo está comparando sneha con ella,3,enojo
no me siento exactamente sociable todavía,1,alegria
me encanta una película con una buena sensación que realmente te mantiene cautivado y el camino tiene justo eso,5,sorpresa
estoy seguro de que todo el mundo está empezando a sentir la navidad y entrar en la era festiva,1,alegria
me siento un poco desanimado al saber que todavía hay muchas cosas que no entiendo y preguntas que no sé cómo hacer.,0,tristeza
"la mayoría quiere hacerlo mejor, pensar más duro, sentirse más y ser más tierno.",2,amor
simplemente siento un agarre patético cuando obviamente no hay nada para mí a lo que aferrarme.,0,tristeza
"pude trabajar en el estudio toda la semana, aunque me siento un poco triste por la lentitud con la que las cosas parecen estar progresando.",0,tristeza
me he dado cuenta de mi propia frustración cada vez mayor con lo que me siento a ser pequeña creado artificialmente drama,3,enojo
"tengo que hacer después de mucha oración teniendo en cuenta cosas como esta, pero todavía siempre me siento un poco reacio a actuar, pero lo hago de todos modos",4,miedo
siento que hoy es mucho sufrimiento que el día del examen que tenemos que abrir los libros cada vez que fuimos a casa,0,tristeza
"siento que siempre estoy estresado, preocupado o molesto por algo.",0,tristeza
"me siento tan feliz de estar en casa y de encontrar tanto había cambiado y sin embargo, nada había cambiado realmente.",1,alegria
no tengo ninguna planificación en absoluto y me siento muy mal por esto,0,tristeza
"debo comentar que creo que los medicamentos salvan vidas en muchas situaciones, pero también siento que es importante informar la historia completa.",1,alegria
juraría que me hizo sentir mucho mejor,1,alegria
me siento irritado de haber perdido la instrucción directa del maestro lee nunca se debe pasar por alto casualmente tengo que admitir que mi cuerpo se siente como si necesitara el resto.,3,enojo
"pongo esto a un lado y me concentro en la siguiente versión de la acusación de revelaciones vergonzosas, incluso en una sociedad igualitaria ideal que tiene que revelar al estado que uno no tiene talento, haría que los ciudadanos se sientan avergonzados.",0,tristeza
"me devastaron sería un grave perjuicio a mis sentimientos, ya que nunca puedo recordar estar tan desconsolado de nuevo en mi vida.",0,tristeza
nunca pude sentir el tipo de intimidad de seguridad y amor que he estado anhelando en esta vida.,2,amor
no puedo evitarlo por la forma en que me siento alrededor de mi familia como pares de ojos aburridos en mi espalda y simplemente observándome todo el tiempo.,0,tristeza
estoy hecho para sentirme inútil,0,tristeza
me siento un poco tímido al respecto,4,miedo
me siento desilusionado,0,tristeza
"me siento más tranquilo a pesar de que no creo que sea muy visible, pero he estado tratando de dar menos importancia a las cosas que generalmente me molestan, como los problemas de organización en mi escuela, por ejemplo, y me concentro más en tratar de ser feliz y contentarme con cosas pequeñas.",1,alegria
me siento bien acerca de eso,1,alegria
me siento como si tuviera este tono perra todo el convo como un poco sarcástico,3,enojo
yo era gay que empecé a sentirme perturbado y avergonzado,0,tristeza
me siento tan cachonda como una cabra muerta,2,amor
"todavía lo uso a menudo, especialmente si me siento ansioso o preocupado por el futuro.",4,miedo
"tengo un corte de pelo hoy, así que sí me siento guapo",1,alegria
"me siento inseguro y, aunque puedo diagnosticar fácilmente estas disposiciones, no ayuda.",4,miedo
he añadido muas imprimación a la mía y hace que mi piel se sienta preciosa,2,amor
me siento más jodido que anoche,3,enojo
me siento tan dañado que solo quiero que me cuides,0,tristeza
me encanta esta sensación siento que a pesar de esta lluvia a pesar del cielo sombrío me siento bien y me siento bien,0,tristeza
quiero saborear esta sensación de anticipación extática en la que me quedo en estos días,1,alegria
"me encanta pasar el rato con los niños sintiéndose tranquilos, enfocados y relajados, un jardín floreciente, trabajando, pasando tiempo con amigos y seres queridos, cenas, fiestas, celebraciones, tiempo creativo, fines de semana, lejos, plantas de casa saludables.",1,alegria
me siento honrado de que el velo se levantó en ese momento,1,alegria
me siento inusualmente suave no tener que preocuparse por cualquiera de las cosas antes mencionadas no tener que depender de tylenol pm o nyquil para arrullarme para dormir,1,alegria
me siento tan bendecida de estar separada de ella,2,amor
me siento en paz relajado y no ansioso o nervioso o asustado,1,alegria
me siento adecuadamente molesto por el panel y es hora de obtener una receta para estas golosinas que antes se consideraban indignas.,3,enojo
me siento aturdida hoy y cansada,0,tristeza
solo tengo una sensación general de esta pesadez desagradable de mi estómago para arriba,0,tristeza
me siento así cuando trato de probar las tradiciones de relación que yo y las personas que me importan se dañan,0,tristeza
siento tu suave mirada y siento tu amor,2,amor
"siento pequeños gemidos al respecto, pero me molesta, así que de ahora en adelante mantendré mis cosas en una bolsa en mi habitación si me preguntan, siempre puedo decir que lo mantendré allí para evitar que el baño se abarrote.",3,enojo
"siento que parece amigable, pero para seguir mirando su cara, sus ojos, siento que se ven siniestros.",1,alegria
me siento tan negligente de lj,0,tristeza
no quería que me enviaran mierda me siento casi insultado para ganar y avergonzado por quien lo hizo como en oregon,3,enojo
podía sentirme moviéndome más lento y siendo generalmente más letárgico que nuestro último viaje en el mismo sendero.,0,tristeza
publiqué esta hermosa foto en instagram y me sentía un poco rebelde caminando en ese plano sintiendo,3,enojo
"no quiero que este blog sea demasiado similar a muchos otros, pero ocasionalmente puedo publicar una foto de algo que siento que es un logro o algo de lo que estoy orgulloso.",1,alegria
no puedo evitar preguntarme si la otra madre con la que caminé se sintió de la misma manera que me sentía mientras miraba a sus dulces chicas con mi isaac,1,alegria
"cuando me enteré de que mi ex novio se había comprometido, aunque me alegré de que había encontrado lo que quería",0,tristeza
siempre me siento un poco triste cuando él va como nosotros sorta tener un ren y stimpy tema sobre nosotros aceite y agua gemini y escorpio alma gemela amigos,0,tristeza
termino sintiéndome aturdido el resto del día y culpable de que no hice nada.,0,tristeza
siento que mi marido está siendo dulce conmigo de nuevo,1,alegria
"quiero un vestido natasha gan solo porque puedo usarlo y sentir fab quiero botas de gamuza azul el color del océano que quiero quiero quiero no necesito nada de lo anterior, pero no me detendrá ir a chadstone tonite o mañana",1,alegria
miro hacia atrás en ese momento de mi vida de escritor y me siento un poco avergonzado de que hay una parte de mí que quiere terminar la serie de teoría de todo y luego empacar las ideas de la historia y llamarlo un día.,0,tristeza
"pensé que estaba haciendo lo que era mejor para mi hijo, pero mi pediatra me hizo sentir como una madre negligente.",0,tristeza
no soy fuerte que me siento asustada sola perdida y confundida,4,miedo
me siento abrumado por las responsabilidades diarias por las expectativas de mi familia y mi trabajo por las demandas de mi tiempo por mi cansancio físico por la sensación de que mis cargas me superarán por las dificultades financieras.,5,sorpresa
creo que tenía razón al sentirme insultado,3,enojo
me siento doblemente honrado porque ambos río de un href http río deriva a través de la vida,1,alegria
me siento tan desagradable aquí ahora y me voy esta noche una vez que benno termina su lección de motocicleta,0,tristeza
"le pregunto qué cobertizo le gusta hacer y ella solo dice que no le importa, así que siempre estoy haciendo sugerencias y me siento como im tener que tratar todos los días para mantenerla entretenida",1,alegria
estoy recaudando fondos para la fundación jag lograr conjuntamente el crecimiento de una organización benéfica que me siento muy apasionado,2,amor
lo siento cuando me lastimo en pequeñas cosas,0,tristeza
"ive escuchó historias sobre el tratamiento de julie baileys antes de ahora, pero esta es la primera vez que veo algo impreso y me hace sentir profundamente avergonzado de que alguien que se puso de pie, los pacientes y sus familias pueden llegar a estar tan aislados en su propia comunidad.",0,tristeza
"creo que puede ser útil para mis lectores que están buscando tabletas, pero no quieren romper su billetera como lo hacen las tabletas ipad de manzana.",1,alegria
"he estado usando roca dura deborah lippmann como base durante un par de semanas y parece prevenir las manchas excesivamente bien, así que me siento lo suficientemente valiente como para probar esta punta francesa modificada dos capas de un amor de sación de jalea rosa durazno a primera byte luego un negro aleatorio con una herramienta de puntos para manchas",1,alegria
antes de un examen que,4,miedo
me siento como soy travieso volviendo a casa en una mañana de martes,2,amor
me pongo esto cuando me siento juguetón y tonto,1,alegria
no sé si debería sentirme de esta manera porque parecería codicioso y no es agradable esperar que alguien derroche en el estímulo del momento solo porque pregunté,3,enojo
me sentía bastante estresado preguntándome si él sería capaz de cuidar de bb durante mi carrera y si no lo que iba a hacer,0,tristeza
"realmente no creo que mire mi blog con demasiada frecuencia, así que me siento bastante seguro al publicarlo, este diseño está lleno de una href http www",1,alegria
me siento un poco optimista algunos días,1,alegria
me siento como si fuera a ser víctima,0,tristeza
"sin embargo, me siento bien",1,alegria
ni siquiera puedo pasar por la lista de schindlers y mucho menos ver las cámaras de la muerte reales y sentir los fantasmas de los torturados a mi alrededor,3,enojo
veo pero me siento confundida por todos ustedes últimamente,4,miedo
"me siento codicioso de querer que retroceda un poco más, pero ahí lo tienes, quiero que",3,enojo
lo hago sentir no amado y no deseado,0,tristeza
estaba aullando con el cometa y el bebé estaba pateando tanto para que john sintiera que era tan divertido,5,sorpresa
"hablo de amigos en línea que me sacan de las listas de amigos, me siento no amado y despreciado.",0,tristeza
debo decir que no me siento triste en absoluto por este lugar,0,tristeza
me siento tan honrado de tener tanto apoyo de mi amiga mona todos mis maravillosos clientes y seguidores en mis páginas de facebook y mis padres que condujeron horas solo para estar en la primera fila y ayudar y apoyar mi esfuerzo,1,alegria
me siento tan inquieto hoy,4,miedo
"siento que me he apresurado momentos en los que empiezo a tomar esta vida aquí por sentado, solo míralos, me miran y mi vida agraciada se convierte en la etapa de nuevo verrugas, gusanos aplastados bajo el pie y todos los otros conflictos que vienen con él.",3,enojo
todavía tengo calambres además me pongo muy mareado cuando me pongo de pie y todo mi cuerpo está dolorido y simplemente en general me siento muy incómodo,4,miedo
me siento tímido de mi inglés roto,4,miedo
no me arriesgo a sentirme vulnerable a la sensación de que todo el mundo me está mirando y examinando cada pequeño hoyuelo en mi muslo y pandeo en mi brazo.,4,miedo
"sé que ella tiene razón porque me siento paciente despierta más enérgica y feliz cuando estoy corriendo a diario, pero todavía me siento un poco mal también porque creo que la leche materna es mucho mejor para los bebés que la fórmula",1,alegria
quiero decir que la gente está discutiendo cosas sobre las que se sienten apasionados.,2,amor
me sentía paranoico como mierda pensando que la gente estaría fuera buscándome,4,miedo
"debería sentirme agobiado de que el más mínimo toque de ese cuerpo, incluso ahora, aún persiste en mi piel.",0,tristeza
me siento determinado por eso,1,alegria
me siento lamentablemente inadecuado perdido y temeroso de que hará lo que sea necesario hacer.,0,tristeza
recuerdo el verano pasado sintiéndome tan abrumado,5,sorpresa
creo que este ccw jefes debe ser tirón por el estado como me siento amenazado,4,miedo
"no quería sentirme devastada, desesperada, indefensa y triste todo el resto de mi vida.",0,tristeza
entiendo que usted puede sentir que es muy grosero que sigo destruyendo su casa con mi cara,3,enojo
supongo que me siento neurótico acerca de mi cumpleaños porque pensé que sería establecido en este punto,4,miedo
me volteo en la televisión de realidad y me siento fantástico tratando de mantener un equilibrio entre la conciencia de sí mismo y simplemente sobre el análisis,1,alegria
"solo deseo estar bien, así que estaba pensando en ello hoy temprano y aquís la cosa está todo encerrado amp inquieto me ha hecho sentir tan necesitada",0,tristeza
me siento honrado de tener esta oportunidad y mirar hacia el futuro y cómo se desarrollarán nuestras vidas.,1,alegria
me siento ridículo incluso pensando en estas cosas,5,sorpresa
"la siento a mi alrededor cuando estoy en hollywood, que por cierto hay una chica encantadora que hace marilyn en el paseo de la fama realmente genial",2,amor
me siento desanimado,0,tristeza
puedo sentir sus latidos del corazón con cada deseo de estar centrado en el núcleo y totalmente juntos.,2,amor
me siento suave antonios,1,alegria
"me siento malhumorada y resentida como una esclava doméstica, básicamente casi todas las madres que conozco dependen en gran medida del alcohol, la marihuana o el divorcio por separación para obtener algo de espacio y cordura para ellas mismas lejos de sus responsabilidades maternas.",3,enojo
"me disculpo, realmente no debería estar pensando eso, pero solo me hace sentir que la persona no está tomando en consideración el hecho de que necesitamos ver otros videos, se llama apoyar a nuestros suscriptores, me hace una mala persona pensando y sintiendo esto.",2,amor
estoy aterrorizado y no me siento terriblemente ansioso en este momento,1,alegria
escribí mi último post me sentía muy arrepentido por el final de nuestra relación,0,tristeza
me siento avergonzado de que tan fácilmente lo voltee a un lado,0,tristeza
"me siento mezquino a pesar de que los pensamientos no son verdaderos pensamientos encarnados, solo estos revoloteando, debería sentirme como este tipo de pensamientos.",3,enojo
"ahora me di cuenta de que viví toda mi vida amando a algunos que ahora odio más porque han cambiado, todos se volvieron muy duros después de que me acostumbré a sentir su toque tierno en mi vida.",2,amor
primera lección de anatomía,3,enojo
"odio ver a la gente odiarse unos a otros y como todo el mundo, no puedo soportar sentirme odiado en",0,tristeza
no estoy seguro de lo que me haría sentir contento si algo,1,alegria
"no soy una de esas personas que pueden enterrar todos sus sentimientos y la ira sólo en un segundo dando una dulce sonrisa, incluso cuando en el dolor y la ira",2,amor
me siento impaciente con los discípulos de la iglesia cristiana de cristo y sus muchas manifestaciones sobre el hecho de que todavía no he recibido ni el más mínimo atisbo de una llamada.,3,enojo
"debería estar corriendo por ahí empacando mi kit listo para volar a gambia el martes, pero en su lugar estoy sentado aquí sintiéndome bastante melancólico después de una emocional supping un pequeño pozo bastante pequeño",0,tristeza
"me siento como yo, pero al menos no me siento presionado para escribir cuando no quiero.",4,miedo
tengo que encontrarme sentada frente a la consultora sintiéndome furiosa y cada vez más molesta por su rechazo condescendiente a permitirme tomar una decisión sobre el tipo de nacimiento que quería.,3,enojo
me siento muy disgustado por que ya no puedo tolerar sus acciones escribiendo este post.,3,enojo
"hago mi mejor esfuerzo, pero se siente incómodo",4,miedo
nunca llegar a sentir lo que estos necesitados sienten si me mantengo alejado de ellos,0,tristeza
"estaba en seúl, podía ayudar, pero me sentía celoso",3,enojo
no puedo ayudar a sentirme también un poco inquieto,4,miedo
hablo mucho de sentirse aislado,0,tristeza
espero que no sea el título de la página khatsii feeling fear,4,miedo
me siento totalmente rechazado,0,tristeza
odio tener que aclarar mi voz odio tartamudear odio sentirme de la manera que lo hago ahora humillado y asustado hasta los huesos ¿qué quieres de mí?,0,tristeza
estaba abajo y sintiéndome dudoso,4,miedo
me siento muy feliz,1,alegria
"casi me siento como me perdí este mes, pero al pensar en lo que realmente lo hice seguro no era desperdiciado mi hermana se casó",0,tristeza
me siento como un niño confundido que no tiene control,4,miedo
no tengo mejor palabra para describir la forma en que me siento que con el corazón roto,0,tristeza
sentí tal resonancia con sus palabras que me siento tan avergonzado de que mis sentimientos parecen haber conseguido lo mejor de mí.,0,tristeza
"me gusta mucho, pero siento que de alguna manera este será un término que se hará más popular en el futuro.",1,alegria
realmente me encantó el día que me hizo sentir tanta gratitud que estábamos teniendo un día tan maravilloso que me hizo sentir muy feliz.,1,alegria
no puedo dormir y volver a leer mensajes felices y voy más allá del uno sobre el día de picnic y me pongo tan feliz im como james me haces tan feliz te amo y luego repetir tan pronto como me siento celoso,3,enojo
"sospecho que también estaba lidiando con la abstinencia de cafeína, pero creo que ahora he descubierto un sistema de alimentación que funciona bien para mí y me siento fabuloso.",1,alegria
me gusta hacer cosas que hacen que los demás se sientan sorprendidos y encantados.,5,sorpresa
ive pasó un tiempo con todavía no puedo hacer una buena conversación con y me siento incómodo alrededor,0,tristeza
"tenía miedo de limpiar las orejas de nicos, pero después de que su médico me mostró cómo entonces no sentía que podía lastimarlo",0,tristeza
enfermo se siente incómodo aunque siempre escuché a la gente o amigos alrededor llamando a su ser querido miel nena mi ángel querido melocotones pepinillo gt,4,miedo
me encantó que todavía era lo suficientemente pequeño como para pedirme ayuda para sentirme seguro.,1,alegria
me voy a dormir tan pronto como mi cabeza golpea la almohada duermo profundamente toda la noche y me despierto sintiéndome mucho menos letárgica que de costumbre.,0,tristeza
estoy sintiendo bastante festivo aquí en el sur de la florida,1,alegria
siento tu presencia amorosa en todas partes,2,amor
me siento tan feliz de tener una mamá cool,1,alegria
no puedo sentirme más sincera,1,alegria
"siento que cualquier artista que presente un trabajo, incluso aquellos con los que no estoy de acuerdo, deben ser respetados, incluso si es solo por el bien de superar los grilletes de las normas de nuestra sociedad.",1,alegria
finalmente puedo dejar de sentirme apático y como un desperdicio de espacio,0,tristeza
voy a dormir ahora mientras todavía me siento triunfante,1,alegria
"me siento muy generoso, compré un regalo para una",1,alegria
"acababa de comer una hamburguesa de ferrocarril particularmente terrible y así me sentía irritado antes de leer sus comentarios, de ahí mi sugerencia de que él era solo un llamado secretario de medio ambiente.",3,enojo
me veo de esta manera es que cuando estaba creciendo había personas que constantemente me hicieron sentir como si no fuera lo suficientemente bueno,1,alegria
me gustó saber que no soy el único sintiendo la forma en que hago sobre las opciones de trabajo lo que más me gustó fue que pude encontrar alguna carrera profesional y encontré algunos intereses.,2,amor
me sentía muy nostálgico y era un buen recordatorio de lo bendecido que realmente soy.,0,tristeza
me siento tan cool cool cool cool chica me siento tan cool cool cool cool chica,1,alegria
me sentí reacio a seguir adelante y dibujé focalors sigilo con una vara de incienso de opio negro en una pared agarrando la parte de madera y tirando ligeramente de la parte de incienso hacia atrás y permitiendo que golpeara la pared dejando una línea de polvo negro y meditado,4,miedo
"no sé qué chica loca creo que su nombre era katja hace para ganarse la vida, siento que debería hacer lo que hago en la vida real y ser una especie de empleado desilusionado descorazonado",0,tristeza
siento fuertemente que aquellos que señalan con el dedo y desean controlar las vidas de otras personas no se sienten muy pacíficos y contentos con sus propias vidas.,1,alegria
pasé los últimos días sintiéndome irritada conmigo misma porque no estaba escribiendo.,3,enojo
"siento ardor entumecido con un corazón débil, así que supongo que debo estar divirtiéndome cuanto menos digamos al respecto, mejor lo arreglamos a medida que avanzamos con los pies en el suelo, la cabeza en el cielo, está bien, no sé nada mal.",0,tristeza
me siento tímido por el hecho de que me encantan estas cosas inanimadas,4,miedo
he estado con petronas durante años siento que petronas ha funcionado bien y ha hecho un gran beneficio,1,alegria
creo que es importante dar mi opinión sobre los acontecimientos que tuvieron lugar en el sínodo general esta semana pasada.,1,alegria
"uso pañales de vez en cuando, pero solo cuando me siento casual",1,alegria
iba a ser amada me hizo sentir una mujer como yo podría ser valioso que tuve la oportunidad de que había más por ahí y me dijo que podía superar él era una curita perezosa donde no tenía que mejorar mi carácter solo podía esperar,1,alegria
siempre me siento incómodo,0,tristeza
puedo sentirme a mí mismo como un ser intrépido y continuo,1,alegria
me encanta la sensación de llevarlo en mis brazos y mirar su dulce cara dormida.,1,alegria
empiezo a sentirme aún más agitado cuando me doy cuenta de que keith se ha desviado para una parada turística en otro pequeño pueblo de montaña en el camino a xela,3,enojo
ya me siento quebrado,0,tristeza
"aprecio mucho a todos mis lectores y seguidores, pero por favor siéntase libre de omitir esta publicación de fiesta de lástima",1,alegria
siento que quiero publicar todo lo que narré como si fuera un artista popular o lo que sea.,1,alegria
siento que estaré condenado a pantalones largos y zapatos feos por el resto de mi vida y aún no lo estoy.,0,tristeza
"no tenía obligaciones, excepto la tesis que no hice, ya comencé a perderme algo que haría que el tiempo libre se sintiera más valioso.",1,alegria
siento que cualquier respuesta del estudiante puede inclinar el delicado equilibrio de mi psique.,2,amor
"no quiero decirle a la gente cómo fue mi primera vez contigo y cómo me hiciste sentir, no quiero pensar que eres el tipo más hermoso que he visto y me encanta cómo otras personas no están de acuerdo porque no quiero que vean lo verdaderamente maravilloso que eres para mí.",1,alegria
siento que honestamente no sé qué partes del dt que admiré son el resultado de mi propio ingenio ccs,2,amor
"me siento sorprendido cuando vi el resultado final, incluso sin peces en el interior",5,sorpresa
me siento frenético porque ive no tenía sueño,4,miedo
he utilizado junto con loreal max factor y colección así que cada vez que veo cualquiera de estos nombres me siento al instante esa sensación nostálgica dulce como si im descubrimiento compensar por primera vez de nuevo,2,amor
necesito nueve horas pero es verdad y si consigo menos incluso siete horas que se supone que es la norma y que algunas personas consideran mucho me siento gruñón infeliz y seriamente desmotivado,3,enojo
me siento realmente codicioso diciendo que,3,enojo
siento que es mi deber athf y su base de fans devotos para mostrar mi apoyo,2,amor
yo digo que me siento como yo odiado,3,enojo
creo que mi remix de sentimientos es el resultado de lo neurótico que puedo ser.,4,miedo
he dejado de sentirme sorprendido,5,sorpresa
he estado corriendo a través de ciclos de felicidad a un sentimiento de ser suave a un sentimiento de estar realmente deprimido a ser suave de nuevo y luego volver al principio.,1,alegria
me gusta la sensación de hacer alguna diferencia esta vez yo era muy reacio a cambiar al principio pero acostumbrarme a ella después de un tiempo,4,miedo
"siento que muchas personas necesitan preocuparse por sus propias familias, sus propios hijos y su propio yo, porque el tiempo es precioso.",1,alegria
me siento de esta manera sobre todas las relaciones románticas platónicas y amigos zonificados que se disuelven,2,amor
"me encanta inspirar a los estudiantes a ser creativos y, sobre todo, me encanta el momento en que crean algo que los hace sentir exitosos.",1,alegria
"no lo sé, pero me parece importante para ellos que no me siento bienvenido.",0,tristeza
me siento como si todo esto fuera bastante aburrido,0,tristeza
"pensé que nos habíamos escapado de los interminables combates de cuerpos en batas sintiendo las solapas de los demás, ahora tenemos el espectáculo encantador, ya que tipo de un chico en un combo azul profundo ajustado tratando de tomar a otro chico de rojo por detrás.",1,alegria
estoy sintiendo un poco de melancolía esta noche como la pintura en esta puerta,0,tristeza
me siento más decidido que nunca y alcanzaré mi peso objetivo,1,alegria
"sin embargo, siempre tuve la sensación de que si tuviéramos más seguro que dios me daría un descanso y me bendeciría con un bebé pacífico.",1,alegria
la siento en la suave brisa,2,amor
pensé que sería divertido y terapéutico y que me sentiría útil y útil manteniendo su blog,1,alegria
me siento un poco deprimida por esa sola razón.,0,tristeza
empecé a sentir agitado un poco mareado amp muy hambriento,4,miedo
me siento tan afortunado de vivir en tierra portland de comida deliciosa,1,alegria
me siento como un dueño de mascotas negligente,0,tristeza
me siento como un montón de piel inútil,0,tristeza
conozco ese sentimiento con seguridad,1,alegria
siento que es vital para el movimiento conservador o cualquier persona a la derecha de obama para que no sea difícil de observar cuidadosamente.,1,alegria
personalmente siento que es un actor masivamente talentoso es chris evans capitán américa.,1,alegria
me siento torturado cuando los escucho hablar o cantar o reír o llorar,4,miedo
"me complace que solo los maestros calificados puedan trabajar aquí, hace que el gasto de esfuerzo para ganar el mío valga la pena.",1,alegria
"sabía que quería incluir de alguna manera la idea de la curación natural y la vida holística, pero el sitio también se trata de sentirse radiante, vibrante y entusiasta sobre la vida a cualquier edad.",1,alegria
siento que mi sangre golpea mi espalda y en mis oídos y vomito me duele y punto en blanco y el período me duele,0,tristeza
me acordé abruptamente de por qué me sentía tan agitado en la,4,miedo
siento que quiero esconderme y distraerme al mismo tiempo,3,enojo
"me siento un poco travieso también por hacerlo todo público, pero luego recordé cuando me hicieron sentir como una mierda y me despojaron de mi confianza.",2,amor
"sé que no puedo descansar de mis laureles y es una forma de vida ahora, de lo contrario mi bg se disparará de nuevo, pero mi dios se siente súper bien saber que he hecho una diferencia masiva en solo meses",1,alegria
me siento como la vieja amargada que ha tenido una vida tan larga y ya no puede lidiar con ella.,3,enojo
solo me siento tan auto-contenido,1,alegria
"quiero seguir sintiéndome fuerte, pero no puedo descuidar ese sentimiento dentro de mí, un sentimiento de traición de alguna manera.",1,alegria
le pregunto si se siente aventurero y quiere ver esa ya que ya reservó sus noches de viernes y sábado y ya sé que tiene cosas de la iglesia los domingos,1,alegria
trato de tener siempre esperanza y eso me ayuda a sentirme bien,1,alegria
"supongo que solo mi esposa puede saberlo con seguridad, pero me siento al menos un poco menos egoísta desde que estoy casada.",3,enojo
me siento derrotado conflictivo pobre solitario rechazado,0,tristeza
todavía estaba sintiendo los efectos del sexo maratón julie parecía increíble,1,alegria
"de hecho, me siento como si fuera el completamente sumiso.",0,tristeza
"he estado teniendo crisis de nuevo he estado sintiéndome deprimido y durante los tres cuatro días me estaba apegando a mi viejo patrón de sueño me estaba sintiendo bastante bien, no el mejor, pero mejor de lo normal",0,tristeza
siento que hed pensar que era bastante genial porque ciertamente lo hago,1,alegria
he sido etiquetado como el acusador y por esta razón siento que es mi responsabilidad llamar su atención sobre esta información de la que ha creído que es fiel.,1,alegria
me siento tan bendecida de estar en yugo con un hombre tan dispuesto a trabajar tan duro para proveer para nosotros.,2,amor
me siento como un lienzo en blanco no tengo ni idea de lo que estoy haciendo en este momento,0,tristeza
puedo sentir que algo desafortunado está sucediendo aquí y en nueva york.,0,tristeza
"me sentiría afortunado de llamar a cualquiera de los materiales y kits en su sitio web, están bellamente curados.",1,alegria
"cuando mi amigo cercano estuvo involucrado en un accidente y falleció instantáneamente, él había ido a comprar un auto nuevo y me había pedido que esperara en su casa para que pudiera ver su auto nuevo",0,tristeza
no sabía que me sentiría tan completamente agotada,0,tristeza
siento que cuando me voy al final del día es increíble,1,alegria
me siento contento de estar presente dando toda mi atención a esta obra maestra del clima,1,alegria
yo y yo nos sentimos especialmente agradecidos por tantas pequeñas bendiciones en nuestra vida en este momento.,1,alegria
"fui bendecida, pero de alguna manera me siento como si estuviera siendo torturada por la divinidad.",4,miedo
i m tryin mi nivel mejor ser un amigo gud pero no puedo ayudar si u no understad lo que siento abt u dats ur probleman yo creo carin para suma es un crimen img src rte emoticonos sonrisa sarcástica,3,enojo
a menudo siento que estoy siendo sumisa al no ser abierta y honesta sobre mis deseos y necesidades de forma regular.,0,tristeza
yo tampoco quiero llorar porque sé que ella pensará que me siento torturada al tener que comer la parte negra del arroz.,3,enojo
estoy disponible lo que voy a hacer con mi día que necesito para sentir útil tal vez todavía puedo contribuir a mi tiempo parcial no quiero decepcionar a nadie,1,alegria
"me siento temeroso de ser vulnerable dentro de una relación, veré en los demás que no son confiables y, a su vez, no confiaré en ellos.",4,miedo
probablemente no estaría cargado de toda esta culpa y sentir que debería estar haciendo estas cosas en lugar de mear sobre hacer cosas muy poco importantes,0,tristeza
creo que todo el mundo debería hacer una meta que les apasione.,1,alegria
me siento como si hubiera sido golpeado por un futbolista americano y luego atropellado por un autobús de londres.,0,tristeza
siento que he contribuido de una manera positiva a siete,1,alegria
me siento como una b tch sin corazón por odiarlo tanto,3,enojo
me gusta leer esto cuando me siento inadecuado sé que los errores suceden y a veces son el error perfecto,0,tristeza
me siento cuando me enfado contigo,3,enojo
me siento tan bendecido y honrado de que lleguemos a ser sus padres.,1,alegria
me siento muy emocionado de compartir con mis fans porque muchas de mis canciones son inspiradoras.,1,alegria
me siento mezcla original divina,1,alegria
im miedo im en un ambiente que me hace sentir más relajado causa,1,alegria
empecé a volver a la pista de la salud sabia y ya me siento aliviado,1,alegria
escondo lo que realmente siento pensando por miedo a que conduzca a algo mucho más peligroso.,3,enojo
siento que te gusta más la autopromoción que realmente preocuparte por el bien mayor.,2,amor
"ive lo usó una vez por su cuenta con un pequeño corrector y para los días me siento valiente, pero no quiero estar pálido, entonces es perfecto",1,alegria
recuerdo haberme sentido muy angustiada durante unos días.,4,miedo
menciono que me siento ignorado y triste en mis cumpleaños de mierda que me recuerda que él lanzó una fiesta de cumpleaños para mí,0,tristeza
"me frustro mucho cada vez que hablo con ellos, también me siento compasivo con ellos porque creen tan apasionadamente en cosas que simplemente están mal y francamente no tienen sentido.",2,amor
"no sé por qué, pero cada vez que siento que le estoy haciendo un favor a alguien todo el tiempo, empiezo a sentirme agobiado y estresado por eso.",0,tristeza
siento que los viernes casuales son esenciales para las empresas que pueden lograr trabajar en su mantra.,1,alegria
me siento horrible por hacer que todos los demás tan preocupados,0,tristeza
yo hacer cómo vacío decepcionado enojado triste caótico destructivo me siento hoy solo enojada conmigo misma ¿por qué yo siempre joder mierda,3,enojo
me alejé sintiéndome inspirada y entusiasmada con las cosas realistas que podía hacer para aumentar las posibilidades de que me encontraran en mi blog.,1,alegria
me dolió este comentario porque me hizo sentir poco importante y como él quiere salir con muchas mujeres,0,tristeza
me siento demasiado distraído así que atigrado y empecé de nuevo a trabajar en los caminos y las rutas que tenemos aquí a través de los bosques hasta el gran arroyo y alrededor de la antigua segunda pradera,3,enojo
puedo decir que una vez más después de la prueba de conducción nos fuimos sintiéndonos impresionados por el cx y con la ayuda de steve y adams,5,sorpresa
siento que el tiempo desagradable es largo,0,tristeza
me siento paranoico como si acabamos de entrar en un club privado donde todos se conocen y estamos sobresaliendo como nudistas en una convención de trajes.,4,miedo
me quedé dormido y la resaca pateó en medio de la mañana todavía me siento extremadamente delicado,2,amor
había estado sintiendo miedo de ser un ra porque hay un montón de trabajo que entra en ese trabajo,4,miedo
me encanta el olor que me hace sentir vigorizada y fresca y feliz,1,alegria
tengo treinta años el próximo año y me siento positivo acerca de mi vida y las decisiones que estoy tomando y las cosas que estoy poniendo por ahí en el mundo.,1,alegria
"me estaba sintiendo muy emocional como siempre lo hago viendo a mi pequeño niño blanco que está llegando a ser de tamaño mediano poniendo su corazón y alma en su rendimiento haka, en particular, abrumado por el efecto de todos estos niños que actúan juntos en una forma única de nueva zelanda.",0,tristeza
me subo a la bicicleta la temperatura es buena sin viento ya no hasta dar la vuelta y el primero se siente fabuloso mph promedio estoy pensando oh sí va para hoy y puede ser fácil,1,alegria
voy con su flujo siempre me siento mierda así que hago lo que me queda mejor,0,tristeza
me siento tan llorosa como en cualquier momento que podría estallar en lágrimas,0,tristeza
muestro mi temperamento a mis padres me siento muy arrepentido por lastimarlos,0,tristeza
siento que estoy logrando algo y cuando me siento apasionado por la vida,1,alegria
me di cuenta de que la ropa está hecha en todos los tamaños y no tengo que parecer una modelo para sentirme más aceptable para mí mismo.,1,alegria
no me gusta cuando las cosas se sienten como si estuvieran siendo apresuradas,3,enojo
me siento como si no me importara,2,amor
entonces me escapé dejándome allí para sentirme tan desesperada,0,tristeza
siento que mi magnífico novio me lanza contra la pared del cubículo del baño,1,alegria
me siento defectuoso o algo así,0,tristeza
me siento miserable y aún más sola,0,tristeza
"estoy en la cocina y eche un vistazo a esa hermosa encuadernación azul de huevo de petirrojo, me siento seguro de que cualquier cosa que necesite saber sobre la comida se puede encontrar dentro de esas páginas.",1,alegria
estoy cansado de sentirme como un bien dañado por ser una víctima,0,tristeza
a veces me siento muy vulnerable,4,miedo
estoy sintiendo un poco de nostalgia,0,tristeza
siento que todos uno de los muchos destacados de feist s se atreven a decir álbum obra maestra el recordatorio rompió la barrera habitual entre el público y el artista intérprete o ejecutante,0,tristeza
me siento más irritado que pacífico,3,enojo
siento que es una valiosa adición al repertorio de cualquier profesor.,1,alegria
supongo que también me sentí extraño y diferente y me gustaba sentirme aceptado incluso en un nivel superficial durante una o dos horas.,2,amor
siento que los artistas deben apoyarse mutuamente sin esforzarse por encontrar formas para que otros no puedan expresarse en su amor por el arte también.,2,amor
creo que esta puede ser la razón por la que me gustaría volar de vuelta a uae porque allí puedo ser ajeno a estos conflictos que me plagan conflictos que me siento impotente resolver,0,tristeza
"odio quejarme todo el tiempo, pero es tan aterrador sentirse tan solo",0,tristeza
me siento tímida seis,4,miedo
se siente completamente perdido sin él,0,tristeza
i kali ni feeling aku dah bertukar jadi aburrido benci,0,tristeza
"me siento ingrato por ser infeliz, pero no puedo seguir adelante correctamente",0,tristeza
creo que no deberíamos apoyar a estos rebeldes de una manera violenta en absoluto y en particular no darles armas o financiación.,2,amor
"sé que eso no es cierto, pero así es como me siento me da miedo",4,miedo
"me siento incómodo a su alrededor en lugar de amado, puedo sentir que no quieren estar cerca de mí, así que los dejé ir, ya no pido abrazos o comodidad.",0,tristeza
soy amigable y tan fácil de hablar si solo estás abierto a conocerme como amigo y no desde un enfoque de arriba hacia abajo porque me siento intimidado y cuando solo sé que no quiero ofender a alguien me callo,4,miedo
"quiero decirle a todos exactamente cómo me siento, pero tan pronto como empiezo a sentirme diez veces más patético y dejar de hablar.",0,tristeza
"siempre me siento presionado a actuar normal con mi comida alrededor de la familia en navidad, así que sí, necesito perder peso para sentirme cómodo comiendo postre y cosas así.",4,miedo
"me siento arrepentida avergonzada y avergonzada de cualquier cosa que haya hecho nunca, no puedo pensar en nada de lo que esté orgullosa.",0,tristeza
tengo que charlar con rustie dean de mi ciudad natal mandíbula alce y todo el mundo me hizo sentir tan bienvenido y cómodo,1,alegria
"nunca pensé que sentiría tanto como una pizca de simpatía por hussein, a quien siempre vi como un matón mezquino saltado, cualesquiera que sean mis pensamientos sobre las acciones contra su administración.",3,enojo
digo nosotros porque hace toda la diferencia como padre cuando tienes un maestro abierto y fácil de hablar con quien realmente sientes que es el ajuste perfecto para tu hijo.,1,alegria
siento que no tener un espíritu generoso o una naturaleza perdonadora me impide aceptar regalos del universo.,1,alegria
me siento muy perturbado ahora gracias a esta historia inútil y falsa del psicópata.,0,tristeza
he estado sintiendo tan molesto últimamente,3,enojo
me siento indefenso perdido molesto y lo peor de todo,0,tristeza
yo y me sentía nostálgico acerca de ese momento en sus vidas,2,amor
espero que a estas alturas ya te sientas muy aficionada a mí.,2,amor
me siento incómodo hablando con un nativo ahora,0,tristeza
no siento compulsión por aporrear a los espectadores con lo fabuloso que quiero que piensen que soy debido a las etiquetas de diseñador que pude adquirir.,1,alegria
me quedé un poco en blanco en una lección y ella saltó sin problemas para apoyarme sin hacerme sentir estúpido o inferirlo a los niños.,0,tristeza
"sé que soy bastante egoísta, pero a veces siento que no quiero tirar todo solo por algo que es incierto.",4,miedo
me gusta leerlo y sentir simpatía por las personas y mi mente crea todos los antecedentes descriptivos y escenas que el autor describe al respecto.,2,amor
"el granizo y la hojuela son probablemente los tres que más me gustan, por lo que esta historia se siente especialmente vulnerable.",4,miedo
siento cosas graciosas pasando en mi cara y en todo mi cuerpo.,5,sorpresa
estoy arruinando su sensación y fue perturbado un href http membres,0,tristeza
hoy me siento más positivo,1,alegria
puedo decir que me siento contento,1,alegria
me siento bastante triunfante que decidí no estar de acuerdo con la noción de david de que el pico real estaba más adelante y decidí darle una oportunidad al sendero lateral.,1,alegria
"sentí que los niños estaban en desventaja perdiendo todos los entretenimientos emocionantes en casa para los niños, pero ahora siento que han tenido una preciosa oportunidad de acercarse y familiarizarse con la naturaleza.",1,alegria
a veces me siento complaciente con mi vida tal como es,1,alegria
"estoy fuera del juego todavía, pero con dos semanas por delante y después de haber estado despierto solo por una semana, llegué a decir que me siento desanimado.",0,tristeza
siento que me pongo lo que me pongo para mostrar a otras chicas en mi escuela que son tímidas cuando se trata de la moda que no se verá raro si caminas con la cabeza en alto,4,miedo
tengo la sensación de que sólo seguirá dulce luke por todas partes que va cuando lo hace,2,amor
solo escuché noticias que me hicieron sentir realmente encantado,1,alegria
me sentía bastante cómodo y podía pensar en un plan ahora.,1,alegria
estoy meses en la medicación y me siento fantástico,1,alegria
tuve esta extraña realización esta semana ya que luché sintiéndome completamente sombrío,0,tristeza
me siento un poco más agitado,3,enojo
"estoy continuamente sintiéndome desencadenado, no estoy seguro de si las personas son insensibles o si soy egoísta, lo más probable es que este último",1,alegria
sabía que era el espíritu santo en el trabajo y se siente divino en el camino goooood como un masaje que me tranquiliza,1,alegria
me arruiné mis cejas cuando me di cuenta de esta reacción y reflexioné sobre lo que podría hacerme sentir tan aficionada a un extraño.,2,amor
uso un léxico elevado para sentirme más inteligente,1,alegria
me acabo de mudar aquí y ya me siento bienvenido,1,alegria
realmente espero que ustedes puedan entender que algunas de las cosas que hago es realmente porque me siento rechazado o no justo en el lugar.,0,tristeza
me siento irritado inútil y sin esperanza,3,enojo
siento como si el trabajo que no tiene una especie de profundidad no es casi tan exitoso como el trabajo que se crea con un significado y deja al espectador con ganas de saber más sobre el tema que presentó el artista.,1,alegria
siento un fuerte vínculo con eso en lo que estoy haciendo ahora,1,alegria
me siento inseguro e incómodo en mi propia piel,4,miedo
no soy un pensador profundo y a veces me voy sintiéndome deprimido y no inspirado.,0,tristeza
im sentimiento feo,0,tristeza
"soy un vendedor y no podría molestarme en investigar más a fondo, lo que me hace sentir que los consumidores probablemente tampoco pueden molestarse.",3,enojo
hago una pieza que siento que no tiene éxito y la desmantelo y la recreo hasta que siento que funciona,0,tristeza
he caído en algún tipo de agujero y me siento hastiado y corriendo hacia abajo,0,tristeza
im sentir todos los perros cachorro y arco iris cuando estoy agotado sí lo creas o no mi hora de trabajo semana puede ser agotador también tienen trabajo acumulándose y no han sido capaces de hacer la colada o tienda de comestibles en una semana causa tengo otras cosas que hacer,0,tristeza
tengo una tarea que odio hacer me puse el temporizador de la cocina durante quince minutos me hace sentir como que no voy a ser torturado por mucho tiempo,3,enojo
me siento un poco optimista,1,alegria
no puedo ayudar pero me siento preocupado por esto,0,tristeza
soy todavía contagiosa y mientras estoy deseando desesperadamente abrazarlo me siento podrido si dejo que mis deseos físicos egoístas lo enfermen,0,tristeza
"paso hacia atrás en el juego día tras día, incluso cuando las probabilidades de éxito parecen fuera de favor me encanta y cuando me siento nada más que feo por dentro ella está allí para recordarme quién soy realmente y nada podría ser más bonito que eso",0,tristeza
siento que es una forma patética de obtener simpatía,0,tristeza
"recibí esta increíble noticia de tracy hoy en las portadas finales, no es de extrañar que nos sintiéramos tan apresurados y parecía que no teníamos suficiente tiempo.",3,enojo
estoy seguro de que es mayor para aquellos que no están deslumbrados por el resplandor divino y la camaradería humana parece crecer más íntimo y más tierno de la sensación de que todos somos exiliados en una orilla inhóspita.,1,alegria
me siento realmente apático en este momento,0,tristeza
me siento perra supongo,3,enojo
tengo la sensación de que tu corazón estará feliz de que lo hiciste,1,alegria
me siento incómodo cuando necesito sentarme a través de una mala presentación.,4,miedo
"pensé que estaba listo para el compromiso de una relación con alguien, pero cuando sucede me siento entumecido.",0,tristeza
podía oler el cloro sentir mis músculos doloridos ver a mi corpulento entrenador bigote y compañeros de equipo prepúberes y escuchar los silbidos y gritos de los padres en las gradas,0,tristeza
estoy temporalmente herido sintiéndome como un idiota y ya me he perdido el yoga debido a la caída,0,tristeza
simplemente siento que a nadie le importa y nadie puede molestarse en hacer el esfuerzo y reunirse.,3,enojo
estoy sintiendo la esperanza de que la última pieza en el rompecabezas de iluminación pueda estar finalmente completa.,1,alegria
me siento caliente ya después de abordar el seto delantero,2,amor
me encanta esa refrescante sensación energizante cuando ha sido una semana de clima sombrío y luego un cielo azul realmente genial sin nubes a la vista tipo de día,0,tristeza
"también me gusta tratar de responder a las preguntas difíciles que la gente tiene, así que siéntase libre de publicar algunas",1,alegria
siento que he tenido años de que me digan que soy inteligente,1,alegria
he mantenido desde el principio que siento que los mccann son inocentes de cualquier cosa que tenga que ver con la desaparición de su propia hija.,1,alegria
me siento bastante nostálgico por los días pasados que nunca volverán.,2,amor
"lo siento, tengo un resfriado muy malo y siento perra porque nunca pude salir a beber estúpido con mis mejores amigos esta noche.",3,enojo
volví a eso porque me sentía tan intensamente mal,0,tristeza
"sé que debería sentirme consternado o al menos avergonzado de que uno de mis amigos básicamente crea que tengo un trastorno alimentario, pero en realidad mi respuesta emocional a su declaración fue una de genuina sorpresa y placer que alguien había notado y recordado algo sobre mí.",0,tristeza
me siento abrumadoramente arrepentido y culpable cuando veo demasiadas noticias o demasiadas películas tristes o dramas de televisión.,0,tristeza
estoy constantemente sintiéndome solo,0,tristeza
"no siento que este mes haya sido un fracaso, sino más bien un abridor de ojos para ayudarme a ser más productivo, organizado y libre.",1,alegria
me siento muy romántico ahora todo lo que me queda por probar es almendras de la misma gama,2,amor
siento que estamos siendo muy bendecidos,2,amor
me siento muy feliz y emocionada desde que aprendí tantas cosas,1,alegria
rezo para que cada uno de ustedes que está sufriendo o sintiendo miedo esta noche encuentre la paz y pronto,4,miedo
lo traje a dios y como estoy muriendo o sintiéndome bajo durante los push ups o patadas de poder asesino solo digo señor ayúdame puedo hacer esto y estoy,0,tristeza
"he estado dedicándome a ti de lunes a lunes y de viernes a viernes sin obtener suficiente retribución o incentivos decentes para mantenerme en ello. estoy empezando a sentir un poco maltratado como una máquina de café en una oficina, así que voy a ir a un lugar acogedor para conseguirme un amante y contarte todo sobre ello.",0,tristeza
siento que la gente me ha avergonzado por ser tan,0,tristeza
la diabetes y la depresión clínica y poner el registro en mi abstinencia de alcohol durante más de ocho años me siento más tranquilo y escuchado por los especialistas,1,alegria
me siento tan increíble y soy así por un href http yourweightlossmethods,1,alegria
ciertamente he estado en lugares donde no me sentí bienvenido e hice un punto para ir a un lugar donde encontré esa sensación de bienvenida.,1,alegria
me siento desordenado y ahí fuera,0,tristeza
me siento como si fuera útil,1,alegria
todavía me siento inseguro con muchos caminos nuevos que debo recorrer y tan perdido como me siento a veces estoy seguro de que el padre celestial me está levantando y me está ayudando a sentir alegría en las cosas que más importan.,4,miedo
combino el neumático pinchado la herida en la cabeza y un pájaro sin cabeza me siento un poco paranoico,4,miedo
me siento no vale la pena,1,alegria
"había estado muy orgulloso de mí mismo, pero después de cómo mi marido me había hablado y había hablado de otras chicas, realmente me sentía asqueado de mí mismo.",3,enojo
dejé de buscar una solución a mi problema y dejé de sentir que tengo que estar insatisfecho,3,enojo
me siento casi avergonzado por mi propia contribución porque es ridículamente poco sofisticado y es prácticamente inmune a la alteración por cualquiera de las cosas que están sucediendo aquí.,0,tristeza
entro en un restaurante bien cualquier lugar público me siento como todos los ojos están en mí y me siento muy paranoico,4,miedo
quiero que sientas mi asombro y asombro ante esta cosa increíble que está sucediendo.,1,alegria
empiezo a sentirme sumisa simplemente admitiendo que,0,tristeza
daría todo por saber que compartes mi dolor sentir el dolor causado por nuestra despedida,0,tristeza
tampoco me sentí muy raro durmiendo en mi cama mientras los dos dormían en la de ella.,4,miedo
"me tomé un día libre, lo cual es tan inusual para mí que casi me siento travieso",2,amor
"también siento un hermoso clavo del día que viene con un brebaje de estos tres cuando ive empapó mi cuerpo pálido en unas browness falsas, así que ten cuidado con eso muy pronto.",1,alegria
flotaba a través del día con mi cabeza justo debajo de la superficie sintiéndome un poco melancólicamente deprimida y no podía llevarlo por encima del agua.,0,tristeza
realmente siento que estoy furioso,3,enojo
todavía los publico porque me siento negligente si no hago nada en un sitio al menos de vez en cuando y b,0,tristeza
sigo encontrando a todas estas personas que me hacen sentir tan mal por la vida,0,tristeza
lo siento por lo mal que lastimé tus sentimientos que te hacen sentir no amado y solo sintiendo miedo de amar y confiar de nuevo,0,tristeza
voy a ser después del nacimiento de este bebé se siente tembloroso,4,miedo
supongo que he estado sintiéndome agitado últimamente,3,enojo
me siento como ive nunca capturado perfectamente esta belleza esta chica perfecta,1,alegria
me siento tranquilo sobre la seguridad del suministro de alimentos de canadá porque hay agencias gubernamentales de inspección de alimentos que rigen la seguridad de los alimentos.,1,alegria
no me gusta la forma en que me siento cuando estoy enojado,3,enojo
comencé a sentirme incómodo sin aliento y muy levemente presa del pánico.,4,miedo
me siento superior porque realmente sé quién es su presidente.,1,alegria
realmente me gusta mucho y creo que es un gran ajuste para mí y me encanta hablar con los pacientes y tratar de ayudarles a sentirse menos nervioso o al menos que alguien se preocupa por ellos durante unos minutos,4,miedo
veo a una mujer liberal ser desafiada por algo que dice que hay comentarios sobre no sentirse segura y la llamada intimidación que están sintiendo.,1,alegria
"uso una pequeña cantidad de tamaño p o p si me siento generoso y masajeo la leche en mi piel en pequeñas secciones y si siento que un área necesita más, puedo aplicar más",2,amor
ive tenía dos tiros de lupron y me siento bien,1,alegria
no me sentiría tan ofendido como ahora porque la señal sería precisa,3,enojo
ahora estoy de acuerdo contigo solo nos dejaré ser el pasado estoy feliz de que alguna vez fuiste parte de mi vida me siento honrado,1,alegria
me siento realmente cabreado en realidad y estresado,3,enojo
he estado transpirando como loca incluso en la escuela que me hace sentir tan sucia y fangosa,0,tristeza
me sentía molesto de repente,3,enojo
"siento que chris no está muy impresionado con mis cosas, así que naturalmente me odio a mí mismo y quiero en el próximo avión de regreso a seattle tan pronto como sea posible antes de la presentación.",5,sorpresa
"me siento bien ahora, pero fue bastante duro correr durante horas y minutos seguidos",1,alegria
me siento podrido y me olvido de mí mismo,0,tristeza
siento tal anhelo de estar cerca de él cuando no lo hacemos.,2,amor
me siento derrotado o dudoso,0,tristeza
me siento gruñón e irritado,3,enojo
no se suponía que debía estar con n para dejar que sucediera para poder sentir el dolor y seguir adelante y estar con quien se suponía que debía estar.,0,tristeza
veo esas formas que no he hecho todavía me siento muy agitado,3,enojo
me siento celoso de todos los que tienen la oportunidad de conocerte todos los días.,3,enojo
"siento que entiendo mi naturaleza divina como hija de dios, pero claramente no lo entiendo.",1,alegria
me siento como una parte tan vital de la rama como misionero y es muy diferente en un barrio grande,1,alegria
"creo que acaba de salir, supongo que ya está por encima de eso, pero nadie ha actuado todavía y se supone que hay una actuación sorprendida de lil wayne nikki minaj y drake que sería una droga",5,sorpresa
me siento como pintar esta noche y simplemente ser creativo,1,alegria
estoy teniendo examen de ssa mañana por la mañana estoy bastante bien preparado para el próximo examen y de alguna manera me siento insensible hacia el examen porque en la vida hay cosas mucho más importantes que el examen,0,tristeza
le escribo cuando algo grande ha sucedido como un viaje divertido o hito y otras veces solo le escribo para decirle cómo me siento acerca de su dulce bebé acurrucarse o creciente personalidad,1,alegria
"siento que lo estoy abandonando de alguna manera, pero él apoya tanto el movimiento.",2,amor
me siento un poco desanimado,0,tristeza
me sentía inquieto cuando entré en la cocina para preparar este dulce crujiente,4,miedo
me siento tan emocionada porque eso significa que puedo saltarme las clases,1,alegria
puedo pagar las cuentas y aún tener algo de efectivo en el banco debería dejarme muy satisfecho,1,alegria
"me siento devastada, traicionada y abandonada, pido paz, comodidad y una nueva dirección.",0,tristeza
"espero que todos hagan el tiempo para jugar, tengo la sensación de que este boceto será popular.",1,alegria
disecciono cada nuevo hecho que sale a la superficie me siento más desanimado,0,tristeza
puedo sentir algo dentro de mí algo delicado y pacífico que se despliega dentro de mi pecho,2,amor
siento que después de dejar un trabajo odiaba el ancho de la miniatura de la clase,0,tristeza
"me siento mejor, aunque todavía tengo ganas de desmayar o tirar mis galletas si estoy por mucho tiempo, pero definitivamente hay una luz al final de este túnel.",1,alegria
soy feliz cuando obtengo buenos resultados en el campo de la academia o el atletismo,1,alegria
me siento un poco feliz con él,1,alegria
dije que aunque me siento triste,0,tristeza
me enloquezco cuando siento que me rechazan o no me quieren,0,tristeza
"desearía que hubiera alguna forma en que pudiera adormecerme cuando lo necesito, pero o lo siento todo o me vuelvo completamente adormecido.",0,tristeza
"he sido un profesional en ocultar mis verdaderos sentimientos, pero las grietas están llegando, así que voy a repararlas y volver a ser la roca feliz de apoyo de nuevo.",1,alegria
me siento un poco intimidado por,4,miedo
he estado sintiendo bastante miserable no estaría mintiendo,0,tristeza
lo escucho un sentirse tranquilo y feliz y que no podía usar una gran dosis de eso en sus vidas,1,alegria
me siento tan vigorizado y tan listo para seguir empujando a la meta,1,alegria
"llegué a este cuarto sintiéndome realmente vigorizado y ahora, debido al trabajo, volví a donde estaba al final del cuarto de primavera, no dormí, no comí bien, no cuidé de mí mismo, no hice un buen trabajo.",1,alegria
me siento avergonzado por ello,0,tristeza
"he estado sintiéndome mal cuando llego a casa, así que como para llenar mi tiempo y el agujero en mi corazón",0,tristeza
"me siento miserable por dentro, pero por fuera me gusta",0,tristeza
estoy sintiendo un poco de pena por mí mismo y peor por él.,0,tristeza
me siento presionado y acorralado en una esquina,4,miedo
estoy sintiendo en el lado suave hoy,1,alegria
me siento un poco desesperada a veces hombre maldita itttt,0,tristeza
espero que la pareja de nosotros no albergue resentimientos y disfrute de charlas informales sobre las formas en que resultan nuestras vidas sin necesidad de presionar un título en todo.,1,alegria
me enfoco en pequeñas cosas que me hacen sentir glamoroso,1,alegria
"voy a ayudarte en esto, así que si sientes arrepentimiento, cómprame un helado la próxima vez que nos veamos.",0,tristeza
me despierto enfermo me siento realmente loco,3,enojo
me siento como una persona odiosa a veces,3,enojo
sé ahora y supe entonces que era una temporada de aprender acerca de confiar en dios y me siento más tranquilo y tranquilo debido a ello.,1,alegria
me siento como si hubiéramos tenido más éxito aquí,1,alegria
me siento feliz de mi nuevo comienzo,1,alegria
me siento más feliz por dentro en una escala diría que un,1,alegria
me desperté sintiéndome esperanzado,1,alegria
"siento que tuvimos éxito en la creación del mural, ya que mejoraría el ambiente de trabajo de la escuela y agregaría motivación a los niños, así como experiencia a todos los que participaron.",1,alegria
todavía me siento realmente de mierda y sin merecer su amor,0,tristeza
"estoy feliz, triste o enojado",1,alegria
siento que incluso si se suicidó fue porque estaba agonizado hasta ese punto.,0,tristeza
me escucho a mí mismo calmante en una voz baja y suave y me maravillo de cómo la voz me hace sentir tranquilo y fuerte también.,1,alegria
oigo que me hace sentir tranquilo de mis puntos de vista hacia la humanidad,1,alegria
me voy a la cama sintiéndome muy angustiado de lo contrario,4,miedo
me siento muy tenso en este momento,4,miedo
no me siento exitoso si eso tiene sentido,1,alegria
me siento muy sorprendida por la cantidad de personas con las que hablo que no han visto esta película.,5,sorpresa
"cerré los ojos con la sensación de desear poder volver atrás en el tiempo y volver a vivir estos momentos increíbles cuando abrí los ojos, fui tomado de vuelta por la presencia de fahad, se apoyaba en el esqueleto del columpio y me sonreía.",5,sorpresa
"he estado escuchando furtivamente música de x mas desde el comienzo de octubre, pero ahora me siento como si fuera un poco más socialmente aceptable pasear mientras la versión de santa baby blares de eartha kitt desde mi ipod",1,alegria
estoy sintiendo un antojo por un bocadillo dulce travieso esto es lo que elijo,2,amor
me sentía creativo te veo versión alternativa de mí,1,alegria
"tengo planeado y todavía hay días en que me siento estresado hasta el punto de las lágrimas e indefenso, pero lo bueno supera con creces lo malo y puedo decir honestamente que estoy feliz en este momento.",3,enojo
"me sentía hinchable, así que agregué algunos de mis ir a enredos a su alrededor, más bien me gusta el efecto en espiral logrado",1,alegria
"tiendo a preguntarme si hay un dios y si siento que estoy en una compañía lo suficientemente inteligente, les diré si preguntan.",1,alegria
fije mi mente a querer un elemento específico que lo necesita para un evento específico o en un momento específico me encuentro mal terminan gastando más de lo que quiero porque me siento presionado por las restricciones,4,miedo
me paro junto a ella sintiéndome menos que glamorosa en mi camiseta de béisbol levi s y zapatillas negras,1,alegria
creo que mucha de la diversión está en cumplir con las expectativas de los jugadores y hacer que el jugador se sienta inteligente haciendo que parezca que no solo están haciendo clic en una opción que conoces.,1,alegria
simplemente no me siento tan impresionado y tan feliz con cosas como solía,5,sorpresa
siento que es así como podemos estar seguros de ser nosotros mismos y confiar en nosotros mismos.,1,alegria
siento dentro de mí que no fue en vano,0,tristeza
"podría sentirme de esta manera, pero honestamente creo que él era y es un hombre muy violento y peligroso.",3,enojo
me desperté sintiendo positivo estaba totalmente en el estado de ánimo para hacer esto y esta noche me siento lo mismo que tuve un batido de plátano para el desayuno un batido de chocolate para la cena y un asado de domingo para el té,1,alegria
creo que solo notar esto en mí que soy más propenso a sentir celos en este momento me está ayudando a aparecer con un poco más de intencionalidad que en otros momentos de mi vida.,3,enojo
quiero poder salir de mi casa por mi cuenta sin sentirme aterrorizada y voy a trabajar en esto todos los días.,4,miedo
me siento torturado estando lejos de mi bebé,3,enojo
podía sentir su mirada amorosa sobre mí mientras bajaba entre sus piernas.,2,amor
me siento reacio a dejarla así sin ayudarla lo suficiente como para devolverme su bondad.,4,miedo
me siento decidido a llegar allí,1,alegria
he encontrado mi núcleo incluso lo pinté y es un hermoso lugar cálido y brillante que veo y siento como esta hermosa energía naranja,1,alegria
siento como si mi cuerpo estuviera dañado como si todo se hubiera detenido y ive se convirtiera en una niña otra vez.,0,tristeza
me siento confundido después de eso,4,miedo
"me siento cada vez más convencido, especialmente después de un año muy duro, de que encontrar a alguien que amas y que te ama de todo corazón a cambio puede cambiar el curso de tu vida y dar la especia y el apoyo emocional para vivirlo.",1,alegria
sin rumbo hago lo que me apetece hacer sin sentido de la rima o la razón y me distraigo fácilmente y comienzo algo más rebotando sin sentido sin terminar lo que empecé.,3,enojo
me siento tan dañado,0,tristeza
me siento un poco hinchada en este momento,1,alegria
me siento demasiado podrido para poner una cara feliz por la noche,0,tristeza
me siento más sociable en estos días,1,alegria
tenía entonces estos eran realmente aterradores y todavía se sienten sacudidos e incómodos debido a ellos,4,miedo
"estaba tan orgulloso de él y me siento tan esperanzado que me doy cuenta de que esta es la naturaleza de asd si está motivado, nos permitirá tener una pequeña visión de sus habilidades y parece que la historia de juguete lego es el motivador en este momento.",1,alegria
me siento tan irritable con la clase de hoy,3,enojo
empecé a sentirme increíble,1,alegria
me perdono a mí mismo por aceptar y permitirme sentirme humillado y rechazado porque alguien fue elegido sobre mí.,0,tristeza
me siento bastante festiva,1,alegria
tengo que sentir a nuestra dulce chica patadas en mi vientre y él nunca tuvo esa intimidad con ella,2,amor
empiezo a sentirme mal solo tengo que tirar esto y bam estoy cantando y bailando y shimmying mis hombros al igual que whitney,0,tristeza
sigo sintiéndome como un bien dañado y eso afecta todo lo que hago en mi vida.,0,tristeza
puedo sentir el dolor y recordar que estoy aquí es cuando puedo relajarme un poco y respirar normalmente y calmarme,1,alegria
"me siento consternado me siento como todo lo que pensé que era verdad era una mentira, pero una cosa que nunca voy a hacer es decir adiós",0,tristeza
siento que estoy condenado a pasar el resto de mi vida en el servicio al cliente,0,tristeza
he escrito pero sientes la necesidad de señalar que alguien en algún lugar podría ofenderse si leyera mis palabras fuera de contexto sin saber nada sobre mí y después de tener un día realmente malo no te molestes en informarme de esto.,3,enojo
me siento tan disgustado conmigo mismo por sentir la forma en que lo hago,3,enojo
"siento que al ser la esposa madre sumisa que soy, todos están atados juntos, no estoy ofendido por la idea de que soy sumiso a mis hijos.",0,tristeza
me acostumbré tanto a ellos hasta el punto de sentirme realmente raro sin ellos.,5,sorpresa
me siento realmente molesto hoy,3,enojo
estoy realmente dolido y sintiéndome un poco abrumado,4,miedo
me encanta cómo los olores pueden hacerte sentir tan nostálgico,2,amor
he estado sintiendo realmente bombeado sobre correr de nuevo esto es muy extraño,4,miedo
quiero sentirme indignado,3,enojo
"elegí no usar el tejido en esta pieza, siento que va bien dentro de la colección de mis otras piezas que he hecho este semestre debido a sus formas y materiales similares.",1,alegria
me siento como un fracaso de un padre que agrega eso a la montaña rusa emocional de tener que tener una sección c no planificada y algunos días me siento como si acabara de fallar desde el principio.,0,tristeza
me sentí fuera de control me odiaba a mí mismo por sentir que luego me sentía más fuera de control me odiaba a mí mismo por odiar que lo odiaba y simplemente empeoró hasta que estaba caminando al trabajo en una neblina tratando de no acurrucarse en el pavimento y simplemente,3,enojo
me siento revitalizado cuando miro esta imagen tal como lo hice cuando miré las otras dos fotos.,1,alegria
leí sus novelas para hacerme sentir relajado,1,alegria
"tengo esa sensación, pero el anime idol es bastante popular, así que podría ser cualquier cosa",1,alegria
ive sobrevivió el cumpleaños de los exploradores de acción de gracias y la preparación para el derby de pinar im sintiéndose bastante bien,1,alegria
"siento que eso no es útil o divertido en absoluto, así que reemplazaré esos iconos exóticos con un destructor.",1,alegria
inmediatamente empecé a sentir mi sangre hervir la ira que viene sobre mí y que muy nervioso conseguir agitado,3,enojo
me siento triunfante últimamente,1,alegria
me siento un poco travieso sosteniendo este cd ya que no se libera oficialmente hasta el martes,2,amor
"soy responsable de elegir a un hombre que en ocasiones me recuerda a personas de mi pasado como mi madre y me amenazo a mí misma, puedo romper este patrón al comportarme de una manera diferente, incluso cuando me siento asustada porque en el fondo sé que es un buen hombre.",4,miedo
también me siento un poco egoísta cuando me emociono con nuestros amigos amigos amigos porque me hace sentir victorioso en nuestras elecciones.,3,enojo
"creo que es solo un reconocimiento subconsciente sobre mis sentimientos hacia eddie, por ejemplo, ignorado.",0,tristeza
me siento preocupado por su hambre y su falta de vivienda,0,tristeza
me siento después de un horrible invierno,0,tristeza
me avergenzo de mi falta de empatía a veces,0,tristeza
quiero ser insustituible y hasta que encuentre a la persona que me hace sentir de esa manera que creo que id más bien permanecer soltero porque si im no su número de lo que es el punto me niego a ser sólo algo que te conformes tal vez im solo obstinado pero es cómo me siento tan idrc,3,enojo
"siempre ayudaré a los demás de cualquier manera que pueda, pero si no sientes dentro de ti para hacer el trabajo y finalmente aprender a amarte a ti mismo, entonces mi ayuda y motivación serán en vano.",0,tristeza
me siento llorona mucho,0,tristeza
"soy nuevo en esto, así que se siente un poco extraño, pero voy a empujar a través de él",4,miedo
me gusta tomar duchas frías salgo sintiéndome vigorizado y listo para rodar,1,alegria
"dije que aparece de vez en cuando ese temor, pero en su mayor parte estoy demasiado ocupado sintiéndome deprimido o eufórico o una mezcla horrible de los dos para notarlo.",0,tristeza
me siento menos respetado,1,alegria
te he visto dormirte trepando a la cama incluso antes de que estuvieras horizontal y ahora estoy despierto y mi cuello está apretado y me siento hostil y engañado,3,enojo
me siento en silencio extasiado por el cambio sin dolor en nuestros gastos de comestibles,1,alegria
llegué a casa sintiéndome agotado y desanimado,0,tristeza
me siento tan arrepentido de dejar que cosas tan mundanas como el trabajo y la escuela se interpongan en el camino.,0,tristeza
me siento como la gente que más le disgustó,0,tristeza
"nunca quise ser besada, nunca quise romper el código, pero me lo robaron y siento que perdí algo que nunca recuperaré.",0,tristeza
estaba conduciendo de vuelta estaba teniendo un momento de falta de nueva orleans y me sentí muy triste cuando me golpeó que yo era capaz de ir a visitarlos por la noche en un capricho y me sentí una paz tal,0,tristeza
me siento frustrado porque no puedo responder preguntas para distribuidores o clientes,3,enojo
sentí tanta culpa por estar triste por tener ira por cualquier cosa y por sentirme menos que completamente emocionada con mi vida.,1,alegria
me siento avergonzado de hablar con él a veces porque me siento muy pequeño en esos momentos como él me está haciendo un favor y no merezco que me presten atención.,0,tristeza
había alegría en mí cuando me enteré de que iba a tomar un curso como asistente médico.,1,alegria
"reconozco que en realidad no soy gordo por definición, pero me siento incómodo en mi piel",4,miedo
me siento abrumado por el rápido ritmo de las ciudades,4,miedo
empiezo a sentir frenético donde están las velas de los partidos de la linterna thats realmente ashers bug light no hay ventiladores en las camas de mudanza de la casa fuera de los niños en el baño no toque las velas adiós carne en la nevera,4,miedo
me siento tan cabreado y me siento como dormir s,3,enojo
cuando casi caminé sobre una serpiente,4,miedo
me siento tan jodida ahora que quiero callarme,3,enojo
siento que si no se resuelve lo suficientemente pronto tendrá un efecto perjudicial en todo el trabajo duro que mi novia y yo hemos puesto en nuestra relación.,1,alegria
no siento que perdí demasiado fitness durante mis tres semanas de descanso tampoco,0,tristeza
podría estar en un montón de barro que puedes tomar esto figurativamente o literalmente en este punto con la sensación grosera de simplemente estar sucio.,0,tristeza
"me siento juguetón, pensé que compartiría mis respuestas con ustedes, amigos.",1,alegria
nunca olvidaré que salir de la oficina del médico esa tarde sintiéndome tan decidido a no dar por sentado mi salud de nuevo,1,alegria
"no pude evitar sentirme un poco egoísta por querer que se quedara, pero en relaciones de este tipo es mejor que te acostumbres a algunas despedidas prematuras.",3,enojo
quiero mantener esta sensación de asombro y asombro por siempre,5,sorpresa
tuve que perder a mis mejores amigos para estar con el que me puede hacer sentir para siempre contento con la vida y ser eternamente feliz.,1,alegria
me siento tan seguro,1,alegria
tengo ganas de decírselo a mis padres,1,alegria
me alegro por ti,1,alegria
tengo la sensación de que esto va a ser muy largo y desagradable,3,enojo
"estaba sintiendo un poco de nostalgia, así que hice un viaje de último minuto a broomfield el fin de semana de la th a la nd",0,tristeza
siento un anhelo por la obsesión,2,amor
no voy a transmitir toda la información relevante tal vez porque me siento intimidado avergonzado o demasiado deferente.,4,miedo
"me irrita tanto el hecho de que soy una persona emocional, pero no puedo lidiar con los sentimientos de rechazo.",0,tristeza
"me siento un poco más seguro de mis patadas en karate y mis cortes diagonales en kendo, aunque queda mucho trabajo por hacer.",1,alegria
ya no me siento aterrorizado,4,miedo
"creo que las personas nacidas en los años's y's tienen la clave para abrir muchas puertas para nosotros, solo necesitamos hacer que se sientan lo suficientemente atesorados como para compartirlo.",2,amor
"me sentía aún menos espléndido y no tenía nada que hacer todo el día, así que decidí bebé yo mismo",1,alegria
"poco a poco me di cuenta de que el intruso era en realidad papá y griff comenzó a retirarse una distancia segura en caso de que hubiera repercusiones después de tirar de papá a través del techo, pero papá se sentía muy aturdido y desorientado.",0,tristeza
me siento un poco aliviado,1,alegria
"tengo una inmensa simpatía por el punto general, pero como posible proto escritor tratando de encontrar tiempo para escribir en los rincones de la vida y sin signos de un agente y mucho menos un contrato de publicación, esto se siente un poco precioso.",1,alegria
"quiero decir que hemos sido amigos durante mucho tiempo y estas cosas no son nuevas para mí, pero en este momento siento que todo lo que quiero hacer es poner los ojos en blanco en todo lo que dices y decirte lo desagradable que eres.",3,enojo
me siento realmente enojado a veces porque por el amor de dios no hemos pasado por lo suficiente.,3,enojo
me sentía un poco baja hace unas semanas y me concentré en todas las cosas que no estaban bien en mi vida en el momento en que las solicitudes que había hecho que no habían sido concedidas,0,tristeza
me siento inútil me siento estúpido,0,tristeza
me siento enojado porque me he llevado a mí mismo a llevar a la gente a creer que no podía hacer esto,3,enojo
"id me encanta saber en los comentarios me siento como es una cosa divertida, pero siempre me encanta leer acerca de cómo la gente programar sus días",5,sorpresa
me siento agobiado figurativamente y literalmente,0,tristeza
siento que he estado teniendo algunos problemas con el enfoque y la exposición últimamente y no estoy seguro de si es mi cámara o yo,1,alegria
"me siento herido y decido no decir que estoy herido, sino inventar una historia que saca a la otra persona del anzuelo por ser grosero o poco amable conmigo.",0,tristeza
me sentía y lo ricos que somos,1,alegria
"realmente me siento perturbado por todo este caos, ya que he estado en este valle celestial dos veces y conozco personalmente todas las realidades del terreno.",0,tristeza
"me siento enérgico y saludable por primera vez en mucho tiempo, supongo que una pérdida de peso total de casi 1 libra hará eso por ti.",1,alegria
me siento no amado siempre me patean o empujan,2,amor
me siento extasiado solo por verte,1,alegria
me siento leal a un href http www,2,amor
siento que si este fuera un libro más largo me hubiera gustado más,2,amor
siento que a veces existe el peligro de que las empresas agreguen demasiadas cosas gratis y se corten la garganta.,1,alegria
tuve un sueño muy provocativo del tipo que te hace sentir un poco sacudido cuando te despiertas de él.,4,miedo
me arrepiento de cosas que no puedo recordar porque estaba tan borracha,0,tristeza
también he aprendido que los sentimientos no pueden herirme a menos que me aferre a ellos.,0,tristeza
de alguna manera me siento feliz ella está ahora en malaca conmigo mi hermana más joven,1,alegria
"no me sentí maltratado y, honestamente, hizo que mi día fuera un poco mejor.",0,tristeza
"ltimamente me he sentido un poco agobiado, no estaba seguro de por qué",0,tristeza
"siento esto sobre mis películas, dice que el hecho de que mi nombre esté en ellas significa que están condenadas.",0,tristeza
"he sido un gran fan de twitter desde que me uní y como mi compromiso con los que sigo ha aumentado con el tiempo, me encontré con la sensación de que este es un ir a la fuente para mí para cualquier número de opciones de contenido.",1,alegria
"ni siquiera soy italiano, pero me siento indignado por la estupidez de ppl en este blog",3,enojo
he tenido mi primera visita a mi diario en vivo y eso me hace sentir muy agradable,1,alegria
estoy desconcertado herido que me siento asaltado e inseguro,4,miedo
"odio sentirme tan necesitada de aprobación en necesidad de dinero en necesidad de una dirección en necesidad de fuerza física y mental, incluso en necesidad de alguien en particular en necesidad de saber lo que me falta y necesito.",0,tristeza
me siento apresurado o abrumado por tener la casa perfecta que explota mi cerebro y todas las habilidades adecuadas para tomar decisiones se pierden entre los escombros.,3,enojo
he estado tan feliz estos últimos dos meses que me das tanto que me siento ingrato admitiendo que creo que necesito más,0,tristeza
"me siento realmente codicioso querer todas estas cosas, pero mi mamá me pidió que hiciera una lista, así que",3,enojo
siento un pequeño zumbido agradable en mi lengua y un sabor refrescante limpio,1,alegria
llamo a alguien que siento que necesito al menos hablar unos minutos para no ser grosero,3,enojo
me siento súper emocionado ya que las semanas parecen estar volando y nos estamos acercando cada vez más a nuestra fecha de parto.,1,alegria
tengo que lidiar con el hecho de que la sociedad quiere que todos se sientan como si estuvieran en un amor falso por un par de días y luego todos podemos olvidar lo que son las emociones.,0,tristeza
"descubrí en pocas palabras en este momento que te sientes tenso y que necesitas urgentemente descanso y relajación, pero tal vez incluso más que eso, necesitas superar esa sensación de que te ha costado mucho y tratado con una completa falta de consideración.",4,miedo
me siento honrado de haber podido llamarlos amigos para compartir su hermandad.,1,alegria
"me gusta en croissants cuando me siento travieso, pero simplemente comerlo solo en un tazón o en una cama de hojas de lechuga también es satisfactorio.",2,amor
me gusta mucho tener uñas cortas en el momento en que me siento menos preciosa con ellas y menos preocupada de que las que van a ping off,1,alegria
tengo una idea de algo que quiero escribir y me apasiona y esculpo algunas frases geniales,1,alegria
"me encanta el sol no he tenido mucho, pero la sensación de que en mis hombros mientras camino por el patio es increíble",5,sorpresa
nunca me sentiré destrozada de nuevo,0,tristeza
pude sentir claramente que mis músculos de adomen se contraen cada vez que tose como un ejercicio de adomen jaja y me duele ahora suspiro,0,tristeza
cierro los ojos por un momento solo para dejarme sentir el suave calor de sus manos superpuestas a las mías guiándome.,2,amor
me siento irritado,3,enojo
me siento un poco como ser rebelde un libertino que sabes,3,enojo
quiero ir a buscar algo para usar para el pecho que sea étnico y fluido y tal vez incluso jingly y me haga sentir juguetón y real al mismo tiempo,1,alegria
"no puedo ayudar, pero siento que necesito ser delicado",2,amor
"estoy de vuelta en el condado y aunque es encantador reunirse con los campos una vez más, me siento un poco inquieto y extrañando la vida de londres.",4,miedo
"me siento inseguro acerca de mis palabras, pero también significa que estoy escribiendo, lo cual es bueno.",4,miedo
me siento como la persona más odiada del planeta por rechazar a brendon,3,enojo
"prometo ser más agradable para todos, no solo para unos pocos selectos, marybeth e isabella lol, diré lo que siento y no cubriré algo dulce con algo de mierda",2,amor
lo hago para ser y luego lo hago para pm y luego cuando lo hago para la noche que es cuando me siento triunfante y golpeado abajo,1,alegria
ive nunca poseyó un mac siempre han usado microsoft y apenas se sienten desilusionados con la manera que han manejado esto despliegan todas las cosas de los glitches que no trabajan y en general esa visión ha estado hacia fuera por meses y es solamente ahora que está comenzando a hacerse estable gracias a la actualización después de la actualización,0,tristeza
lo sostengo por un día mi brazo se sentirá adormecido y paralizado,0,tristeza
me siento especialmente vulnerable a ser tratado como un ciudadano de segunda clase.,4,miedo
i seriouly siento que no estoy siendo respetado no tengo mi privacidad me están ordenando alrededor,1,alegria
tengo una confesión que hacer y me siento tan podrido por esto,0,tristeza
me siento un poco aturdido esta mañana ya que estoy de vuelta en el trabajo después de alex y volví tarde anoche de un largo fin de semana en los ángeles,0,tristeza
siento el frío principalmente en mis brazos y torso,3,enojo
cuando se va al examen,4,miedo
no puedo decirte la última vez que me desperté sintiéndome como si hubiera dormido bien,1,alegria
no debo sentir miedo de que podamos dejar de preocuparnos por nosotros mismos.,4,miedo
me siento horrible y preferiría extender mi dolor más profundo rel marcador permanente link zum eintrag,0,tristeza
ya no estoy sintiendo ningún efecto del síndrome del intestino irritable que sufrí durante años.,3,enojo
no se siente como usted debe ser ya que ella es el más dios maldito personaje amado en el juego justo al lado de rinoa,2,amor
siento que es sincero y arrepentido por su oposición pasada a los derechos civiles.,1,alegria
me deja en su jodido mundo y él por lo general hace me siento jodido demasiado y honestamente un poco asustado,3,enojo
me dejo sentir fracasado,0,tristeza
me siento arrepentido por lo que voy a guardar para mí hoy si por favor,0,tristeza
canto silenciosamente sintiendo que la calma comienza a regresar,1,alegria
espero que algo mágico suceda hoy porque me siento un poco apático,0,tristeza
cuando en un accidente de coche donde el coche estaba totalmente limpiar borrar,4,miedo
tengo que decirte por un tiempo que me he sentido triste y condenada y algunas nubes grises feas han estado colgando a mi alrededor.,0,tristeza
"nunca he tenido suerte con ellos, así que me siento un poco hastiado",0,tristeza
me encuentro sonriendo a sus sentimientos hacia mí y casi sintiendo cariño hacia ellos.,2,amor
nunca habría entendido o valorado el significado de un compañero de vida si no me sintiera solo.,0,tristeza
me alegro de tener un dios con el que puedo sentirme seguro,1,alegria
quiero o necesito escuchar para hacerme sentir valorado,1,alegria
me siento inseguro acerca de,4,miedo
tengo la sensación de que esta noche va a ser una buena noche mientras te sigo a casa irrumpir y abrazarte a través de las cortinas de la ducha mientras te duchas,1,alegria
soy festiva y no creo que haya publicado una buena foto de nuestro árbol,1,alegria
me siento devastado por un hombre joven,0,tristeza
le dije que no podemos continuar de esta manera y cuando ella está empezando a sentirse frustrada tiene que hacérmelo saber de una manera tranquila,3,enojo
fui a trabajar como normal y no me sentí mal de ninguna manera o forma,0,tristeza
debo decir que para llegar a este punto en el que no siento nada más que sentimientos amistosos hacia él toma mucho tiempo.,1,alegria
me transfirieron a la cama de operaciones y comencé a sentirme un poco aprensiva.,4,miedo
"tengo ganas de ver el equilibrio o algo igualmente delicioso y jugar a los sims y, en general, ser perezoso.",1,alegria
tuve un buen presentimiento sobre la presentación y las reacciones de la audiencia fueron buenas.,1,alegria
me siento extremadamente devastada en este momento porque el blogging no funciona solo cuando el sistema de alcantarillado mental está obstruido su tiempo de diarrea y no hay papel higiénico virtual a la vista.,0,tristeza
siempre planto una gran sección de lechuga y la dejo abierta para esos molestos conejitos para que puedan sentirse todos rebeldes como si estuvieran asaltando mi jardín.,3,enojo
me siento bastante positivo en este momento,1,alegria
"me veo a mí mismo empezando a sentir la dependencia emocional de mis padres, me detengo y respiro.",0,tristeza
no debo sentirme complaciente,1,alegria
me sentí excepcionalmente herido por ello y definitivamente todavía siento el impacto cuando se trata de confiar en las personas.,1,alegria
i o usted se siente aventurero usted puede comprar esporas k ji kin por correo y hacer su propio kome k ji usando el arroz de su elección,1,alegria
me tropiezo con tal hallazgo me siento bastante emocionado casi como haber logrado un descubrimiento,1,alegria
me siento como un niño que tiene una lamida de la más deliciosa lollypop nunca,1,alegria
"estoy muy cerca del fundador, es increíble sentir que una compra está apoyando a los artesanos que intentan salir de la pobreza.",1,alegria
realmente me siento muy honrado de representar a mi país.,1,alegria
siento que he impresionado a muchos de los científicos con mi capacidad de adquirir rápidamente todas las habilidades que se esperan de una tecnología.,5,sorpresa
una vez leí el nuevo trono resucitado dijo paisajes sonoros fríos y desolados que te dejarán sintiéndote completamente asustado.,4,miedo
espero que al decirles mal averige más acerca de quién soy cómo llegué a este lugar en el tiempo y no me siento tan perdido y solo,0,tristeza
me siento como un idiota por algunas de las cosas que he escrito en el pasado y por algunas de las cosas que he anunciado haber hecho.,0,tristeza
siento que eso es lo que es el círculo vicioso,3,enojo
me siento letárgico y lento y noto absolutamente que por la noche es más difícil conciliar el sueño,0,tristeza
me preocupaba que me sintiera demasiado nostálgica,0,tristeza
i code existía con el único propósito de hacer que la gente estúpida se sintiera inteligente,1,alegria
no tengo nada y realmente quiero sentir como si alguien me gusta por lo que no soy por mi hermana obstinada,3,enojo
"sin embargo, no sentí que la guía del maestro fuera útil después del primer mes.",1,alegria
me siento perturbado cuando veo a la gente romperse en pedazos justo en frente de mí por amor.,0,tristeza
comencé a sentir frío,3,enojo
"me siento arrepentido, pero no estoy listo para morir y no me miro en el espejo",0,tristeza
quiero sorprenderme un poco más a menudo,5,sorpresa
"me siento increíblemente malhumorado hoy, una combinación de la lluvia de fiebre del heno y el estrés de nuestro movimiento inminente.",3,enojo
"me siento como un desordenado después de un tiempo porque a menudo es una lucha entre mantener correos electrónicos, imágenes, documentos, etc.",0,tristeza
creo que todavía me siento un poco aturdido por eso.,0,tristeza
me siento tan resentido por tener que cuidar de nosotros y no llegar a hacer lo que quiero hacer,3,enojo
"me siento mucho más cómodo encontrando a aquellas personas que han articulado una visión que coincide con la mía que han encontrado las palabras para decir lo que estoy pensando y lo más importante, lo que estoy sintiendo soy un href http en",1,alegria
estoy nauseabundo y mareado y me siento todo sombrío o al menos ya no atado a mi cuerpo,0,tristeza
no me siento alegre o espiritualmente en forma,1,alegria
todavía me siento todo débil puede ser otro salto alrededor,4,miedo
tengo ganas de leer chicos anansi de nuevo es precioso,1,alegria
"en realidad iba del punto a al punto b, pero no me sentía casual como todas las demás noches cuando solo estaba fingiendo.",1,alegria
me siento realmente patético frente a algunos,0,tristeza
todavía me siento avergonzado cuando pienso en ello,0,tristeza
"estaba solo me sentiría más relajado al tomar fotos, pero una cámara para mí ahora se siente como un dispositivo que no debería estar presente en las mesas de comedor como el teléfono.",1,alegria
me siento tan bendecida que dios me ha elegido para ayudar a guiarlos.,2,amor
me siento despreocupada y joven y increíble,1,alegria
"sé que lo que pasó todavía puede sentirse realmente peligroso, pero no planeo ir a ninguna parte en el corto plazo.",3,enojo
me siento generoso y podría estar regalando una tarjeta de regalo de disney en este blog,1,alegria
disfruto plenamente de la música cuando tengo miedo de usar auriculares,4,miedo
me acerco a ella y le digo que me siento muy impresionado conmigo mismo.,5,sorpresa
estoy harto de no sentirme bienvenido aquí,0,tristeza
a menudo puedo pasar una semana o dos sin molestar a nadie si no me siento especialmente extrovertido y nadie me golpea.,1,alegria
me siento tan arrepentido ahora,0,tristeza
siento que esta realidad es trágica,0,tristeza
estoy en la misma combinación exacta en la que estaba cuando concebí tate comencé a sentirme tan esperanzado este mes,1,alegria
me siento rebelde por el bien de ser rebelde,3,enojo
siento que ha dañado su relación con tygerman y la nuestra con los demás,0,tristeza
me imagino que ser un hombre es como ser pateado en las nueces en repetidas ocasiones que es lo mal que se siente que te sientes como si quisieras acurrucarte y morir un chalm devastado dijo después de la pelea,0,tristeza
me siento menos que emocionado por tener que volver a mi segunda opción donante ahora que el sr.,1,alegria
"me encantan las vocalistas femeninas, aunque admito que me siento un poco avergonzada del tema romántico femenino de esta pieza.",2,amor
voy a pt me siento como un vagabundo defectuoso,0,tristeza
me sentía muy festivo decidí pintar mis uñas para los eventos de vacaciones,1,alegria
solo recuerdo sentir tanto dolor y estar confundido y asustado y convencido de que no podía hacer esto.,4,miedo
siento que es superior a la mía,1,alegria
también me siento paranoico y ansioso,4,miedo
estaba sintiendo un poco como un resfriado que venía,3,enojo
quiero decir que me siento un poco perturbado cuando subaru está cerca de mí,0,tristeza
"he estado sintiendo muy, muy inquieto",4,miedo
me siento irremediablemente inquieto,4,miedo
solo quiero mostrarles que puedo cuidar de mí mismo y me siento mal por quedarme con ellos,3,enojo
"todavía tengo mis días en los que parezco recibir más patadas que otros, pero me siento tan seguro de que todo está bien cuando los siento.",1,alegria
me sentía productivo,1,alegria
comencé a sentirme amargada hacia ellos.,3,enojo
sabía que había llegado allí después de los continuos baches que me hacían sentir desagradable debido a la condición devastadora de las carreteras.,3,enojo
siento que amo a todos o al menos soy compasivo con los demás.,2,amor
im con ella la mayor parte del tiempo me siento perfectamente contento,1,alegria
me siento como yo siendo aprovechado de y en la parte superior de que estoy realmente molestado por mis novios comportamientos descuidados,3,enojo
me siento como si fuera completamente inútil,0,tristeza
siento que debería haber sido castigado,0,tristeza
"necesito desahogarme, no dude en leer un enlace de clase href http simplethoughtsonthings",1,alegria
me sentía insatisfecho con mi trabajo me uní a la carpa,0,tristeza
estoy sintiendo tan mal,0,tristeza
tengo una mini lista de cosas buenas sobre mí a las que puedo referirme la próxima vez que me sienta una mierda.,0,tristeza
siento que es un pésimo diagnostico,0,tristeza
me siento un poco vanidoso cuando la gente me dice que soy bonita,0,tristeza
no me siento mal por ello,0,tristeza
"me hubiera gustado haber llegado a esos pensamientos yo mismo en lugar de sentir la forma en que lo hago ahora, un discípulo cojo simplemente a punto de regurgitar los pensamientos de eva sobre todos ustedes.",0,tristeza
vuelvo a mi punto sobre lo fácil que es vender para que la gente se sienta realmente virtuosa por no hacer lo que no quieren hacer de todos modos.,1,alegria
"me encanta la suspensión invertida, aunque es la única que me hace sentir elegante y sexy.",1,alegria
me siento asqueado avergonzado y triste por cómo manejé la situación,3,enojo
quiero sentir dolor en el pecho cuando pasa algo terrible y quiero llorar lágrimas felices cuando pasa algo bueno,0,tristeza
me siento tan honrado de que mi nuevo blog se está notando,1,alegria
me siento tan increíblemente elegante y sexy en esta pose que tengo que decir,1,alegria
me siento tan agradecido me pareció esta fantástica serie para ser añadido en mi serie favorita todo el tiempo,1,alegria
"me encanta el aspecto del negro y me siento como que sería la elección inteligente, pero soy un poco atraído por el azul rico o azul grisáceo",1,alegria
no puedo estar con ella en portland y me siento bastante inútil aquí en estrasburgo,0,tristeza
"he estado sintiéndome particularmente agradecido por mi esposo, que es una señal segura de que tengo un tumor cerebral o algo terriblemente mal con mi fideo.",1,alegria
siento que mis chicas realmente están empezando a entenderlo y me encanta escucharlas cantar las canciones de navidad sobre jesús.,2,amor
me siento mal en este momento,0,tristeza
me siento apático y desinflado,0,tristeza
tengo los mismos sentimientos hacia la palabra apasionado,2,amor
odio dormirme durmiendo durante el día me despierto sintiéndome tan aturdida,0,tristeza
me quedo en la nevera y sacar cada vez que me siento demasiado caliente spray en la cara y me enfría inmediatamente y mucho menos huele a naranjas,2,amor
"estoy plagado de sentimientos incómodos, la encantadora historia de una chica no tan encantadora me llamó",1,alegria
me siento mal esta noche,3,enojo
"me miro en el espejo en estos días, creo que me veo bonita, pero también me siento aburrida al mismo tiempo.",0,tristeza
ya no me sentía inútil,0,tristeza
creo que solo imaginar cómo sería actuar en vivo frente a una audiencia me hará sentir alegre.,1,alegria
le pregunté a zack si podía hacer todo lo posible y escribir lo que estaba sintiendo y él fue lo suficientemente amable como para dejarme hacerlo.,1,alegria
"me preocupo por la sensación de que se supone que estoy en la iglesia, pero rico y el dr.",1,alegria
"me siento mucho más como yo, pero experimentando extrañas punzadas de cabeza y cuello",4,miedo
estoy sintiendo agradecido por los libros york peppermint patties encontrar un compañero de cuarto este año que se ha convertido en un muy querido amigo mío blake,1,alegria
me siento tonto ahora pasando por todas esas cosas.,0,tristeza
me siento miserable cuando trato de hacer otras cosas,0,tristeza
creo que honestamente me sentí un poco vulnerable,4,miedo
yo siento por amarte,2,amor
"sé que al menos otra persona, además de mí, se sentía nerviosa y ansiosa por comenzar.",4,miedo
"no tenía sentimientos particulares sobre él antes, excepto que parecía decentemente inteligente tomando fotos del alienígena en lugar del caos.",1,alegria
siento que eso es una pieza valiosa de conocimiento del consumidor y un elemento de muchas ive añadido a mi bueno saber tiendas,1,alegria
"no creo que mi depresión que he estado sintiendo vaya a desaparecer durante la noche, pero creo que si empiezo a confiar más en dios y rezo más, él me ayudará a ver que no estoy solo.",1,alegria
he tenido un montón de hombres indiferentes en mi vida y todavía se siente extraño tener varios que llaman venir y llegar a mí cuando estoy en mis momentos más débiles,4,miedo
"me siento generoso, así que asumamos que los antiguos marlins igualan su temporada de mayor producción.",2,amor
"sin embargo, me divirtió que también llamó catártica a las últimas palabras famosas, creo que es una de esas personas a las que les gusta secretamente mychem pero no pueden admitirlo por temor a dañar su credibilidad musical.",1,alegria
estaba hablando por teléfono con una de mis mejores amigas el otro día y le dije que no me sentía exitosa.,1,alegria
finalmente permití mis sentimientos y los acepté y yo mismo el límite interno comenzó a disolverse comencé a ver cómo estaba proyectando mis sentimientos reprimidos y creando mucho dolor dentro y alrededor de mí.,1,alegria
me siento agitado hoy,4,miedo
he estado sintiéndome fenomenal recientemente porque tengo los mejores amigos del mundo a mi alrededor que me hacen sentir bien.,1,alegria
siento celos mezquinos o enojo ayer frente a la felicidad de mi esposa y nuestra decisión de acompañar un viaje con la escuela de mis hijos.,3,enojo
"sin embargo, luché con él y no sentí que fuera súper poderoso.",1,alegria
me siento revitalizado y lleno de ambición,1,alegria
yo tan necesitado y había faltado para hacer que el tiempo de costura me siento productivo,1,alegria
me siento como que he llegado a una meseta donde no estoy comprando tanto como yo uso y me siento más satisfecho con mi guardarropa y estilo personal,1,alegria
"realmente no lo espero de alguna manera me hizo sentir tímido, pero luego ha sido una parte del tiempo",4,miedo
"le dije a mi bebé que pateara o se moviera para que papá pueda sentirte como siempre lo hago y, por supuesto, mi lindo pastelito hizo lo que le dije y mi esposo se despertó de su sueño y nos reímos.",1,alegria
espero que te sientas un poco más glamoroso después de leer los amores de pinterest de hoy,1,alegria
no necesitaba ese recordatorio más sus palabras me hicieron sentir como si ella me viera como patético,0,tristeza
"solía nunca besar a nadie, pero he besado a diferentes personas en la última semana y media y no hace falta decir que me siento una pero cachonda",2,amor
estaba cansado de sentirme indefenso y quería tomar el control de la situación.,0,tristeza
conduje de regreso a la playa mirando la cosa en el asiento junto a mí sintiéndome muy deprimido.,0,tristeza
no siento que estoy siendo castigado por el pecado oculto en mi vida,0,tristeza
"los leo, es el único punto de mi día en el que me siento como un ser humano inteligente.",1,alegria
ive tenía mucha más energía no más slugging alrededor de sentirse letárgico después de comida para llevar masiva y atracones de choccy y mi piel comenzó a aclararse al instante,0,tristeza
yo era un forastero y nunca me sentí parte como yo era nuevo que me hizo sentir desalentado,0,tristeza
siento que aprender a no juzgar a la gente es lo más importante que podemos sacar de esta lectura.,1,alegria
no estoy estudiando porque me siento complaciente,1,alegria
"me identifico con ser independiente, a veces con una falla y estar atado todo el tiempo me hace sentir necesitado.",0,tristeza
i macho son estúpidos primero para los bebés llanto de mujer y debe superarlo y te sientes muy bien por poner a los hombres estúpidos en su lugar,1,alegria
"me siento poco impaciente, especialmente pensando en quién el sinvergenza vendrá a imponer su voluntad sobre mí.",3,enojo
odiaba sentirme inadecuado para satisfacer sus necesidades,0,tristeza
necesito ser para mí y las cosas que siento que es importante que mis hijos sepan,1,alegria
"me acerqué a la maestra y le dije que iba a salir por un segundo, realmente no me sentía demasiado bien.",1,alegria
"siento que puedo confiar en mis instintos más que en mi intelecto, pero empiezo a dudar de si mi intuición es tan aguda como debería ser.",1,alegria
"tengo una madre china, algunas hermanas chinas pasaron dos años muy importantes de mi vida en china, así que cuando alguien que sabe todo esto tiene una conversación como la de abajo conmigo, me siento bastante desesperada sobre el poder de la educación.",0,tristeza
creo que las personas que usan modales fulsome solo por razones sociales no están en la cima de la escala de la evolución humana y me siento herido por su comportamiento falso.,0,tristeza
siento que en este punto debería simplemente agregar mis sinceras disculpas a ella por tomar tanto tiempo para comprometer mi etiqueta a mi blog y entregar el bastón a otra persona para correr con ella.,1,alegria
he hecho una pausa a propósito que debo dar un paso atrás y reconocer por qué estoy caminando sintiéndome descontento y luego hacer los ajustes necesarios.,0,tristeza
hice esto todo un href http sensación aturdida,0,tristeza
sé que me ha afectado y la importancia de la belleza está tan arraigada en mí que no creo que deje de sentirme inadecuado de alguna manera por no estar a la altura de la visión estrecha e inalcanzable de la belleza de la sociedad.,0,tristeza
siento que debería escribir la compañía y decir que solo por esta razón necesitan ir más al este.,0,tristeza
"empiezo a sentirme menos agotada, las partes de la vida comienzan a parecer mucho más superables.",0,tristeza
"siento que charlie estaba siendo muy generoso al compartir el crédito de la escritura conmigo, ya que claramente podría haber hecho la música sin mí.",2,amor
"siento que no soy lo suficientemente sociable, así que para los amigos sabios, supongo que no extraño a la mayoría de ellos.",1,alegria
puedo pasar la prueba dos esta vez y me siento mucho mejor acerca de los exámenes principales en mayo del próximo año,1,alegria
"no estoy tan enojado y molesto como estaba en el día, pero me siento asustado ahora",4,miedo
"definitivamente sucumbió a las ventas previas a las vacaciones, pero me siento bien al entrar en la temporada de vacaciones, probablemente no debería decir eso, aunque",1,alegria
honestamente siento en el corazón que deberíamos ser fieles el uno al otro si es tu chica,1,alegria
me siento muy impresionado conmigo mismo porque fui dos direcciones a través de la fila superior y abajo de la columna izquierda,5,sorpresa
siento que algo maravilloso va a suceder,1,alegria
me siento realmente sorprendido a veces en lo que ive venir a través de los últimos meses,5,sorpresa
"me siento ansioso por seguir adelante, pero hasta ahora no me he aplicado completamente a ello.",1,alegria
no siento pena por la sabiduría sé cuántos sleep hui viven para ser ahora y el entusiasmo por el trabajo de construcción socialista de la nueva china,0,tristeza
me siento inquieto por alguna razón hoy,4,miedo
tecleo esto me siento como uno de esos desafortunados animales que queda atrapado en las lavadoras y de alguna manera sobrevive mucho más ligero andrajoso y medio muerto,0,tristeza
estoy sintiendo cachonda ahora mismo,2,amor
debo decir que este cambio de imagen ha sido todo el consumo junto con algunos cambios importantes en el trabajo compañeros de trabajo que tienen bebés y me siento como si hubiera sido una mujer negligente,0,tristeza
siento su mano de gracia sobre mi vida,2,amor
"necesito ser intencional para hacer más cosas como esa, creo que como madre a veces puede sentir que pierde parte de su personalidad, b c tan inteligente como lo son mis hijos, su sentido del humor es yo haciendo una cara tonta y persiguiéndolos por la casa como un monstruo.",1,alegria
"siento que hay otras opciones que no son tan violentas, probablemente más costosas pero igualmente inútiles, así que ¿cuál es el problema de mantener a nuestros hombres y mujeres fuera de peligro?",3,enojo
sé que necesito dormir sintiéndome insatisfecho conmigo mismo por lo que aún tengo que lograr en lugar de brillar con orgullo en todo lo que he hecho.,3,enojo
ya he dicho que soy uno de los muchos que se sienten amenazados y atacados por el gobierno y los medios de comunicación de hoy y he tenido que mirar fuera de mi propia pequeña vida.,4,miedo
"estoy contento de saber la razón de mi reciente lapso de cordura, pero todavía siento que quiero ir en un alboroto muy violento a la menor inconveniencia para mí",3,enojo
siento que la tenencia protege a muchos maestros que son inocentes.,1,alegria
siento que estoy destinado a ser socio de apoyo prestar una mano o un corazón y sin embargo me molesta este sentimiento,2,amor
me siento como me encantan todas las comedias románticas que tienen un tono mixto por lo que algunos de woody allen s trabajo obviamente y jim brooks y algunas de las películas más salvajes earl billy como el apartamento,2,amor
me siento aislado como si estuviera observando,0,tristeza
simplemente siento que lex te ha convencido de que eres algo que no eres martha dijo que sus ojos se ponían brumosos,1,alegria
"supongo que es natural exprimir cada media hora de los últimos cinco días para pasar el tiempo con la familia haciendo recuerdos y con amigos prometiendo más, pero se siente como la vida de otra persona de una manera insensible.",0,tristeza
saqué y le expliqué que no podía sentir mi pene o al menos sentirlo con más sensación que mi dolor de espalda o bolas palpitantes o pezones punzantes.,0,tristeza
me siento muy amargado por todo esto,3,enojo
"podría seguir y seguir en este momento sobre lo que hemos pasado este año y lo que ive aprendió lo que micah podría hacer cuando y tal, pero no lo haré porque este sería un libro y honestamente no me siento fabuloso hoy y micah ha estado lidiando con un resfriado gigante desde el jueves y estamos borrados",1,alegria
yo comer crudamente bondad me siento radiante,1,alegria
simplemente siento que los apoyo,1,alegria
"me siento abrumado por mi circunstancia en toda mi mera humanidad, recordaré que dios ha aterrizado aquí.",5,sorpresa
echo de menos la sensación de ser útil y de poder pensar en algo profesional o lo más cercano a ser apodado así,1,alegria
todavía estoy trabajando en cómo superar la sensación de privación al decir que no a los alimentos que están llenos de azúcar grasa,0,tristeza
"estaba encantado de tener ese resultado, pero como me sentía tan mal, ni siquiera podía celebrarlo hasta que comencé a sentirme mejor, lo que principalmente parece haber ocurrido con un aumento de la dosis de mi hormona de reemplazo de tiroides y estrógeno suplementario.",0,tristeza
"no puedo hablar por nadie más, pero estas actividades también me han ayudado a pasar de simplemente estar bien con ciertos compañeros de trabajo a sentirme amigable con ellos.",1,alegria
"sé que está mal, pero me siento feo",0,tristeza
no puedo blog si me siento inspirado y una vez que lo hago blog pierdo la inspiración,1,alegria
yo tampoco me sentiría tan optimista al respecto.,1,alegria
"llego a ese punto en el que a menudo siento que no tengo nada que perder, así que intentaré cualquier cosa y ese enfoque lúdico a menudo me lleva al siguiente nivel o es un buen momento para una siesta.",1,alegria
probablemente me sentiría mucho menos agotado si tuviera un esposo que pudiera regresar a casa después del trabajo y contribuir a las tareas de crianza y hogar.,0,tristeza
me emociona tanto que me gusta mucho,1,alegria
"me siento apático y letárgico con un toque de ansiedad como si hubiera algo que necesito hacer, pero no sé qué hacer.",0,tristeza
"todavía termino sintiéndome un poco aturdido por la sobrecarga sensorial pura después de pasar un tiempo prolongado en un área muy concurrida, pero hoy no fue demasiado malo y la buena compañía lo compensó con creces.",5,sorpresa
leí en el libro llamada la mujer consciente que de vez en cuando a lo largo de su día usted debe parar y cerrar los ojos y pensar en cualquier cosa que usted puede oír o ver u oler o sentir su clase de un experimento fresco,1,alegria
grito todos los días y todas las noches y nadie oye y mi cara está empezando a caerse y me siento ansioso y asustado todo el tiempo y no creo que sé lo que significa nada más,4,miedo
"estaba un poco acostado en mi brazo desaparecido jugando en la computadora, luego me levanté para dar vuelta a cenar, pero en el camino, los adjetivos de repente, esta sensación extraña en el pecho de mi cuello se sintió como un rebote de electricidad que me sorprendió o algo entonces mi pata izquierda",5,sorpresa
tengo ganas de terminar mi vida como una canción de dañado o algo así,0,tristeza
me siento todo cachonda por alguna razón oh espera yo sé ive tenía como chicos hablar conmigo sobre sexo y cosas un chico dave era como,2,amor
siento que estoy presenciando el nacimiento de un dm realmente increíble,1,alegria
"definitivamente me sentía nostálgica y estaba un poco triste cuando una de mis exposiciones favoritas, el salón de la vida oceánica, estaba cerrado.",2,amor
"siento que las piezas menos exitosas fueron mis dos portadas, ya que las imágenes que utilicé aquí fueron tomadas de fotogramas de películas.",1,alegria
"me di cuenta de que revisar constantemente mi teléfono y la multitarea me hacía sentir apresurado y harapiento en el momento en que llegué a mi destino, incluso si estaba hablando con alguien que realmente me gusta.",3,enojo
me siento honrado de haber tenido el puesto de director de orquesta con cantantes de cavatina,1,alegria
estoy harto de soportar este acoso constante porque eso es lo que es cuando te sientes amenazado y constantemente a la defensiva y estoy cansado de defenderme constantemente ante los demás.,4,miedo
incluso me siento bienvenido en su redil,1,alegria
me molesta que aquellos que compraron boletos y se sentaron a través de la proyección pudieran incluso encontrar distracción con escenas tan ofensivas y sonidos que brillaban ante ellos.,3,enojo
puedo ver una mejora dramática en mis habilidades en el dubied ya y siento que con la práctica podría producir un trabajo encantador en el futuro,2,amor
también he estado sintiendo foto amistoso últimamente como tengo tres coldsores en mi cara,1,alegria
me siento plenamente convencido de que los tatuajes son permisibles para los cristianos,1,alegria
espero que aquellos de ustedes que actauly encontraron esto y lo lean se sientan posiblemente inspirados para salir y comprar algunos de estos artículos o incluso pasar por el almacenamiento y ver qué ropa tuya guardó tu mamá y que todavía tengas la esperanza de encajar y mezclar tu guardarropa para este verano y divertirte un poco.,1,alegria
"me siento patético, no puedo aceptar el rechazo, ¿por qué no me llamas?",0,tristeza
me siento satisfecho si terminé de hacer mi revisión antes de los exámenes,1,alegria
me siento sintiéndome generalmente satisfecho y me inclino en el banco y tomo un cigarrillo georges iluminado para mí y me pregunta cómo te sientes hombre,1,alegria
"me siento tan patético que me agacho a ese nivel, pero realmente solo quiero ser feliz con lo que sea que tenga.",0,tristeza
me siento aventurero y mi cesta de lavandería,1,alegria
me siento un poco aventurero me puse el artista rojo del rouge del lápiz labial e intenso de compensar para siempre,1,alegria
me preocupa que mi instinto de no dejar caer aol que rápidamente sobre no confiar en verizon no era solo paranoia,1,alegria
"quiero decir delante de ti, pero la sensación de vergenza viene y mi boca es tonta no puede decir que te amo mucho, sé que no te gusto porque delante de tu ojo no me gusta lo que piensas en tu mente, pero esa no es una razón por la que no me amas bien",0,tristeza
me siento muy irritado y molesto hoy,3,enojo
siento que estoy condenado por el resto de mi vida,0,tristeza
me siento agitado y ansioso y simplemente extraño,4,miedo
realmente me siento vacilante,4,miedo
he pasado las últimas semanas sintiéndome un poco inseguro si lo harás.,4,miedo
lo recuerdo sintiéndome desanimado,0,tristeza
me siento tan cabreado que puedo morder un maldito tronco de árbol,3,enojo
llevo esta historia como una protección de sentir la vulnerabilidad de simplemente amar y depender de otro ser humano.,2,amor
me siento inútil y asqueroso y no puedo encontrar una cosa positiva sobre mí mismo.,0,tristeza
"siento que si les pido que se queden por mí, entonces soy el egoísta a pesar de que son los que hacen planes que saben que no puedo hacer con ellos.",3,enojo
"lo siento amma si te hice sentir mal, pero yo estaba siendo honesto",0,tristeza
me siento tan apasionado por la utopía es mi deseo de paz en esta tierra turbulenta,2,amor
descubrí esta sensación de ser un adulto exitoso cuando decido hacer y disfrutar de una comida que llega al lugar.,1,alegria
me siento vanidoso al informar de los acontecimientos cotidianos en mi vida,0,tristeza
me encanta el oso polar en el fondo sintiendo un poco de cámara tímida en este momento,4,miedo
ni siquiera tuve tiempo de sentir celoso estaba tan ocupado fijando sus fotos y escribiendo un href http nanashi,3,enojo
estoy golpeado por la enfermedad me siento como si yo soy una persona falsa que no podía vivir su verdad,0,tristeza
tengo la sensación de que mi planta pudo haber sido impactada por la temperatura,5,sorpresa
me siento agotado y totalmente agotado hoy,0,tristeza
comencé a sentir mi dolor en el brazo izquierdo,0,tristeza
me siento satisfecho y complacido después de obtener buenas calificaciones en exámenes o elogios de los maestros por un buen rendimiento.,1,alegria
"todavía me siento bien por el hecho de que soy más pequeña que ella ahora, pero ese no es el impulso que me trajo aquí.",1,alegria
estoy satisfecho con la última entrega y sintiendo un poco de melancolía,0,tristeza
"soy un sentimiento extremadamente positivo, una energía divina que solo puede llevar nuestro barco tembloroso a la orilla.",1,alegria
te aseguro marilla que tengo ganas de rezar esta noche y voy a pensar en una nueva oración especial a href http www,1,alegria
puedo mirar hacia atrás y sentirme satisfecho de haber salvado a todas esas culturas de un destino terrible y que mi tiempo dedicado al trabajo no fue en vano porque los resultados de mis esfuerzos beneficiarán a los estudiantes en las próximas décadas.,1,alegria
siento que es una necesidad que expreso mi sincera apreciación por todos sus esfuerzos,1,alegria
"todavía no me siento estos días, pero abrazarlos casi siempre me hace sentir un poco mejor.",1,alegria
yo me sentía bastante podrido,0,tristeza
no estaba sola o loca por sentirme tan descorazonada,0,tristeza
"me siento nervioso, pero él está en control muy pronto",4,miedo
"lo hice para trabajar, pero me siento un poco aturdido",0,tristeza
lo estoy sintiendo y realmente está bien,1,alegria
"de hecho, me siento esperanzado",1,alegria
me di cuenta de que algo estaba mal cuando empecé a sentir que todos me odiaban y estaban diciendo cosas sobre mí y solo querían hablar conmigo porque me compadecían.,3,enojo
también tengo una increíble comunidad de amigos y artistas que me siento aceptado por y con quien sé que pertenezco.,1,alegria
estoy sorprendido de que ella está sorprendido por lo que he dicho y empezar a sentirse consternado a medida que se vuelve cada vez más comprensivo en sus respuestas hacia mí,0,tristeza
me quedé sintiéndome un poco desanimado,0,tristeza
no me sentí enojado no me sentí amargado me sentí,3,enojo
"creo que hay presentaciones de calidad por ahí, pero los autores se ajustan más a escribir en géneros que sienten que serán aceptados por un editor.",1,alegria
siento que viene otro sueño violento y apuesto a que tiene algo que ver conmigo al ponerme un disfraz de santo.,3,enojo
"primero tuve cordelia no sentí una fuerte necesidad de correr, que es extraño para mí, pero ha vuelto",1,alegria
estoy sintiendo cada pedacito de la perra vengativa rencorosa que puedo ser a veces,3,enojo
"acabo de terminar un largo día de trabajo y me siento un poco sentimental y han pasado unas semanas, así que pensé en seguir aquí y escribir algunas palabras.",0,tristeza
realmente me siento como tratando de ser lindo todos los días,1,alegria
"siento que cada vez que blogueo estoy transmitiendo una historia sobre la maravillosa comida que tuve que sentarme y admirar, pero es un gran problema.",1,alegria
"me sentí tentado al principio a nombrar uno de los muchos proyectos que la arquidiócesis tiene en marcha que me apasionan, como la restauración de la catedral de san patricio o el plan estratégico para nuestras excelentes escuelas católicas.",2,amor
"conozco el entorno en el que vivo, todos sonreímos y educadamente saludamos, pero tengo mis momentos de sentirme absolutamente horrorizado por lo miope que puede ser la gente.",3,enojo
yo estaba hablando mucho de eso a mí mismo porque bien me siento muy descontento donde estoy en la vida,0,tristeza
me siento lo suficientemente egoísta como para comenzar esta hermosa bufanda para mí,3,enojo
me gusta salir con él es lo extrovertido que es lo que me hace sentir más a gusto porque soy un poco tímido,4,miedo
siento que algunas personas van un poco por la borda con una cara de pastel o simplemente demasiado y terminan pareciendo súper antinaturales.,1,alegria
"creo que ese marco de tiempo va bien, estoy interesado en ti, lo más probable es que podamos repetir esto una vez más y luego la mujer puede sonreírte y reclamar que la chica también ama.",1,alegria
me encanta esa sensación vertiginosa de encontrar a alguien un poco lindo y querer saber más sobre ellos,1,alegria
"creo que eso es exactamente lo enfermo que me encanta mi año en la escuela, pero todos se fueron al mismo tiempo, mientras que se siente muy triste dejar atrás a todos mis amigos de años en el departamento de música, así como el año con el que trabajé durante años y mis increíbles alumnos de violín.",0,tristeza
no recuerdo haberme sentido nunca despreocupada,1,alegria
"me sentía un poco desanimado porque estaba atascado, pero hoy me demostré a mí mismo que puedo hacer cosas que no pensé que podía hacer.",0,tristeza
aprendí mucho sobre el maravilloso mundo de beaubronz y siento que esta hermosa marca de bronceado encaja perfectamente con mi último mantra robado de mis pestañas de boudoir.,2,amor
"me siento inseguro de cómo manejar una nueva fase en la que uno de mis hijos está o me siento mal por cómo he manejado una situación, este libro es un claro recordatorio para mí de que mi trabajo es ayudar a enseñarles a cada uno cómo tomar buenas decisiones.",4,miedo
me sentía un poco decepcionado en realidad y en silencio deseando que estos todavía no estuvieran pavimentados ahora.,0,tristeza
me siento increíblemente decepcionado de mí mismo,0,tristeza
me siento muy bendecido y agradecido de que vivo en los estados unidos de américa con las libertades que disfrutamos y la oportunidad de votar mañana por nuestro próximo presidente.,2,amor
siento el frío más que él,3,enojo
me siento un poco vacilante sobre todo teniendo en cuenta mis dos experiencias pasadas y el hecho de que voy a comenzar una nueva novela mientras trabajo en mi wip actual porque siento que sería hacer trampa para contar las palabras en mi wip actual a pesar de que solo soy sobre palabras en él,4,miedo
me siento la necesidad de golpear uno de mis queridos fuera de mi lista para hacer espacio para hugh laurie aka dr,1,alegria
"cada vez me preocupo más no solo por mis futuras hijas, sino por todas las chicas que están tratando de sentirse aceptadas por los estándares del mundo.",2,amor
siento que necesito enfatizar que porque estaba muy impresionado con el color de la misma,5,sorpresa
puedo ofrecerte lo que se siente cariñoso contigo,2,amor
"estoy muy agradecida de que, aunque las cosas son un poco abrumadoras, él haya enviado personas a nuestras vidas para ayudarme a no sentirme tan neurótica.",4,miedo
lo siento pinging mi cerebro y no es agradable,1,alegria
no me siento todo lo que molesta por ella para ser honesto,3,enojo
"veo maravillosos padres piadosos cuidando de sus hijos, alabo a dios a pesar de que me siento celoso.",3,enojo
me siento muy mezquino en este momento porque estoy extremadamente enojado porque estoy quebrado en este momento y me molesta.,3,enojo
"estoy desgarrado por la situación porque sucede mucho, pero me han apoyado y siento que debería estar apoyándola de nuevo ahora",2,amor
siento que tuve suerte como un trébol de cuatro hojas,1,alegria
me siento tan privilegiado que dios hizo este plan para nosotros.,1,alegria
no siento que estoy insatisfecho porque no tengo cosas creo que estoy insatisfecho porque no mucho está cambiando en mí y todavía me siento mal a veces,3,enojo
no estoy seguro de cómo me siento.,5,sorpresa
me siento bastante oficial krupke y en algún lugar,1,alegria
siento que estoy sufriendo de un mal caso de solo quiero dormir la siesta,0,tristeza
el primer día que visité el hospital estaba disgustado porque experimenté olor ofensivo que nunca esperé que casi me escapé del curso,3,enojo
"tuve que hacerme un análisis de sangre ayer, así que tal vez me siento particularmente aficionado en este momento debido a la aguja del médico que estaba dentro de mí y el tiempo que pasé con la cabeza mareada de una mujer de diecinueve años que no comía carne.",2,amor
me siento abrumado y me siento derrotado,0,tristeza
estoy feliz de decir que me siento mucho más creativo de lo que tengo en mucho tiempo,1,alegria
"me siento un poco mal, no es tan malo como lo era hace dos semanas.",0,tristeza
he sido pateado en el estómago por el trastorno alimentario tantas veces que me siento un poco entumecido,0,tristeza
"siento que el núcleo de la canción la melodía debe ser respetada, así como las letras, pero el resto puede ser debe ser cambiado",1,alegria
escribo en este espacio me siento bastante nostálgico y mi mente regresa a los buenos viejos tiempos cuando usé esto como un refugio diario para estacionar mis aprendizajes y recuerdos.,2,amor
"subrayé que te hace sentir cada vez que escucho que él se refiere a mí como suyo o especialmente su precioso hijo, me siento tan maravilloso.",1,alegria
tengo un mal presentimiento sobre algo que debe ser respetado,1,alegria
"siento que está bien tener relaciones sexuales, pero debes ser plenamente consciente de lo que sucede debido a esa acción y saber sobre los diferentes tipos de protección que hay para prevenir el embarazo.",1,alegria
"no puedo hacerme sentir alegre, pero puedo concentrarme en lo positivo.",1,alegria
me siento juguetón voy a decirle a mi novio y si él no lo siente demasiado tal es la vida es su pérdida,1,alegria
expreso zooms con todas sus fallas y debilidades y entretengo sin parar de una manera bastante extraña donde te sientes bastante inadecuado de que algo no está completamente bien de que algo mejor se podría haber hecho con un poco de aplicación un poco de mejor narración.,0,tristeza
me siento bien me siento más consistente con mi entrega lanzando más golpes dijo liriano,1,alegria
"leí demasiado sobre el descubrimiento y la exploración en el salvaje oeste y, aunque siento que esos conceptos son preciosos al participar en ellos, a menudo yo mismo, este libro solo trae una sensación refinada cuando me siento en la silla durante un tiempo tranquilo.",1,alegria
me siento sospechoso si no hay nadie fuera como el rapto ha sucedido o algo así.,4,miedo
admito que me siento amargamente sorprendido de lo rápido que han tirado la toalla.,5,sorpresa
me siento tan tonta hablando de esto que me siento como una adolescente emo llorón que tiene tantos problemas y que está demasiado enamorada de su novio temporal,0,tristeza
me siento de ya no estar agobiado con los que tengo que dar la punta del pie alrededor y tener cuidado con lo que estoy diciendo o sintiendo es increíble,0,tristeza
quiero ser capaz de entrar en ella sin sentirse raro en un traje de baño,4,miedo
me siento muy abrumado,5,sorpresa
"siento que es dudoso, pero entonces de nuevo podría estar equivocado",4,miedo
"simplemente siento que no me gusta apoyar a walmart porque maceys tiene buenos valores familiares y está cerrado los domingos y no está tratando de hacerse cargo de las tiendas de mamá y papá, pero también tengo que ser un consumidor inteligente.",2,amor
me enojo con mi cerebro por disminuir la velocidad en el verano y me he frustrado porque mi trabajo no se hace y me olvido de las cosas y en la parte superior de ella me siento mal para una buena parte del año,0,tristeza
quiero que la chica que amo se sienta amada y sea amada,2,amor
iv solo se ha sentido extremadamente marginado e inseguro,4,miedo
me siento estúpido e incapaz y no sé lo que quiero hacer y el trabajo es estúpido y solo durante las próximas dos semanas y estoy cuestionando todo,0,tristeza
"supongo que se siente mal porque fue un poco escéptico de su dolor en los últimos meses, ella tuvo un hábito de hipercondría y exageración en el pasado, aunque nunca la cuestionó abiertamente al respecto.",4,miedo
tenía miedo de explotar mis músculos bloqueados en su lugar y todo lo que podía sentir eran las sensaciones absolutamente extáticas que estaban creando las manos de la hiedra.,1,alegria
me siento tan aliviado como finalmente sabía lo que estaba pensando cómo me sentía,1,alegria
"siento que toda la música tiene algún valor artístico, pero con tanta música por ahí es pop moderno realmente vale la pena invertir su tiempo en",1,alegria
me fui sintiéndome nostálgico y solo,2,amor
"quiero decir, como algo grupal, se sintió bien entrar allí y agregar algo relevante para nosotros, pero todavía no me siento realmente delicioso como una herramienta para mí.",1,alegria
supongo que se sentía bastante vacilante,4,miedo
"siento que hay personas muy inteligentes que pueden contar todos estos números, pero no soy uno.",1,alegria
recuerdo sentirme tan furioso con el tirador,3,enojo
me fui rubia me sentía aventurera y un poco perdida en quien era como persona,1,alegria
me siento tan terriblemente que he ignorado su dulce correo electrónico hasta ahora,0,tristeza
me siento raro por qué rara vez la gente come allí,4,miedo
me siento un poco aturdido esta mañana por no hablar de un dolor de cabeza,0,tristeza
"no sé, pero me gusta ver películas donde el dolor trasciende en mí como puedo sentir mi corazón dolorido o puedo llorar un cubo de lágrimas",0,tristeza
me siento inseguro de mi equilibrio,4,miedo
me las arreglé para poner fin a todas las cosas que había estado haciendo que me dejó sentir arrepentido y miserable todos los días,0,tristeza
"me siento generoso para que puedas elegir cualquier razón que te guste, pero asegúrate de seguir los consejos de tus sabias madres para que no sientas la necesidad de llevar todo esto a los tribunales.",1,alegria
me siento tan privilegiado de haber experimentado todos los lugares encantadores que he podido visitar a lo largo de los últimos años.,1,alegria
me siento cachonda y le pedí que me mostrara su cámara y ella me mostró y le pidió que me mostrara su cuerpo y hacemos un gran sexo cibernético ese día,2,amor
"dije anteriormente que se sentía ignorado desde que llegó el bebé, pero ahora está volviendo a la normalidad a medida que se le presta atención también.",0,tristeza
siento que debería tener un poco de vino o algo que me divertía,1,alegria
"siento que he estado esperando toda una vida para estar en esta experiencia en desarrollo, ya que siempre estoy emocionado de compartir lo que sea que estoy aprendiendo que se está desarrollando para que todos experimentemos con plena conciencia.",1,alegria
me siento artístico un href http boredwithquinn,1,alegria
"siento fuertemente que en este momento de mi vida ya no estoy deseando caminar por este camino en el que estoy y para ser sincero, no tengo ni idea de a dónde voy con mi vida desde aquí.",1,alegria
"me frustra que no camine flotando en el aire viendo lo bueno en cada bache de la acera, tropiezo en golpearme a mí mismo por sentirme inseguro y asustado.",4,miedo
"siento que la gente realmente no me quiere en su compañía, pero tampoco quieren herir mis sentimientos.",0,tristeza
creo firmemente que no debería tener que gastar mucho para sentirse fantástico y me encanta mezclar robos de estilo con artículos de gama alta.,1,alegria
siento que me horrorizó ver un apóstrofe mal utilizado en la bbc y una ortografía incorrecta en itv la semana pasada,3,enojo
"sigo volviendo a él, pero se siente terriblemente egoísta de mí sentir este bajo este negativo cuando hay tantos en posiciones mucho peores que yo",3,enojo
entonces me pregunto si la chica quiere casarse conmigo y contemplar ese sentimiento un poco descorazonado,0,tristeza
tomé un sorbo esta noche y me siento agradablemente suave,1,alegria
estoy diciendo que me siento impotente ahora que tengo que caminar sobre los dedos de los pies,4,miedo
me sentí dudosa y la imagen que apareció en mi mente fue de lidiar con un gran nudo en el cordón de mis zapatos y luego sentirme frustrada.,3,enojo
me siento aborrecible por decir eso,3,enojo
siento que necesito enfrentarme al mundo y dejar de tener miedo de las repercusiones.,4,miedo
me siento un poco abrumado aquí recientemente,5,sorpresa
creo que cada vez que nos mudamos a un nuevo lugar que tenía que encontrar alguna manera de sentirse aceptado,1,alegria
me siento como el individuo más ingenuo sobre la faz del planeta en este momento.,0,tristeza
"quiero decir que me siento aún más disgustado conmigo mismo después de que ive se mudó aquí cuando generalmente solo estoy disgustado con la raza humana en general, algo así.",3,enojo
he estado ocupado complacer a la gente que actualmente me siento tan arrepentido de hoy,0,tristeza
me siento como una hoja en blanco,0,tristeza
estaba comprando ropa que me hacía sentir incómoda solo por lo que me aceptaron,1,alegria
siento que tienes que ser muy seguro de sí mismo con el fin de hacer eso,1,alegria
siento que me perdí tanto que quiero absorber todo lo que pueda,0,tristeza
"iba a llorar en un momento podía sentir un nudo en la garganta, pero logré detenerlo ya que estaba más distraído por la idea de hacer todos mis votos bien.",3,enojo
me siento más convencido de que no quiero dejar esto ir,1,alegria
me siento tan jodidamente rebelde todas las reglas y su tan regimentado como si la clase comienza en ellos están tomando rollo en,3,enojo
voy a perforar en el alma de los sujetos con una mirada helada hasta que se sienta tan perturbada como yo y se vaya.,0,tristeza
estoy sintiendo todo lo romántico y las cosas que llevo emily al club para comer el club de sam que es,2,amor
me siento frustrado y no puedo ver una manera de salvarlo,3,enojo
"siento que al final de una carrera no es porque rompí un récord personal o disfruté de la niebla que se eleva sobre el paseo marítimo durante el amanecer, es la sensación de logro saber que golpeé mi mente",0,tristeza
siento que va mucho más allá de la reverencia artística,1,alegria
me siento respetado donde trabajo,1,alegria
no puedo evitar sentir que me romperás de nuevo y que podrías no ser tan fiel como pareces.,2,amor
siento algún tipo de conexión sincera con todos con los que hablo mientras trabajo.,1,alegria
realmente pensé que después de tenerla dejaría de sentirme dolorida cuando me enteré de que otras personas se quedaban embarazadas.,0,tristeza
estoy muy emocionado de que me siento como estoy de vuelta donde estaba cuando empecé oh tan fabulosa terapia,1,alegria
"solía tirar twd como un ejemplo de doble excelencia cada vez que alguien defendía una historia de superhéroes tediosa, pero recientemente siento que los problemas individuales están sufriendo un poco.",0,tristeza
hago algo que te hace sentir molesta,3,enojo
me siento tan violento solo quiero romper un poco de vidrio,3,enojo
me encanta ser capaz de usar pantalones de pista en el tiempo del día con los puños enrollados con tobilleras y zapatos planos de ballet me encanta ser ridículamente cálido y sentirse presumido como veo a la gente luchando con bolsas con sus grandes abrigos con bolsillos como estos que necesita bolsas,1,alegria
siento que hago un trabajo horrible en retribuir desde este ángulo debido a mi propio horario de carreras y entrenamiento.,0,tristeza
me siento como una persona horrible a href http bryangregorylewis,0,tristeza
ideé a mí mismo en lugar de me había sugerido la distribución de flores y im esp satisfecho como compré las flores cuando no tenía mi tarjeta de banco se siente mucho más difícil de ser generoso cuando tiene que ser especialmente cuidadoso con el dinero y ahora me pregunto si esa fue la lección de perderlo,2,amor
realmente quiero que este estilo de vida saludable se convierta en un hábito en lugar de una necesidad porque en este momento me siento como un niño travieso al que se le niega la lata de galletas y enojado por dejarme poner peso en primer lugar.,2,amor
"en realidad me sentía un poco apático y desmotivado a principios de esta tarde, pero luego tomé una taza de café de mediana potencia en eso y ahora estoy estallando en las costuras",0,tristeza
"me siento súper perezoso sin capturas de pantalla que lo guíen hoy p, por lo tanto, lea cuidadosamente antes de continuar",1,alegria
me siento mezquino por pensar como si me sintiera estúpido porque dejé que las cosas me llegaran tan fácilmente.,3,enojo
me siento como ser sociable más,1,alegria
escucho ese pájaro sé que todo está bien y me siento seguro,1,alegria
termino sintiéndome exhausta por el resto del día.,0,tristeza
me siento dentro o cómo esa persona creativa parece haberse ido.,1,alegria
siento que el número es lo más importante en el futuro porque sentí el cambio en mi confianza y mojo tan pronto como llegué a la s,1,alegria
estoy muy atrás con mi trabajo en la novela de fantasía y me siento muy frustrado,3,enojo
siento que realmente me estoy instalando en mi vida aquí y finalmente estoy de vuelta en la españa que echo de menos durante más de años.,0,tristeza
"im de ninguna manera enorme, pero como im solo encuentro que cualquier peso extra en absoluto me hace sentir muy incómodo en mí mismo, así como mi ropa",4,miedo
"me siento esperanzado acerca de muchas cosas, lo cual es bueno.",1,alegria
"estoy muy emocionada por su cumpleaños, pero me siento súper nostálgica al respecto",1,alegria
siento el empujón decidido del espíritu santo para poner fin a mi sueño y amor propio,1,alegria
"no estoy seguro de cómo mis padres se sienten acerca de esto, pero mis abuelos manchester tía y tío están extasiados por mí",1,alegria
siento que debe ser una opción popular tener alteraciones hechas en otro lugar,1,alegria
me siento como blair solo quiere ser amado,2,amor
"empiezo a odiar el hecho de que cada vez que publico algo, eventualmente terminaría conmigo escribiendo sobre lo solo que me siento porque no tengo ninguna pareja romántica.",2,amor
me siento absolutamente asombrado por la historia que se desarrolla en mi vida,5,sorpresa
creo que estoy enojado conmigo mismo por sentirme hastiado después de solo cinco meses de enfermería.,0,tristeza
"me siento loco, ¿cuál es tu",3,enojo
tengo mis galletas favoritas en la casa de avena chip de chocolate y es difícil mantenerse alejado de ellos ya que im se sienten bastante desalentados últimamente,0,tristeza
me siento como una persona horrible y podrida por pensar que esta es la cosa más aislante que una mujer puede pasar y algunos días siendo dura no es una opción.,0,tristeza
me siento muy confiado en los últimos tiempos,1,alegria
sentía pena por mí mismo por qué yo,0,tristeza
me siento tan honrada y por suerte para mí que puedo publicar tarjetas,1,alegria
"me siento como en un lugar tan extraño en la vida, nadie a quien cuidar y nadie a quien le importe.",4,miedo
"ya no soy un fan brillante quiero decir que me gusta brillo sutil, pero esto es un poco como brillo de miedo donde siento que mis ojos son súper obvios y de aspecto aterrador",1,alegria
estaba sintiendo alegría felicidad éxtasis triunfo o amor me sentí satisfecho de alguna manera,1,alegria
"he experimentado muchas de las experiencias que menciona y, lamentablemente, esto me hizo darme cuenta de que la mayoría de las mujeres sienten que sus carreras profesionales serán determinadas de alguna manera por sus parejas si las apoyan o no.",1,alegria
salgo de la reunión sintiéndome más que un poco desanimado,0,tristeza
solo tengo una extraña sensación de que no había nada inocente en lo que eran script text javascript src http partner,1,alegria
me siento agitado al respecto,3,enojo
me siento asustado en lugar de acurrucarse como un puercoespín amenazado,4,miedo
¿cómo te sientes acerca de ti mismo entrenar en vano describir su ex novia novio fresco confusión describir su actual novio novia cuál es mi nombre,0,tristeza
me siento poco importante tan inadecuado,0,tristeza
no voy a seguir sobre las ansiedades que estoy sintiendo acerca de esto es ser tan neurótico como yo acerca de esto.,4,miedo
"siento que alguien ha sido perjudicado cuando siento que he sido perjudicado o cuando me enfado contra una acción que encuentro ofensiva, desenvaina mi espada y mi buen señor.",3,enojo
no quería caminar pasado allí por si los clientes se sienten perturbados,0,tristeza
me siento sorprendido de decir que estoy haciendo lo que sólo soñé con hacer de nuevo,5,sorpresa
fui a la inscripción pasó un sin incidentes cinco minutos sintiéndome profundamente divertido,1,alegria
enfermo encontrarte todos los días si no te sientes molesto,3,enojo
tengo la sensación de que él no está impresionado conmigo,5,sorpresa
podría hacer un poco de autoanálisis solo para mostrarles cómo hacerlo ustedes mismos si lo desean o hablaré sobre ciertas actividades o ejercicios que lo ayudarán a sentirse mejor o a convertirse en una mejor persona.,1,alegria
"los pondría a ellos y a sus sentimientos antes que a los míos, por lo que dije que era una locura.",3,enojo
me he encontrado a mí mismo mucho últimamente me siento desanimado acerca de muchas cosas en la vida,0,tristeza
"lo pienso, me siento un poco avergonzado de mí mismo porque he estado blogueando regularmente todo el año y no ha sido tan difícil.",0,tristeza
tenía que endurecer mi corazón para endurecer mi piel con el fin de protegerme de sentirme completamente devastada.,0,tristeza
me siento realmente solo y me siento como si me faltara una parte de mí mismo,0,tristeza
"aprendió que la gente olvidará lo que dijiste que la gente olvidará lo que hiciste, pero la gente nunca olvidará cómo los hiciste sentir, demostró que nuestro trabajo creativo puede ser una forma de mostrar amabilidad.",1,alegria
siento que es verdad que la diversión siempre radica en tener una idea y verla realizada y no tanto en el objeto o meta.,1,alegria
me sentía muy deprimido todos los días en medio de tener la vida de mis sueños.,0,tristeza
tengo la sensación de que se apresuró a,3,enojo
no me siento demasiado aficionada a la mayoría en este preciso momento.,2,amor
siento esta extraña sensación de importancia de la vida y el mundo cuando miro las estrellas toda la noche.,4,miedo
echo de menos a mis amigos amp me siento negligente,0,tristeza
honestamente esperaba que te despertaras un día sintiéndote terrible llorando sangre.,0,tristeza
i walia se siente sospechoso acerca de tarun y bani,4,miedo
siento que son perfectos si eres demasiado perezoso para arreglar tu cabello,1,alegria
me siento fuerte y disfruto de la fuerza de mi cuerpo sintiéndome bien sobre lo que puede hacer y cómo se ve mientras lo hace.,1,alegria
"prefiero sentirme valorado que simplemente ahorrar dinero, prefiero trabajar con personas que conozco personalmente.",1,alegria
estoy empezando a sentirme un poco más bienvenido en las sesiones.,1,alegria
uso emoticonos porque sería incómodo escribir me siento divertido por lo que está escribiendo en este momento en lugar de xd,1,alegria
"admitir que él es un buen diseñador, pero siento que es totalmente falso",0,tristeza
siento que el mensaje es demasiado cojo o algo así,0,tristeza
"hice un trabajo espiritual realmente valioso y crecí, por supuesto, pero salí de todo sintiéndome más fuerte, no más suave.",1,alegria
"sé que los entusiastas de los autos son un poco tribales y todos están empezando a sospechar de un periodista de autos que se volvió hacia el lado oscuro, pero no se preocupe, todavía prefiero cuatro ruedas a dos.",4,miedo
me siento honrado de convertirme en periodista en su blog dedicado a este increíble concurso de canciones que es eurovisión.,1,alegria
me siento deliciosa absolutamente querida y deliciosa,1,alegria
"puedo controlar soy yo y si la gente siente que les hice daño voy a hacer todo lo posible para solucionarlo, pero algunas personas que no se puede hacer feliz",3,enojo
no me sentí aceptado,1,alegria
"puedo sentir lo que él está sintiendo, pero no del todo porque este es su propio hermano amado.",1,alegria
"estoy convencido de que ser alentados a ser obedientes a los mandamientos de dios cuando se hace con compasión y amor por los miembros de la familia de la iglesia no nos deja sintiéndonos abusados atrapados y sin esperanza, sino fortalecidos, esperanzados y apreciados tanto por dios como por su iglesia.",0,tristeza
no puedo evitar sentirme un poco aprensivo mientras tanto.,4,miedo
ive se sentó allí y se preguntó por qué un chico que me gustaba no me ha enviado un mensaje de texto llamando no es realmente lo mío que me hace sentir demasiado incómodo o por qué cuando parece que todos los esfuerzos por lo contrario no va a tomar una oportunidad en mí como su novia,0,tristeza
me siento profundamente ofendido por parte de la retórica y el comportamiento de algunos de los líderes de apc y no se puede esperar que permanezca en silencio ante tales expresiones.,3,enojo
me siento nostálgico de viajar lejos de mi país mi familia y mis amigos no porque no me gustan,2,amor
im feeling juguetón lleva al usuario a un doodle interactivo de google como el de pac man,1,alegria
encuentro nuevos amigos voy a tratar más duro para hacer que se queden y si decido que no quiero sentirme herido de nuevo y sólo montar el último año de la escuela por mi cuenta voy a tener que tratar más duro no me importa lo que la gente piensa de mí ser un solitario,0,tristeza
"me siento súper mal de que la acción de gracias parece desaparecer más y más cada año, pero estaría mintiendo si dijera que no estaba emocionado por el tiempo oficial de navidad.",1,alegria
me siento avergonzada y avergonzada cada vez que alguien es ejecutado en los estados unidos.,0,tristeza
"alcanzo para su mano sentir su calor, una extraña conexión misteriosa, el mayor mar de vidas íntimamente compartidas y animadas por una ola de amor, la esperanza y la alegría se rinden a su mayor oleada trascendente, dejándome llevar a donde quiera que vaya.",4,miedo
yo siento que ella fue agraviada,3,enojo
continúo sin alva y noe pero le digo que enfermo estar fuera en el curso como ella es y después de un rato intento correr e incluso que se siente bien,1,alegria
siento que esto no es ni impaciente ni idiota y aquí hay algunas razones por las que,3,enojo
"me siento impresionado de discutir el pecado de nuevo, aunque no sé por qué",5,sorpresa
ignoro a las personas que hablan cuando ya me siento herido,0,tristeza
he estado sintiendo muy rencor últimamente así que creo que enfermo sólo sentarse aquí y escuchar a rammstein,3,enojo
me siento ligeramente irritable pero generalmente nivelado y en realidad no de mal humor,3,enojo
puedo evitar que otro escritor pase cuatro años para llegar al punto de sentir que puede publicar su trabajo y ser aceptado por los lectores que realmente habré logrado ese objetivo.,1,alegria
me siento tan vigorizado y refrescado después,1,alegria
"yo quería, pero sin saber nada al respecto, entré en el país de los caramelos de maquillaje con aspecto demacrado y me fui sintiéndome radiante con una bolsa llena de productos, por supuesto.",1,alegria
siento que es defectuoso,0,tristeza
viví su vida sin el sentimiento de aceptación que sentía como si los problemas y la miseria la siguieran a todas partes y que todos la odiaban por eso.,3,enojo
siento por las personas o ser aceptado por ellas,1,alegria
me encontré trabajando fuera de detroit especializado en literatura cristiana lol im sintiendo un poco mal esta noche,3,enojo
volví y por alguna razón mi mente se siente en blanco,0,tristeza
me siento especialmente irritado,3,enojo
siento que ahora tengo una cohorte de personas a las que acudir cuando tengo preguntas sobre lo que estoy haciendo a medida que apoyo el programa de salud pública de mi institución.,1,alegria
me siento realmente excluido y algo insatisfecho con todo,3,enojo
ive siempre anhelaba sentir la ternura amada de un padre,2,amor
"actualmente siento que sabes que ese tipo de sentimientos desesperados devastados atrapados en el interior como en algún lugar entre gritar y llorar más como si quisieras cortarte la muñeca, pero tienes miedo de la muerte.",0,tristeza
no voy a mentir me siento un poco insultado,3,enojo
ya estoy sintiendo nostalgia por la serie de guerreros del estado dorado de san antonio y aún no ha terminado,2,amor
me siento esperanzado y emocionado de que esto solo mejorará y será más divertido a medida que avanzamos.,1,alegria
comencé el rocío más allá de tener una muestra positiva del sur para alentar a los escritores de todas las experiencias y niveles de avance a sentirse cómodos compartiendo su trabajo.,1,alegria
no me siento tan relajado cuando duermo debido a esto,1,alegria
me fui sintiendo cualquier cosa menos valorado y me encontré sintiéndome discriminado,1,alegria
me siento generoso y ayer fue mi año tpt aversario y he aflojado en el blogging desde la semana pasada como ive estado enfermo,1,alegria
siento que puedo confiar en mis fieles bloggers,2,amor
tengo miedo me siento ignorada me siento feliz me pongo tonta me ahogo en mis propias palabras hago deseos tengo sueños y todavía quiero creer que cualquier cosa puede pasar en este mundo para una chica ordinaria como tú como yo para una chica ordinaria como tú como yo ¿cómo estás?,0,tristeza
"puede que nunca tenga una novela más vendida, me siento alegre y viva cuando escribo, así que escribo",1,alegria
id se siente paranoico acerca de quedarse calvo,4,miedo
siento tanta gratitud por los generosos regalos que recibimos el día de nuestra boda hace más de años.,2,amor
"no me siento demasiado inspirado, ya que no ha dejado de llover en al menos una semana aquí, ¿cómo se ve el sol de nuevo?",1,alegria
"im sensación positiva, pero es imposible describir la adrenalina ocupada agotada lleno locura de tener un bebé prematuro en el nicu",1,alegria
"no estoy exactamente seguro de por qué, pero al menos todavía estoy durmiendo bien y generalmente me siento bien cuando me despierto por la mañana",1,alegria
"decidí ver si podía localizar a margaret o jeff, ya que siento un anhelo de saber cómo son.",2,amor
siempre me ha gustado usar la fragancia original para refrescar y perfumar ligeramente mi cajón de ropa interior para sentirme magníficamente glamorosa y femenina,1,alegria
"puedo garantizar que los lunes no se sentirán la mitad de aburridos cuando te prepares para ellos con un domingo encantador lleno de buena comida, grandes sonrisas y placeres simples.",0,tristeza
necesito ser tan abierto con ellos como lo soy con algunos de mis amigos cuando siento que me han hecho daño.,3,enojo
odio la expectativa de que debo necesitar a un hombre en mi vida para sentirme valioso o valorado.,1,alegria
he estado sintiendo mucho últimamente,0,tristeza
me siento estúpido y desconsiderado,0,tristeza
espero que el meteorólogo tenga razón con su pronóstico de quedarse en casa no se aventure a salir a la lluvia para mañana me siento todo tipo de creativo,1,alegria
me siento tímido para acercarme a ellos,4,miedo
pasé todo el día el otro día sintiéndome muy mal porque de vez en cuando me daba la impresión de que hilmari estaba muerto.,0,tristeza
me siento perfecto contigo en facebook href http www,1,alegria
siento que sesga la idea de los niños de lo que es lindo y adorable y solo alienta comportamientos molestos,1,alegria
"yo era realmente aceptable en otros compasivos, pero todavía no me sentía aceptado por ellos.",2,amor
acabo de conseguir realmente crunk sobre una situación y ahora siento que tengo que escribir para calmar lol,1,alegria
me siento muy divertido solo de pensar en ello,5,sorpresa
"entiendo que cada recuerdo es algo precioso y que debería apreciarlo, pero en este momento me siento disgustado por cómo me había vuelto durante ese momento de mi vida.",3,enojo
im sensación virtuosa mal hacer con un rico té o hobnob pero si el dinero y las calorías no son objeto tiene que ser una k,1,alegria
me senté sintiéndome impotente como un momento de un episodio de los muertos vivientes.,4,miedo
tengo un poco de ayuda de mi hermano al principio y un montón de suerte cerca del final del juego que podría hacer que te sientas tonto al menos me hizo que jajaja y al final tienes que decidir nikos y el destino del mundo para salvar niko o para salvar el mundo,0,tristeza
me siento un poco indeciso sobre qué hacer en términos de una alianza.,4,miedo
me siento estresado vería películas solo o simplemente caminaría solo por las calles,3,enojo
"tengo una maravillosa suegra que en todos los sentidos ha sido como una madre para mí durante años, la mayoría de las veces termino sintiéndome un poco melancólica el día de la madre.",0,tristeza
"soy sentimental, así que decidí hacer una lista de algunas de las cosas que más extrañan",0,tristeza
siento que la única noticia que calma las mentes perturbadas son las noticias de reino unido.,0,tristeza
empaqué esta vez sintiéndome aprensivo sobre esta temporada desafiante y feliz de descomprimirme durante unos días en mis papás antes de volver a casa.,4,miedo
me siento como de una manera que un poco sorprendió a mi cuerpo al cambiar mi ingesta de calorías,5,sorpresa
me siento muy letárgico hoy y simplemente no puedo ser molestado con mucho,0,tristeza
"me sentí aún más frustrado y desanimado cuando me di cuenta de que mi reputación había sido dañada, pero también me di cuenta de que tenía una opción en la que podía sentir resentimiento por la situación en la que estaba o podía reconstruir mi buena reputación.",3,enojo
me siento como ive tiene un mango en confiar en mis instintos,1,alegria
me siento indefenso y dependiendo de las personas más cercanas a ti,4,miedo
estoy cansado de sentirme inútil y como si no hubiera futuro para mí.,0,tristeza
"no debo venir para que ellos se sientan tristes por sus rupias skeered que están afirmando al campo, pero voy a consolar a la alusión massou a vivir",0,tristeza
no quería sentirme humillada y estaba empezando a arrepentirme de mi decisión de quedarme.,0,tristeza
"quiero dejar de tomarlo un día, pero también me siento aterrorizado de que muchos sentimientos de pánico de ansiedad vuelvan a inundarse.",4,miedo
"no conocía a nadie, pero ¿por qué me sentí impotente, confundido, enojado, cansado?",0,tristeza
"voy a pasar mis vacaciones en mí sin obligaciones, sin dolores de cabeza, sin sentir que estoy siendo chantajeado emocionalmente a ser tres lugares a la vez.",0,tristeza
"me siento estúpido, tonto y no deseado",0,tristeza
"me siento complacido, pero al mismo tiempo realmente no entiendo por qué sentimos este patriotismo solo dos veces al año.",1,alegria
me siento drásticamente inadecuado para las necesidades que siento arremolinarse a mi alrededor,0,tristeza
me siento tan tranquilo en este momento es genial,1,alegria
trabajé como editor y parte de mi trabajo era rechazar manuscritos que odiaba porque en esas cartas de presentación podía sentir la anticipación y el anhelo del escritor.,2,amor
simplemente me siento resentido y muestro mi resentimiento comiendo tempura y sundaes,3,enojo
"me siento avergonzado de alguna manera, pero de otra manera simplemente no me importa más",0,tristeza
"tengo tanto que agradecer, así que sentir celos de una chica delgada con un ingreso aparentemente disponible que está comprando en el centro comercial parece tan",3,enojo
necesito trabajar en una mejor nutrición todo el tiempo porque cuando lo hago me siento increíble,1,alegria
solo sigo mis sueños y mi corazón y algo de cómo eso hace que la vida se sienta dulce y funcione para mí,2,amor
lo siento por aquellos que no pueden comer mangos.,0,tristeza
estoy listo para comenzar mis tiros de nuevo que dos semanas y media de descanso solo vuela y me siento miserable por ello la idea de que estas personas me estarán ayudando a través de él hace que sea una experiencia soportable hasta el punto en que cuando todo esto está hecho y polvo en realidad voy a extrañar a todos ellos,0,tristeza
hice cosas por las que siempre me preguntaba y ahora me siento arrepentido,0,tristeza
me sentía benévolo y comprensivo porque no dije nada,1,alegria
"me siento tan poco importante en este momento como si no valiera la pena el tiempo que la gente desperdicia en mí, traté de ser feliz y no parece que algo esté mal, pero vuelvo a la comprensión de que algo está mal y me siento como que soy inútil de nuevo.",0,tristeza
me siento más apasionado y artístico y me acomodo en mi oficio,1,alegria
tengo la desagradable sensación de que mis mensajes son aburridos los pantalones de todo el mundo,0,tristeza
"trato de elegir un título de canción o letra que se ajuste a la situación sobre la que estoy publicando, pero hoy no me sentí tan inteligente.",1,alegria
me siento como si estuviera siendo desagradable por publicar cada tres segundos,3,enojo
siento que debo permanecer fiel también,1,alegria
creo que son tiempos de respuesta aceptables para las respuestas que no son de crisis.,1,alegria
dejé de tomar los antidepresivos recetados hace meses sin malos sentimientos allí los buenos sentimientos no tienen distinción de la norma,1,alegria
simplemente siento que hemos estado viviendo en una extraña distorsión del tiempo como su único miércoles.,4,miedo
me siento simplemente condenado a repetir el ciclo de la obesidad una y otra vez,0,tristeza
realmente me siento bendecido de compartir nuestro primer día de acción de gracias juntos y tenemos muchas bendiciones por las que estar agradecidos.,1,alegria
im sensación de talento más tarde en mal post algunas obras de arte para ser admirado hizo burla de,1,alegria
empecé a sentir poco importante mal entendido el extraño hacia fuera,0,tristeza
"he encontrado un no de personas que plantean este problema, pero entonces todavía no he encontrado a ningún funcionario que aborde lo mismo, solo me siento indefenso.",4,miedo
"no me siento privado en absoluto, aunque me despierto voraz por la mañana",0,tristeza
"simplemente corrí por la sensación y me alegro de no haber mirado porque probablemente me habría asustado, lo que sucedió un poco más tarde en la carrera.",1,alegria
"ya me siento estresado por salvar la amistad a medida que pasa el tiempo, me doy cuenta de que también hay otro punto que no ayuda.",3,enojo
volví a la planta baja sintiéndome aturdido,5,sorpresa
me pongo me siento ansioso visable destacado diferente pasado de moda estúpido avergonzado y paranoico,4,miedo
"dije que podía, pero es solo un poco molesto y me recuerda que realmente no soy apto y que no tengo determinación y luego me siento realmente caca y tengo aún menos determinación, así que todo es un poco de un círculo vicioso.",3,enojo
"nunca pensé que me sintiera cómodo, pero voy a ir a por ello y tomar decisiones audaces de moda.",1,alegria
"estoy enojado porque mis empleadores no invierten en nosotros en todos los aumentos salariales de capacitación días festivos y se siente como una injusticia, así que me siento indefenso",4,miedo
"tengo días en los que prefiero ser la sumisa, es una vida simple que siento en los días en que soy sumisa, hago todo lo posible para complacerlo, parece ser lo suficientemente feliz después de dos años de tenerme.",0,tristeza
"ya no me siento frustrado por la feroz campaña de los medios estadounidenses contra egipto porque cuanto más nos atacan, más sabemos que estamos en el camino correcto.",3,enojo
siento que aquí hay diez de los muchos sitios que me mantienen entretenido a diario.,1,alegria
me siento locamente indeciso impulsivo solo en un,4,miedo
"me siento fantástico ahora, pero estoy aterrorizado de lesionar mi espalda de nuevo proporcionamos nuestros tamaños para los siguientes artículos",1,alegria
me siento como una perra ingrata por lo que te hice ver,0,tristeza
me sentía esperanzado en el momento en que lo tomé,1,alegria
yo y los fans animando por penn state me hizo sentir un fuerte sentido de pertenencia a la familia penn state,1,alegria
me fui sintiéndome bastante contento con mis hallazgos,1,alegria
siento que estoy decidido a recuperar mi rutina que una vez tuve y de la que estaba tan orgulloso,1,alegria
me daba miedo y me sentía irritable,3,enojo
i feel a change coming espa a hd target blank rel nofollow title google img src http sky sport,0,tristeza
yo había esperado que fuera bastante enfermizo y el coco le da una sensación tropical agradable me decepcionó había solo dos,0,tristeza
me siento perra y poco apreciada hoy,3,enojo
me sentía un poco patético y lo siento por mí mismo,0,tristeza
podría decir que hará que alguien se sienta mejor que realmente alcanzar su meta ellos mismos.,1,alegria
"podía sentir la maldad de edith, podía sentir la retirada de los fumetas y la lástima fría de sus amigos.",1,alegria
siento que la envoltura del regalo es casi tan importante como el regalo en sí.,1,alegria
estaba conduciendo me siento tan contento después de sadhana tan satisfecho,1,alegria
"me siento abrumado o un poco azul por lo general en esa época del mes, pero manejo bien esos sentimientos.",4,miedo
estoy seguro de que lo hice bien y mi estado de falta de compromiso a pesar de muchos años de sentir que no podía seguir el ritmo de nadie más me está haciendo ver mi vida como encantada.,1,alegria
"casi siempre me siento fantástico después de hacer ejercicio, así que recomiendo hacerlo todos los días si puedes.",1,alegria
"ahora lo uso no solo al final de la práctica de yoga, sino también al comienzo o al final de una meditación o cada vez que siento la necesidad de ofrecerme un reconocimiento y recordatorio de mis propios orígenes divinos.",1,alegria
siento que nada de lo que haga tendrá éxito contra él y que esa sensación de impotencia es súper sucia y contraproducente.,1,alegria
"sospecho que unos pocos sienten repulsión, provoca una extraña e incómoda fascinación.",5,sorpresa
"nunca conocí estos sentimientos entretenidos por nadie que, sin embargo, no desconocen el lenguaje de la persona que los embebió y, por lo tanto, producen travesuras incalculables.",1,alegria
me siento tan raro no decir buenas noches a mike,5,sorpresa
siento que algunas personas no deberían responder si no son considerados y serios.,1,alegria
estoy realmente agradecido con ella por tener esta oportunidad y sentirme muy honrado hoy.,1,alegria
siempre me siento tan inadecuado,0,tristeza
siento pena por ellos,0,tristeza
"sin embargo, dormí anoche, pero me desperté sintiéndome espléndida, aparte de resoplidos y picazón en la garganta, y no estaba segura de cómo podría estar tan despierta.",1,alegria
creo que no era aceptable y si esto hubiera sido mejor me permitiría satisfacer las necesidades de algunos de los estudiantes de una manera más específica.,1,alegria
he estado sintiendo un poco culpable últimamente que no he permitido mi chica lovin proyecto con cosas creativas durante nuestras tardes juntos,0,tristeza
sentí que estaba perdiendo el control de mi cuerpo y fue difícil para mí sentirme tranquilo y positivo al respecto porque no era un pensamiento irracional.,1,alegria
siento que el trabajo de quién vale la pena en este mundo y en realidad me hace llorar,1,alegria
"siento que quiero ser muy, muy rebelde hasta que se arrepientan de lo que le han hecho a su hija soltera.",3,enojo
siento que es grosero de mi parte preguntar,3,enojo
no me sentía glamorosa en absoluto,1,alegria
escribo cuando me siento bajo,0,tristeza
"estoy de acuerdo en que se ve precioso y se siente increíble, pero solo lo he desgastado en la ciudad una vez en la víspera de año nuevo",1,alegria
me desperté sintiéndome segura y observé el dvd de la bomba corporal para recopilar algunos consejos de entrenamiento y señales obligatorias.,1,alegria
me siento tan afortunado que sé que estamos en una minoría,1,alegria
debo preguntar si mi columna te hace sentir tan odioso por qué sigues iniciando sesión,3,enojo
me siento muy risueña y optimista a pesar de que siento que probablemente debería ser morosa y sombría,1,alegria
me siento como un sin corazón y sin sentimientos sé que no tengo esta palabra hija adolescente,3,enojo
"amo a mi familia y tengo una vida tan maravillosa, así que escribir todo esto y quejarme me hace sentir ingrato.",0,tristeza
tengo la sensación de que por qué pagué por ser tan follada,3,enojo
no quiero enojarme porque no tengo el derecho de sentirme de esa manera.,3,enojo
"id poner la mayoría de las cosas en cajas sin embargo, teniendo entre otras cosas ciento veinte de ellos libros que no estaba leyendo me hizo sentir culpable como yo debería saber todo en ellos",0,tristeza
"realmente disfruto el tono y la sensación de la pieza, me pregunto si habría sido más exitosa si se hubiera extendido durante unos días en lugar de solo uno.",1,alegria
"estoy de vuelta en casa sintiéndome irritable por eso, ya que he estado esperando la fiesta toda la semana",3,enojo
"siempre me arrepiento cuando lo hago porque me hace sentir mal durante mi carrera, pero sabía que no estaría en casa y se duchó hasta que sea casi la hora del almuerzo para mí.",0,tristeza
escalé la colina sintiéndome frustrado por el hecho de que el ritmo era completamente incorrecto para este curso y que un factor que nunca me ha obstaculizado había hecho tal mella en el día.,3,enojo
"no estoy muy seguro de lo que es, pero es un sentimiento especialmente para ti y no es nada hostil.",3,enojo
estoy empezando a sentirme un poco insultado por este extraño.,3,enojo
"siento que cuanto más intensamente inteligente sea un perro, más socializarán necesitarán.",1,alegria
me siento resignado porque nunca va a terminar,0,tristeza
no me siento muy apoyado por el equipo de fútbol.,2,amor
me siento como alguien que realmente debería aprender a no estresarse porque vivimos en un universo benigno en última instancia.,1,alegria
a menudo he observado que a veces cuando parece que debería sentir algo me sorprende lo desconectado que me siento con las personas y el mundo que me rodea.,5,sorpresa
simplemente siento como si de alguna manera ella se volviera menos agradable,1,alegria
"siento que los ojos de muchos se alejan disgustados por la autocomplacencia, la audacia de una mujer británica para admitir este punto de fracaso.",3,enojo
siento un hueco doloroso en mi corazón,0,tristeza
"tengo fe, pero no me siento convencido de que es si estoy aquí haciendo preguntas",1,alegria
siento que ese hecho está siendo abusado,0,tristeza
"estoy tan desesperada por salvarla que siento que voy a hacer cualquier cosa sin embargo, yo era tan escéptico a considerar la quimioterapia como me dijeron por su oncólogo de radiación inicialmente, así como el internista que el sarcoma nasal no es quimio sensible",4,miedo
"siento que debería salir a correr para gastar toda esta energía idiota, pero iv decidió hacer algunos deberes ahora y almacenar la energía para un evento social al que voy esta noche.",0,tristeza
estoy escuchando en este momento porque siento que lo necesito y quiero compartirlo con ustedes pequeños a pesar de mi ateísmo convencido de alguna manera que nunca deja de hacerme sentir mejor,1,alegria
necesitaba dinero que ocasionalmente me había hecho sentir culpable.,0,tristeza
"me siento menos seguro de que mis derechos básicos están siendo protegidos por nuestro sistema político, especialmente como mujer y cada vez que estoy decepcionado me siento más responsabilidad personal para producir el cambio.",1,alegria
"sentí tan profundamente en mi corazón que ese amor no se perdió, que la caricia fue mi manera de estar en contacto con el resto del universo, que el amor es tan odio como todos los sentimientos fuertes que nunca son vanos y nunca se pierden.",0,tristeza
ive se desahogó y lloró y ahora estoy un poco más tranquilo y me siento menos hostil,3,enojo
no pude evitar sentir sincera gratitud por las bendiciones del señor en mi vida y la vida de mis hijos.,1,alegria
"simplemente me siento tímido porque yo era sólo un estudiante corriente sharia que ahora todavía está luchando con la política de la unión europea y la tesis de toma de decisiones, mientras que los tíos allí discutiendo proyectos de billones de dólares en el gobierno llevan empresas glc",4,miedo
me siento peligrosamente veraz,1,alegria
"me siento odiado allí, pero tenía que recordar a mi yo egoísta que nada de esto era sobre mí.",0,tristeza
"yo estaba en cada grupo de edad esta carrera tiene impresionantes trofeos de caballos personalizados diseñados para imitar caballos pintados gigantes en toda la ciudad ver ejemplo a continuación, así que ahora me siento decidido a volver el próximo año y volver a intentarlo",1,alegria
me siento como si estuviera colapsando lentamente como un castillo hinchable con una pequeña lágrima,1,alegria
me siento un poco estresado por mi club de lectura que viene y no sé cómo voy a encajar a la gente en ese lugar.,3,enojo
"no hablo de relaciones aquí solo ese momento inicial de atracción cuando conoces a alguien por primera vez, ¿cómo se siente en ese momento estar en desventaja?",0,tristeza
me siento muy contento de hablar con ellos porque me ayudan a aprender japonés a través de la conversación y me ayudan a hablar inglés mejor y con más frecuencia.,1,alegria
me sentiría tan cabreado,3,enojo
finalmente me di cuenta de que todo lo que necesitaba era ser y sentirme útil y los blogs me permitieron hacer eso.,1,alegria
siento que es vital aprovechar al máximo ese día y vivirlo a nuestro máximo potencial.,1,alegria
sé lo que se siente sufrir dolor y tristeza y soledad y saber que mamá está sufriendo a causa de su enfermedad.,0,tristeza
"me siento im supuesto a odiar presas amp todo el control de la naturaleza que representan, pero a veces son realmente las estructuras más elegantes awe amp inspirador",1,alegria
lo agarré por el cuello y lo tiré contra mí en un apasionado beso idiotizado sintiendo su largo miembro deslizarse entre mis mejillas esperando mientras pulsaba en el brote frenético de mi clítoris.,4,miedo
me siento abrumado y no hay nada que pueda hacer para solucionarlo,5,sorpresa
me siento un poco triste hoy debido al clima y porque ive no tiene dinero para subirse al tubo para ir a cualquier lugar bastante como la carretera de columbia,0,tristeza
"estaba sintiendo mucho orgullo de mí mismo que nos estaba apoyando a todos mientras peter regresaba a la escuela, todas nuestras facturas se pagaban a tiempo y en realidad estaba planeando un viaje de vacaciones de verano con mis hijos a esto",2,amor
sé lo que se siente como si estuviera estresado mirándola mientras exprimía más jabón sobre su esponja.,3,enojo
me limpié caminé al trabajo me siento muy respetuoso del medio ambiente en este momento e hice trabajo manual con gráficos,1,alegria
volví sin sentirme rejuvenecido pero agotado,0,tristeza
tengo que admitir que me he sentido muy desanimado y desilusionado con toda la comunidad editorial durante meses.,0,tristeza
no me sentí tan sorprendido como esperaba su área de uñas es bastante pequeña y no es muy elegante y cómoda como esperaba,5,sorpresa
siento que este producto está apoyando mi sistema inmunológico y cardiovascular,2,amor
creo que cuanto antes lo hagamos mejor todos nos sentiremos greg im ya en un estado de ánimo angustiado mamá,4,miedo
también me siento un lil tenso y sucky últimamente y usted sabe la razón,4,miedo
tengo la sensación de que el resto de yall están un poco horrorizados por ello,3,enojo
me siento incómodo porque tengo un hijo propio pero al mismo tiempo trato de ponerme en sus zapatos y cuando hago eso me doy cuenta de que haría lo mismo por mi hijo sin importar la edad.,0,tristeza
me preparo para otra noche sin dormir no puedo evitar sentir vergenza de mí mismo por sentirme de esta manera.,0,tristeza
"me pregunto cómo es la vida para otras personas, personas que pueden amar y ser amadas, que pueden tener relaciones sexuales y disfrutar de la experiencia, que pueden sentir felicidad, que pueden sentirse aceptadas, queridas y necesarias.",1,alegria
"me siento más como yo, excepto un poco llorón",0,tristeza
me siento tan en blanco y luego como voy a explotar,0,tristeza
me siento enojada y furiosa,3,enojo
tengo un recordatorio de la alegría y la paz que siento en sus brazos estoy torturado,3,enojo
"no estoy seguro de cuánto costará cada diploma o si es incluso reconocido en este país, pero es algo que me hace sentir productivo y agregar a mi currículum cuando los bebés tienen la edad suficiente para permitirme volver al trabajo.",1,alegria
"me sentí más consternada cuando estudié lo que la gente llevaba puesto y comencé a sentir que aunque algunos de los atuendos eran hermosos, se compraron de esa manera.",1,alegria
me siento reacio a poner mucho más en palabras,4,miedo
estoy en el segundo trimestre me siento increíble,5,sorpresa
me siento verdaderamente exitoso que brooklyn ha sido capaz de engancharse y no ha tenido ningún problema para ir de mama a botella y volver de nuevo sin saltarse un segundo,1,alegria
no puedo ayudar a cómo me siento,0,tristeza
me sentiré tímida y no podré hablar con ella,4,miedo
me siento como si me hubieran golpeado,0,tristeza
"tengo malos sentimientos hacia los chicos porque todos los hombres de mi familia son realmente tercos, muy agresivos y muy competitivos.",3,enojo
id patada a mí mismo en el engranaje pero me siento irritable sin motivación lo que nunca,3,enojo
"me encanta esto o aquello, es un intento inconsciente de encubrir o eliminar los sentimientos profundamente arraigados que siempre acompañan al ego, el descontento, la infelicidad, el sentido de insuficiencia que es tan familiar.",0,tristeza
me siento tan malditamente bendecida con una maravillosa carrera y familia,1,alegria
"siento que debido a nuestro propio amor por la lectura y la escritura, somos más compasivos y comprensivos sobre las luchas que atraviesan los escritores nuevos y establecidos.",2,amor
"espero que te des cuenta de cómo se requiere tan poco esfuerzo para hacer que una persona se sienta mejor consigo misma o con su situación, ya sea que yo sea un miembro de la familia, una universidad o un amigo de la escuela secundaria, un vecino en la calle o incluso un completo extraño.",1,alegria
estoy trabajando para crear una buena página de comunidad para que puedan conectarse fácilmente sin sentirse incómodos al acercarse a la gente.,0,tristeza
a menudo siento que todo a mi alrededor es tan vano y sin propósito.,0,tristeza
"me siento tan vulnerable que necesito tener una máscara puesta para ir al mundo o si mi deseo es causado por la necesidad de desviar la atención o encubrir la debilidad, probablemente debería hacer un uso más constructivo de mi tiempo que tratar de parecer bonita.",4,miedo
cuando mis parientes y yo estábamos en un coche yendo lentamente por una carretera congelada,4,miedo
"me siento muy letárgico aunque todavía estoy tratando de llegar al gimnasio hoy en día, pero casi todo mi tiempo parece estar ahora en un ambiente extraño y relajado.",0,tristeza
"soy capaz de escribir una carta completa en minúscula insular y probablemente nunca tenga la habilidad de maestros de escritura del siglo xviith como maria strick o jan van den velde, pero siento que aprender un oficio es un esfuerzo que vale la pena en sí mismo.",1,alegria
"los encuentro francamente divertidos, pero otras veces me siento atrapado en ese punto vulnerable sabiendo que nunca tendré una hija.",4,miedo
"sé que éramos solo dos, pero sentía un poco de pena por mí misma y pensé que podría ahogar mis penas en un poco de sal y vinagre y mucha pasta y manteca de cerdo.",0,tristeza
im fine mary anne respondió sintiéndose un poco impaciente,3,enojo
me siento un poco más relajado,1,alegria
odio la quimioterapia y la idea de tener toxinas lavando a través de cada célula y me hace sentir horrible me hace encogerme,0,tristeza
pasé el día riendo tanto que puedo sentir mi mandíbula dolorida por todos los ejercicios y estiramientos que hizo,0,tristeza
me siento realmente emocionado de aprender,1,alegria
me siento perfecto contigo en reddit href http www,1,alegria
id empezar a sentirse resentido que yo vivía en una parte del país donde el sol obstinadamente se niega a mostrarse después del final de septiembre,3,enojo
siento que esto lleva a no muchas personas que cuidan que consiguen el verdadero trabajo como sin cara,2,amor
creo que como todos los australianos que conozco la imagen tan bien que será interesante ver cómo me siento cuando estaban allí y sí preciosa kay vamos a ver al amanecer,2,amor
me siento bastante el cuerpo del correo electrónico por lo general contiene oh tan bonito,1,alegria
recuerdo estar en el baño sintiéndome muy emocional sabiendo que iba a traer a mi bebé al mundo el día en que la señorita cocinera fue enterrada.,0,tristeza
"tengo que encontrar algunas cestas para el almacenamiento y poner algunos ganchos para secar el hilo, pero ya se siente tan especial",1,alegria
siento la necesidad de llegar y ver qué fabulosos planes tienes para encender la influencia de tu marca este verano.,1,alegria
"a menudo siento la necesidad de defender casi cualquier cosa, incluso en la conversación casual como azul s del código de color son generalmente fanáticos de la navidad y salto en y",1,alegria
me siento golpeado y desanimado,0,tristeza
"enfermo de estar lloriqueando sobre cuánto me duele, pero al menos puedo sentirme un poco virtuoso al respecto también.",1,alegria
id tuvo la sensación de que su amiga me odiaba profundamente por cualquier cosa que le hiciera.,3,enojo
realmente me siento amplificador no ser tan tenso cuando se cumplen las expectativas de los demás,4,miedo
"no dejé de bloguear, pero todavía siento que quiero hacer que mis publicaciones sean más útiles para mis lectores.",1,alegria
estoy poniendo mis libros en una pila y preguntándome cuando mal deja de sentirse tan triste por el paso de ray bradbury.,0,tristeza
me siento un poco tímido al usar este blog porque sé que otros compañeros de clase e incluso extraños completos podrán leerlo.,4,miedo
"me siento distraído, tiendo a practicar con los ojos cerrados tanto como sea posible.",3,enojo
"simplemente no siento que lo tengo dentro de mí para salir de la cama, puedo hacer que el latido sordo de la desesperanza dé paso y deje salir una renovada sensación de esperanza, reflexione sobre mis logros y desentierre la fuerza interior que he trabajado tan duro para restablecer.",0,tristeza
im sensación lucky width li style border px estilo de lista fuera de margen px px,1,alegria
lo extraño y para mí el hecho de que tengo esa sensación de anhelo de estar con él de nuevo es en realidad una bendición.,2,amor
siento que todo el esfuerzo valió la pena,1,alegria
siento que debería ser leal a microsoft por el resto de mi vida ahora,2,amor
me siento bastante inútil en este momento,0,tristeza
me conformo de otras maneras basadas en sentirme inútil,0,tristeza
pensé que tener una madre muy respetada y reconocida de niños autistas sería el blogger invitado perfecto con un mensaje que me apasiona.,2,amor
siento que se toman el tiempo para cuidar sus flores y son maravillosamente leales a su colmena,2,amor
me encuentro más y más últimamente sintiendo como soy una esposa de mierda y mamá,0,tristeza
"no vengo de un pasado perfecto, vengo de un pasado que se siente muy desordenado y ruidoso y caótico y lleno de palabras, palabras, palabras que nunca significaron mucho o fueron mentiras.",0,tristeza
me encantan esos autos y siento que mi segundo intento de ser dueño de uno será agradable.,1,alegria
me siento moralmente indignado y furioso más a menudo de lo que me gustaría.,3,enojo
me siento un poco golpeado esta semana y no estoy seguro de por qué,0,tristeza
he estado sintiéndome un poco estúpido porque no sé cómo,0,tristeza
diagnóstico de que tengo una úlcera de estómago,4,miedo
sé cómo se siente cualquier dolor de estómago me asustan encase em de nuevo,4,miedo
me despierto cojeando a la computadora o voltear y agarrar el teléfono de la mesa de noche y comenzar a revisar los correos electrónicos blogs facebook internet aleatorio haciendo clic en la escritura de algunas publicaciones y antes de que lo sepa su casi mediodía y me siento no más productivo de lo que hice tres horas antes,1,alegria
me siento reacio a suministrar esta película una veintena de estrellas de,4,miedo
"pienso en ciertas personas, me siento un poco desanimado por cómo han resultado las cosas entre ellos, todo parece superficial y simplemente perra.",0,tristeza
"me he sentido bastante derrotado y estresado, pero esta cita me recordó que aunque puedo estar fallando en otras áreas, estoy haciendo un buen trabajo en el crecimiento de este bebé.",0,tristeza
me siento inspirado a esperar la película,1,alegria
solo me siento irritable y azul,3,enojo
no estoy sintiendo cachonda im solo dejando baba ver el emote,2,amor
me siento un poco inseguro ahora,4,miedo
im feeling uber romantic y lovey esta semana,2,amor
me siento en absoluto amargado por su tratamiento no dio ninguna indicación el lunes por la noche,3,enojo
me siento súper cansado,1,alegria
quiero aprender algo nuevo cuando me siento aburrido,0,tristeza
he estado pensando en eso esta mañana y dándome cuenta de que mi vida ordinaria está empezando a sentirse aburrida.,0,tristeza
"me retorcí contra él, pero el dolor estaba empezando a llegar a él, así que dejó de sentirse resignado.",0,tristeza
"me he sintonizado con algo de música country el año pasado, pero solo me ha dejado sintiéndome vacío.",0,tristeza
me siento enojado y me siento triste,3,enojo
admito que es inexcusable que le da a sentirse un poco travieso bestial heck macho incluso,2,amor
me siento realmente abrumado con el mío,4,miedo
"le pregunté si si se sentía tímido a mi alrededor, dijo que no y dijo que porque soy una persona muy activa.",4,miedo
"quiero volver a sentir energía y cuando hago ese poco de ejercicio todos los días, ya sean minutos, me siento más despierto, con energía y más concentrado.",1,alegria
puedo llorar y sentirme mal sin una explicación en absoluto,0,tristeza
"sé que si mi percepción central no cambia, entonces no importa cuántas veces pueda marcar algo que haya ganado un amigo, mejor salud, trabajo gratificante, simplemente bajaré mi lista y encontraré algo más para sentirme necesitado.",0,tristeza
"me arrepiento de no haber ido, pero",0,tristeza
me estaba sintiendo fuera de clases ansioso no estoy seguro de qué hacer conmigo mismo,4,miedo
me refiero a recuerdos que me hacen sentir sucio e indigno,0,tristeza
estaba pensando en un post que escribí anteriormente reflexionando sobre los recuerdos que trajo a la superficie arrojándolos en mi cabeza y comencé a sentir este tirón suave este pequeño empujón en el fondo que comenzó a vibrar y transformarse en algo sólido.,2,amor
me siento como estar en un granero tan despreocupado,1,alegria
"siempre escondo mis verdaderos sentimientos porque tengo miedo de ser venerable y aprovecharme porque bueno, eso sucedió antes y realmente me destruyó.",4,miedo
"siempre siento que los accesorios son la parte más importante de un equipo, ya que realmente tirar de ella juntos por lo que ive trató de elegir la joyería que añade un poco de brillo a los trajes sin estar demasiado en su cara",1,alegria
me siento sorprendido de sus palabras muy puro muy yo mismo,5,sorpresa
"todavía me siento torturado por sentimientos, pensamientos o recuerdos.",4,miedo
me siento tan avergonzado y humillado coreano ataque víctima acusa policía sydney mañana heraldo publicado en pm con un href http brisbanehub,0,tristeza
supongo que todos nos sentimos feos de alguna manera.,0,tristeza
me siento odiado por,3,enojo
me siento guapa oh tan guapa me siento guapa y,1,alegria
me siento relajado,1,alegria
siento envidia de otras naciones que a pesar de la muy pequeña tierra,3,enojo
me estaba sintiendo tan hastiado que todavía soy de toda la preparación de sep que para la mayor parte del progreso ha sido moribunda que no tenía ganas de ir en sep más,0,tristeza
me gusta la sensación de que estoy anhelando la primavera,2,amor
me siento tan jodidamente trágico,0,tristeza
soy víctima de sentirme inadecuada si estoy por debajo de la perfección en lo que establezco de mis expectativas o lo que percibo son las expectativas de los demás.,0,tristeza
"necesariamente creo en el poder de los silbatos de violación, pero nunca tuve uno y me siento groseramente desprotegido por mi campus",4,miedo
en realidad me sentía muy desanimado la semana pasada y luego mordí la bala y miré esto.,0,tristeza
creo que la parte de protección es la parte donde siento que algunos han abusado de ella más que las otras razones destinadas a los derechos de portar armas.,0,tristeza
llegué a casa y empecé a sentirme raro,4,miedo
estoy un poco preocupado porque siento que el protagonista puede no ser lo suficientemente agradable para la persona promedio basado en mi grupo focal de uno.,1,alegria
me siento tan infeliz incluso con eso,0,tristeza
tengo la sensación de que lo harás fabuloso y seré el que tome notas amor mamá entradas del diario septiembre th,1,alegria
me siento tan agobiada como si algo me estuviera manteniendo quieta y agobiándome,0,tristeza
tengo la sensación de que ella odiaba que yo no lo admitiría dejarlo entrar sé que odiaba cada obstáculo que lo ocultaba de ella cada bloque de plomo que seguía siendo colocado en nuestro camino una vez claro a los brazos del otro,3,enojo
me siento como si la gente ve las grietas en mi armadura van a decidir que soy esta persona jodida despedirme como un lío caliente y no quiero estar a mi alrededor más,3,enojo
no creo que estos sentimientos puedan atribuirse únicamente a la falta de empatía hacia la vida familiar por parte de los responsables políticos del gobierno y los empleadores que el análisis de esta encuesta parece sugerir.,0,tristeza
creo que no hay nada inherentemente malo en sentir nostalgia,0,tristeza
me estaba sintiendo sorprendido porque no me encontré tan bien como lo han comentado,5,sorpresa
me siento como un super héroe ahora que ella siestas amplificador duerme en su cuna,1,alegria
"“me siento mucho más relajada este año”, dijo jane pollicino, quien llegó a la zona cero el martes por la mañana para llorar a su esposo que fue asesinado en el centro comercial.",1,alegria
me siento más alta más delgada y más elegante,1,alegria
"me levanté y comencé a hacer lo único que siempre me da alegría, incluso cuando me siento mal.",0,tristeza
estoy sentado aquí sintiéndome bastante satisfecho conmigo mismo de que mi baño y mi dormitorio están limpios y ordenados y tratando de averiguar qué usar en una fiesta de pintura uv esta noche.,1,alegria
estoy tan feliz pero sin embargo me siento enfurecido,3,enojo
siento que mi casa está constantemente desordenada y siento que siempre estoy limpiando después de ellos,0,tristeza
quiero decir que su comienzo marca el final de uno de los mejores meses del año en el que me he sentido exhausto por el,0,tristeza
me siento un poco popular,1,alegria
ive recientemente comenzó a construir un ejército ig temático alrededor de todos los favoritos juego de estrategia x com pero estoy sintiendo que el ejército no es k lore amistoso y un poco caricaturesco,1,alegria
me siento extremadamente perturbado y angustiado,0,tristeza
"me siento determinado esta vez, sin embargo",1,alegria
creo que también me siento inquieto,4,miedo
"me siento de esta manera sé que tiene una reputación de una población estudiantil con ganas de unirse a esta cultura, pero de alguna manera dudo de su noroeste.",1,alegria
me hubiera gustado que gervase hubiera piped abajo para que id se sienta un poco menos vulnerable en este momento,4,miedo
me siento hastiado muy a menudo,0,tristeza
"siento que estoy cayendo más rápido y más rápido, pero no estoy muy seguro de en qué estoy cayendo, lo llamo amor porque eso es lo que se siente ya que mi corazón está latiendo rápidamente y no puedo mantener esta pequeña sonrisa de mi cara sin importar a qué hora del día",1,alegria
me siento triste como el tiempo,0,tristeza
siento que todos los artistas que amo los que encuentro realmente talentosos parecen tener un estilo único que puedes reconocer a una milla de distancia.,1,alegria
me siento como un cachorro maltratado,0,tristeza
me siento petrificado por su futuro,4,miedo
me siento desconsolada una mujer de mediana edad le dijo a los medios estatales de pyongyang,0,tristeza
me gusta participar en desafíos de bocetos de vez en cuando cuando cuando me siento inspirado,1,alegria
personalmente siento que cada violador debe ser castigado rigurosamente si no ahorcado.,0,tristeza
me siento tan honrado de ser un,1,alegria
"quería decirle algo, pero era solo una mala vibra y me sentía hostil, no pensé que era una buena noche para hacerlo.",3,enojo
no me siento tan feliz como antes,1,alegria
también me siento horrible,0,tristeza
"todavía me siento bastante mal por este estupor inducido por alergia, así que anoche no me sentía realmente como una estrella salvaje e interactuaba con otros seres humanos.",0,tristeza
"estaba bastante tranquilo después de escribir cómo realmente me siento, así que no estaba tan agitado como sonia yixuan y atiqah",3,enojo
"puede que haya pasado las últimas horas sintiéndome como un alma torturada, pero al otro lado todo es sol y arco iris.",4,miedo
"tengo la capacidad de gran cuidado y compasión, así como la capacidad de morder metafóricamente cuando me siento amenazado.",4,miedo
"me sentía como basura alergias todo el día, pero me alegro de no última hora cancelar",1,alegria
siento que obtener o regalar una suscripción de tiempo de vida es vital,1,alegria
me siento no tan lindo y mi ropa es un poco cómodo así que es hora de limpiar mi acto,1,alegria
me siento como wow que es muy cool que podría ser yo,1,alegria
me siento tan fuertemente acerca de decirle a mis seres queridos,2,amor
todavía sentiré nostalgia sí,0,tristeza
me encuentro a mí mismo cuando me siento más solo,0,tristeza
me frustro con el hecho de que no siempre me siento agradecido por la mano que me han dado y por las personas que amo en la vida.,1,alegria
me siento mal porque he estado leyendo alturas aterradoras,0,tristeza
estoy emocionada y quiero que ella esté orgullosa de ser educada en casa y no sentirse avergonzada.,0,tristeza
"me siento celosa, enojada o amargada, pregúntame por qué.",3,enojo
"conocí a una chica muy linda que me siento un poco aficionada a hoy y normalmente las chicas son muy complejas para mí, pero puedo ser yo misma alrededor de ella",2,amor
me siento tan privilegiado de haber podido ver esta increíble exposición,1,alegria
creo que los hombres de verdad son aquellos que te abren las puertas y se comportan caballerosamente como si caminaras por la acera más cercana a la calle para mantenerte a salvo.,2,amor
"empiezo a sentirme abrumado o frustrado, he tratado de abrirme más al respecto en lugar de empujarlo hacia abajo, golpeando profundamente una sonrisa falsa y esperando hasta que hierva.",4,miedo
"me siento triste molesto sean cuales sean las emociones negativas, echo un vistazo a mis coloridas macetas de pintura y al instante levantará mi estado de ánimo",0,tristeza
"les diré lo que realmente siento, entiendo apoyar a alguien, pero eso no significa que tengas que mentirles.",2,amor
"fui a ver a jreyez de nuevo en mayo no he estado sintiendo como salir, pero jenny me convenció para ir esta vez amplificador después de un poco de persuasión decidí ir lol",1,alegria
"sé intelectualmente que no es cierto, pero me siento completamente aislado.",0,tristeza
"simplemente no puedo ayudar, pero me siento insatisfecho después de leer mirando a través de cada",3,enojo
vine a revisar sin embargo no estoy del todo seguro de qué es lo que me deja sintiéndome un poco insatisfecho y un poco brassed off que más no sucedió,3,enojo
me siento muy sentimental esta noche,0,tristeza
siento que estoy en una banda que se separó sin decirme y ahora estoy luchando para mantener a todos juntos a pesar de que no quieren participar en ella.,0,tristeza
tengo la sensación de que voy a envidiar seriamente a quien gane porque realmente quiero esto para mí.,3,enojo
no me siento bien o mal o enfermo perezoso a veces renunciar a mi cama en favor de nuestro sofá futón para un poco de ojo cerrado,1,alegria
"llegué a casa sintiéndome miserable por mi falta de habilidad para las compras, recordé la bolsa de maquillaje sin abrir y usar sentada en mi habitación de la que me olvidé por completo.",0,tristeza
"im sentirse inusualmente optimista hoy, tal vez incluso irrealmente optimista",1,alegria
me siento resentido y realmente trabajo ese resentimiento hasta que explote,3,enojo
recuerdo sentirme tan agradecida de poder poner los pies en alto y disfrutar cuidando a los recién nacidos justo antes de poder cuidar de mí misma.,1,alegria
me despierto por la mañana y he estado teniendo sueños sexys para me siento muy cachonda y en necesidad de una mierda,2,amor
"no me atracones en absoluto durante el fin de semana y tenía más energía para limpiar la casa, algo que había pospuesto durante semanas, incluso si estas píldoras no me hicieron perder peso, porque apenas sentía la necesidad de comer y no me sentía total y completamente agotado.",0,tristeza
me siento tan frío aquí,3,enojo
me siento enojado solo vexed no deseado irritable todo el tiempo,3,enojo
"desearía que hubiera algo como esto cuando era más joven, tuve dificultades para hacer preguntas sin sentirme avergonzado o incómodo.",0,tristeza
"lo que hice ayer es muy parecido al trabajo de carlas en este libro, así que siento que podría ayudar a fortalecer mi dibujo en esta área de creación lúdica y ayudarme a ganar confianza.",1,alegria
seguiré sintiéndome inseguro,4,miedo
"me preguntaba si me sentiría un poco perdido cuando llegara al final del programa, pero al mismo tiempo estaba deseando correr con mi propia música y establecer mis propios objetivos.",0,tristeza
estoy cansado de escuchar estos sentimientos especiales de comunicaciones únicas y lo sincero que eres.,1,alegria
me siento como si alguien ha bumbed mi delicada configuración,2,amor
"me gusta mucho él tiene una buena moraleja y es muy amable conmigo y respetuoso, pero es como me siento como si todavía pertenezco a brad y no podía imaginarme a mí mismo con eric porque él es demasiado inocente",1,alegria
crecí no tenía ganas de hacer eso porque sabía que mis padres serían perturbados,0,tristeza
"a menudo me siento aburrido y vacío por dentro como si no fuera nada más que una máquina de estudio y sí, me doy descansos.",0,tristeza
me senté allí en el parque el viernes por la noche escuchando mientras enumeraba todo lo que había sucedido durante los últimos meses que lo había hecho sentir una mierda.,0,tristeza
"me siento muy afortunado de haber tenido un tiempo a solas con mi pequeño, pero también estoy esperando ansiosamente el regreso de mis chicos.",1,alegria
empiezo a sentir que cada momento de vigilia está dedicado al trabajo.,2,amor
me siento muy despreocupado xd,1,alegria
"ya no tengo vacaciones de verano como cuando estaba en la escuela, el verano todavía tiene una sensación de relajación y despreocupación.",1,alegria
estoy empezando a sentirme como un adulto fabuloso,1,alegria
no tenía ni idea de cómo se había sentido sin importancia para mí y estaba más que molesto de que no había sido honesto conmigo acerca de sus sentimientos.,0,tristeza
me siento amado porque programé mi computadora para decirme que me ama,2,amor
empecé a sentir una dulce sensación de paz,1,alegria
soy un poco paranoico acerca de ser revisado y tener el dormitorio inspeccionado aunque solo porque así es como siempre estoy sobre este tipo de cosas y eso me hace sentir ansioso cada vez que empiezo a pensar en limpiar o empacar,4,miedo
siento este orgullo triunfante mientras me paro en el mostrador como si estuviera logrando algún honor masculino de alto nivel porque soy una mujer haciendo esto una pelirroja para arrancar,1,alegria
también me encanta este pero voy a ser capaz de enviarlo a un buen hogar sin sentir como estoy regalando un órgano vital,1,alegria
nunca me he sentido tan popular,1,alegria
"veo y siento y quién sabía que podía enojarme tanto al poner una llave en la cerradura, quiero golpear la cara de alguien cada vez que puse mi llave en la cerradura, sé que debo seguir adelante.",3,enojo
empecé a sentir que estaba tan sacudido que nunca sería reparado.,4,miedo
en realidad me siento un poco presumido,1,alegria
recuerdo sentirme impaciente con el interminable y enrevesado cuento de hadas que se contó a lo largo del libro.,3,enojo
"me alegro de que este blog debe ser útil, bien informado y explorable",1,alegria
he sido una mala mala chica perezosa puedo sentir mi dolor muscular,0,tristeza
me siento de esta manera como esta versión de mí mismo mirando suavemente me doy cuenta de algo una y otra vez,2,amor
me siento más inseguro sobre el proyecto,4,miedo
espero con ansias cuando me sienta mejor y pueda escribir más a menudo.,1,alegria
"pasé algún tiempo en la escuela ayer hablando con la gente y tomando fotos de mis hijas, ya que se deleitan en el último día de diversión de la escuela y me fui sintiéndome impresionado y feliz, que para decir la verdad es mi sensación habitual sobre el lugar",5,sorpresa
quería hacer algo diferente hoy y ese sentimiento estaba dentro de mí tan intensamente fuerte.,1,alegria
lo hago cuando me siento un poco raro para volver a tierra a mí mismo,5,sorpresa
"siento que él es sincero en sus sentimientos por mí y sé que me preocupo mucho por él, pero es que suficiente esta vez no sé",1,alegria
puedo dejar caer una gran cantidad de paracaidistas sobre la mesa a la vez si siento la necesidad de hacerlo o llevar a cabo otras misiones aéreas útiles.,1,alegria
me siento agradecido por todo en mi vida todos los días,1,alegria
"tengo ganas de ver un programa o una película después de que los niños están en la cama, me aseguro de subirme a mi bicicleta elíptica o giratoria durante al menos minutos del programa antes de sentarme y estirarme por la noche.",1,alegria
me siento agitado me vuelvo fácilmente abrumado,4,miedo
le dije que lo que hacía era muy estúpido o le grité que se sentiría muy poco amado.,0,tristeza
"siento que el perfume debe durar todo el día y nunca tener que volver a aplicar, lo que ciertamente no es el caso con dorothy jessica parker.",2,amor
he estado luchando mucho últimamente con sentirse inadecuado y sin éxito por los estándares de la sociedad como veo a mis compañeros que asisten a graduarse de la universidad y la búsqueda de puestos de trabajo que los cumplan,0,tristeza
"de hecho, me siento esperanzado hoy",1,alegria
practicaría sosteniendo tu mano usando la mía sintiendo las articulaciones donde puedes sentir mi amor cariñoso pero lo suficientemente apretado como para que sepas que nunca voy a dejar ir,2,amor
me siento emocionado solo exámenes dejados a la libertad me deseo superduperreally suerte,1,alegria
me siento muy seguro de que es una buena,1,alegria
"me sentía mal y todo durante las últimas semanas, pero ayer fue un día tan feliz.",3,enojo
me siento tan aterrorizado de decirle,4,miedo
"llegué al gimnasio, ella era una bola de sol y me hizo sentir muy bienvenido en el gimnasio, aunque me sentí como un perezoso rotundo torpe que no encajaba con el entorno de aspecto de ajuste pulido y tipo de aspecto feroz",1,alegria
me avergenzo cuando me siento así en el momento en que veo aterrorizados niños llorando y muertos.,4,miedo
me he sentido tan sumisa recientemente,0,tristeza
sufro este tipo de agotamiento me siento inútil,0,tristeza
me siento excepcionalmente reacio a ir a la escuela mañana a pesar de que es lunes y el horario es bastante bueno,4,miedo
"no sé por qué me sorprende porque cada vez que hago ejercicio, ya sea en mi jardín o ir al gimnasio, me siento genial después, que es naturalmente la razón por la que no lo hago todo el tiempo.",1,alegria
"realmente me había preparado para lo peor, pero ambos teníamos la sensación innata de que todo estaba bien.",1,alegria
me siento tan bendecida y agradecida por todas las personas en mi vida y la riqueza que aportan a ella.,2,amor
creo que también me he sentido sentimental últimamente.,0,tristeza
me siento tan honrado y agradecido de haber conocido a kassim selamat de las golondrinas durante mi viaje,1,alegria
"estaba realmente preocupada de que me sintiera intimidada por mónica, pero cuando nos conocimos esa mañana, ella era increíblemente acogedora y me hizo sentir relajada de inmediato.",4,miedo
"amo más de lo que nadie me hizo sentir que los odiaba tanto, pero sabía que no sabía qué me dolía realmente, me enojé siendo una polla y llorando durante una hora frente a la gente, lo que era aún más estúpido",0,tristeza
me siento como si fuera grosero,3,enojo
me siento irritado y rechazado sin que nadie haga nada o diga nada.,3,enojo
estoy tomando esto en serio y siento que la edad suave de es el momento y el lugar perfecto para participar en un poco de valentía y cambio al por mayor.,2,amor
parece que he perdido todo sentido de dirección y me siento condenado a obtener una educación de mierda y un trabajo sin salida cuando solía sentirme destinado a brillar.,0,tristeza
me siento acerca de objetivo en blanco descarga cuando la gente muere ¿cómo me siento acerca de cómo la gente se siente antes de morir el q amp un wiki que depende de cómo están muriendo lo que están sintiendo y lo que están pensando en ese momento,0,tristeza
me siento un poco aislado estar en mi casa todo el tiempo,0,tristeza
"quiero encontrar mi esencia y mi sustancia y no sentirme tan asustada, vacía y dispersa, fragmentada, etc.",4,miedo
"no me sentía particularmente amargado en mi cumpleaños, de hecho, tuve un día fantástico",3,enojo
"tengo un trabajo de escritorio y me siento en mi culo todo el día, así que a veces me siento paranoico de que no estoy siendo lo suficientemente activo y pienso cosas como querida dios, ¿qué pasa si engorda tanto que nunca puedo perder el peso del bebé?",4,miedo
estoy sintiendo agravado escuchar fénix perdido y encontrado,3,enojo
me siento como muchas veces cuando soy generoso con lo que siento que he seguido la pista de las cosas que les he dado o dado por ellos y tienen un recuento de lo que me deben,1,alegria
comencé este blog porque estaba desesperadamente sola y quería que alguien supiera cómo estaba sintiendo todos los pensamientos y emociones feos.,0,tristeza
"sé que no debería dejar que la gente decida mi felicidad, pero maldita sea como si tuviera que arriesgar mi felicidad para complacer a otras personas, eso es lo mucho que odio esta escuela, esta escuela es jodidamente patética y no merece mi tiempo y dinero.",0,tristeza
bajé superdrug era generalmente maquillaje o a veces racimos de bandas de pelo o si me sentía valiente algunos de ellos clips de pelo de metal con las flores pegadas en,1,alegria
me siento bendecida de que soy libre de ser yo,2,amor
los controles de zapper parecían ser los más fáciles de usar y se podía acceder fácilmente a todo con ellos.,1,alegria
"usado antes y huele un poco floral que no es mi taza de té, pero se siente encantador y hace que mi cara se sienta suave y lisa como si hubiera sido pulida",2,amor
me siento un poco triste por el hecho de que mi bebé ya no es un bebé,0,tristeza
siento que vale la pena patrocinar su restaurante,1,alegria
me siento más tranquilo y juntos de lo que me he sentido,1,alegria
siento que mi madre simplemente se siente codiciosa es la falta de esta reacción cuando su madre dejó el mismo tipo de voluntad.,3,enojo
me fui ese día sintiéndome un poco sucia y preguntándome si debería tomar moralmente la clase.,0,tristeza
terminé el episodio sintiéndome realmente cabreado,3,enojo
"no siempre tengo acceso a cuando me siento estresado, que suele ser el momento en que más necesito el silencio.",0,tristeza
"realmente no tengo ninguna razón para sentirme triste, excepto por el hecho de que hemos intentado muchas cosas que deberían haber funcionado y no lo hicieron.",0,tristeza
lo siento por aquellos que tuvieron que dejar el hogar y el hogar para trabajar la venta,0,tristeza
compré un vestido bonito y un par de sandalias bonitas y estoy deseando sentirme bonita,1,alegria
quiero decir que me siento vulnerable escribiendo y compartiendo esta información,4,miedo
me siento un poco sentimental,0,tristeza
me he dado cuenta de esta semana pasada es que está bien sentirse desconsolado,0,tristeza
escribo me siento un poco insatisfecho,3,enojo
no voy a hacer cualquier peso hasta que me siento más animado,1,alegria
tengo dudas y miedo,4,miedo
"ayudo a las mujeres ocupadas con exceso de trabajo principalmente, pero no exclusivamente, a pasar de sentirse abrumadas, frustradas y generalmente molestas por su salud y apariencia.",5,sorpresa
me tomé un mini descanso de publicar fotos ya que no me he sentido inspirado últimamente,1,alegria
"realmente siento por estos niños inocentes porque no solo se les enseña racismo inconsciente, sino que luego se les enseña racismo abierto y no tienen más remedio que seguir.",1,alegria
"me siento tan impresionado por un trabajo dental delante de mí, así como un costo que somos suicidio de deliberación",5,sorpresa
lo amo pero me siento amenazada con él alrededor un poco,4,miedo
"soy responsable y me sentiría terriblemente consternada por mi falta de cuidado hacia mi trabajo, pero últimamente realmente he sido irresponsable con respecto a mi trabajo de mierda y ni siquiera siento que decepcione a nadie.",0,tristeza
a veces me siento nostálgico y siento la necesidad de volver y mirar algunas de mis viejas publicaciones de blog y todo lo que puedo decir es que sin saberlo registran y guardan tantos recuerdos.,2,amor
tengo un sentimiento persistente de descontento,0,tristeza
no terminé con ese tipo popular antes de la sensación que tenía cuando me rechazaron su como una ruptura lo que pensé durante ese tiempo la,0,tristeza
casi me siento codicioso con mi hijo rd cuando tantas personas que conozco están trabajando tan duro para o,3,enojo
"comencé a tenerlos varias veces a la semana sintiéndome torturado por las alucinaciones que movían a las personas y las figuras, los sonidos y las vibraciones.",4,miedo
me sentiría demasiado avergonzada,0,tristeza
me siento como si finalmente fuera de mi caja y libre para ser la persona que fui llamado a ser.,1,alegria
también me siento ingrato después de escuchar historias de mi abuela sobre personas que conocía en hospitales o hogares de ancianos que no tenían a nadie con quien hablar en absoluto y para quienes una simple charla era un gran paso.,0,tristeza
"no doy flores todo el tiempo, ya que siento que me hace un wuss y necesitado",0,tristeza
me siento tan estresado por los problemas familiares,0,tristeza
lo dejé sintiéndome entretenido pero vacío,1,alegria
lo que hice los fines de semana fue dormir y sentirme amargado por el mundo.,3,enojo
me gusta hacer que las personas que amo se sientan atesoradas y amadas en su día especial,2,amor
me siento generoso esta noche y me gusta compartir una receta de corteza de pastel para ayudar a aquellos que han luchado tratando de hacer un pastel,1,alegria
"uso maquillaje no solo para reflejar lo hermosa que realmente me siento en el interior, sino también para romper el estereotipo de la tímida nerd fuera del circuito de la mujer en las ciencias",4,miedo
me siento tan asustada ante la idea de abrir mi corazón,4,miedo
ante la hipocresía de algunos de mis amigos,3,enojo
"estaba saliendo conmigo mismo en este momento, estaría diciendo a mis amigas que me siento ignorado, no amado, apreciado y que no soy una prioridad.",0,tristeza
me siento tranquilo que está bien,1,alegria
me siento insultado por esta técnica que también ha demostrado ser una de las peores para la educación porque ya leí la diapositiva más rápido de lo que era capaz de hablar,3,enojo
"no he tenido ese sentimiento por un tiempo, así que confié en que estaba muy agradecido.",1,alegria
comí podía sentir un leve cosquilleo casi como si estuviera sintiendo la curación que tiene lugar a nivel celular.,2,amor
"no hago estas cosas para torturarte, me siento torturado en este momento.",3,enojo
"siempre pienso en mi pasado y empiezo a llorar también puedo ser feliz y luego me identifico por qué, pero empiezo a sentirme triste",0,tristeza
"veo que a través de esperar algunos de estos deseos y luchar a través de las preguntas y sentimientos de propósito, veo que dios ha sido fiel y ahora ha hecho un camino para que suceda.",1,alegria
me siento satisfecho también que estoy apoyando a las personas con pequeñas empresas que trabajan desde casa la compra de regalos que se han hecho con cuidado y talento,1,alegria
me siento agitado inquieto o en el borde con bastante frecuencia,3,enojo
me siento un poco inseguro realmente ella es una buena chica y buen material de amigo,4,miedo
me sentiría adormecida y aunque se consumirían miles de calorías nunca probaría un bocado,0,tristeza
me siento menospreciado cuando algunas personas usan su parte del mundo cibernético para ser grosero conmigo.,3,enojo
me encanta cómo cuando ella consigue que uno en una vez conmigo se siente amada,2,amor
me siento insultado ofendido y herido,3,enojo
estaba listo para ir si es necesario y afortunadamente tim se sentía bien y sentirse lo suficientemente bien como para ir,1,alegria
me encontraré con un libro que siento que tiene información valiosa que debo mantener para leerlo en una fecha posterior.,1,alegria
me siento arrepentido cuando actúo el tonto borracho también,0,tristeza
soy tan bueno por haber ido a esa clase que la sensación se fue reemplazada por una sensación de melancolía por lo que una vez fue para el cuerpo que solía ser capaz de moverse.,0,tristeza
a veces me avergenzo de que solo me preocupo por mis naciones imagi.,0,tristeza
yo era un niño esta canción me hace sonreír porque me criaron en el mediterráneo porque solo amas el mar cuando lo sientes en tus huesos cuando te asusta y cuando te sorprende todos los días de alguna manera.,4,miedo
siento el amor por cualquiera que aprecie adecuadamente a patrick y,1,alegria
"estoy cansado de sentir lástima por mí mismo, así que decidí estar agradecido y alabar al señor mientras cabalgamos.",0,tristeza
todavía me siento cachonda de eso poco un href http blogs,2,amor
me siento increíble y es una inversión para algo más grande,1,alegria
sabía que algo estaba apagado ya que me he estado sintiendo tan mal,0,tristeza
"estoy preparándome y sintiéndome estresado en general, todo afecta mi suministro de leche y no estoy produciendo tanto.",0,tristeza
todavía me siento vulnerable a su alrededor,4,miedo
recuerdo sentirme impaciente con ella e incluso luchar para que me gustara a veces.,3,enojo
"no sentí ningún distanciamiento trágico entre superman y su familia, tal vez debido a la interpretación, tal vez porque a diferencia de batman, ya tenía uno.",0,tristeza
estaba informando a un alma querida que las energías se sienten extrañas hoy y me preguntaba si algo está pasando.,4,miedo
voy a la conferencia de mi hijo la próxima semana y ya me siento nervioso y aprensivo,4,miedo
me dijeron que lo hiciera continúa y el hecho de que siento miedo miedo corrección aterrorizado de lo que viene,4,miedo
"me había mudado a mi pequeño piso en londres y estaba luchando por cuidarme, lo que me hacía sentir realmente inútil.",0,tristeza
me encantan los montajes de pared de tv y siento que son un avance guapo que no solo se ve genial sino que ahorra un montón de trama si te atrae recibir uno no solo echa raíces con el primero que ves como la mayoría de la población.,1,alegria
"quiero sentir valor que hago y aprecio que lo hago y sé que las personas que me aman no van a ninguna parte, incluso si la naturaleza de la relación cambia.",1,alegria
debo haber estado sintiéndome rico,1,alegria
"siento mucha más energía, me siento muy impaciente e irritable.",3,enojo
"vi una ganancia en la escala de esta mañana que no me sorprendió, pero me hizo sentir bastante pésimo mucho de lo que es el peso del agua y los problemas disgestivos que pasarán, pero tengo que poner un poco de trabajo en empujar ahora meses hasta navidad te oí decir",0,tristeza
sé que la sensación se desvanecerá en un día o dos o incluso en unas pocas horas cuando el lindo peinado comienza a caer y encresparse,1,alegria
me siento generoso en este momento voy a responder a sus preguntas,1,alegria
estoy muy motivado para aprender de las lecciones de la historia porque de lo contrario siento que estamos condenados a repetir los mismos errores.,0,tristeza
me siento seguro sabiendo que las cosas y las personas a mi alrededor están ahí y se quedarán allí.,1,alegria
"puedo sentir el anhelo, el cuidado y el amor también",2,amor
siento que poco viene de mi centro divino,1,alegria
me siento aprensivo y me pregunto si las marcas que he hecho en el pasado todavía están allí.,4,miedo
me siento bastante frío en realidad,3,enojo
"recordé que le di mi día al espíritu santo y lleno de su gracia, ¿cómo podría sentirme perturbado con esta situación?",0,tristeza
lo siento por rafael bosch,0,tristeza
me siento como si simplemente no puedo ser molestado,3,enojo
me he sentido bastante productivo,1,alegria
siento que me castigan por no poder hacer mis diarios,0,tristeza
"me siento privilegiado de haber leído este trabajo, ya que cumplió todo lo que quiero de un libro.",1,alegria
"siento que debería estar más molestado por este tema, pero por alguna razón.",3,enojo
me siento un poco presumido esta noche,1,alegria
trato de hablar de pie por mí mismo o simplemente tratar de insertarme en una conversación me siento egoísta como una puta atención,3,enojo
"he estado haciendo absolutamente ningún ejercicio, sin embargo, y se adhieren a que, literalmente, acaba de sentarse alrededor sin embargo, siento que solo necesito algunas ideas de apoyo",1,alegria
me siento un poco irritable hoy,3,enojo
"no he trabajado hoy, pero siento que no voy a sentir que he estado tan estresado en el trabajo y en la vida que esta semana es mala.",3,enojo
tuve que ser transgénero y este mismo intento de lavado de cerebro ahora me está haciendo sentir tan horrible como si estuviera tratando de engañar a los médicos aquí en alemania para que crean que soy intersexual.,0,tristeza
me siento un poco ansioso,4,miedo
me siento tan descorazonado ahora,0,tristeza
"reinicié mi galería, pero solo porque me sentía muy vanidosa y hermosa en ese momento.",0,tristeza
"sé que cada bebé es diferente, pero me siento como ive ya agotado juego de palabras destinado a mi bolsa de trucos",0,tristeza
"leí dicho para comenzar a contar patadas después de semanas ya que los movimientos no son muy consistentes o confiables antes de eso, pero había estado sintiendo movimientos bastante fuertes y patadas hacia el exterior, así que cuando cambió no sabía si era normal o no.",1,alegria
"no puedo creerlo, me siento tan nervioso, pero mi padre me asegura que no hay nada por lo que estar nervioso que sólo me hace más nervioso.",4,miedo
"siento que si decidiéramos simplemente ser amigos, siempre y cuando no sucediera de alguna manera desafortunada, sería completamente bueno con eso.",0,tristeza
extendí mis brazos sintiendo el viento frío corriendo más allá de mí sintiendo la lluvia golpeándome y,3,enojo
me desperté más tarde en la mañana estaba claro que se sentía bastante mal y por suerte nuestro veterinario normal tenía una cita disponible más tarde esa mañana.,0,tristeza
"disfruto de mi vida y deseo ayudar a tantas personas como sea posible a sentirse fabulosas sobre sí mismas, pero solo puedo mostrar el camino",1,alegria
"no tengo una razón sólida para comenzar a autolesionarse, era una serie de cosas realmente, pero solo tenía estos sentimientos de ser inútil que a nadie le gustaría que yo fuera feo y que no encajaba en que yo era horrible.",0,tristeza
me siento muy temeroso acerca de su futuro otras veces me pregunto cómo le sucedió esto a ella o incluso si hice algo para causar abbigail tener apraxia,4,miedo
siento que estoy notablemente muy inhibido en muchas otras cosas.,0,tristeza
puedo admitir que a pesar de que me siento horrible ahora,0,tristeza
me siento muy resuelto pero de alguna manera muy deprimido,1,alegria
me siento thompson necesita para trabajar entonces de nuevo no estoy exactamente impresionado por flash y pelusa,5,sorpresa
siento que viajan de regreso a todos sus buenos recuerdos dentro del flashback de sus pensamientos donde ven su una vez logrado país de las maravillas.,2,amor
sé que me siento más culpable,0,tristeza
tengo dolores de cabeza me siento fácilmente agitado asustado y agresivo,4,miedo
"me siento un poco reacio y deprimido cuando me dijiste que se acabó, respeté tu decisión",4,miedo
te quiero en el viaje que siento que es cool,1,alegria
"solo creo que es tan peculiar y el otro día no me sentía junto con algunos de los kiddos, así que daniel fue y me consiguió esta película",1,alegria
espero y espero que el mayor id sentirse decepcionado,0,tristeza
hoy me siento extrañamente sentimental,0,tristeza
dejé de sentirme loco porque la máquina me robó mi dinero y elegí sentirme agradecido de que tengo ropa para lavar en primer lugar.,3,enojo
siento que somos un hogar creativo realmente pintando mientras están allí haciendo música.,1,alegria
"me sentía bastante despreocupado y feliz, mi única preocupación era dios.",1,alegria
me siento como un tonto torpe ahora mismo,4,miedo
miro hacia abajo sintiéndome solo y queriendo ser de esa manera,0,tristeza
"me sentía fuerte y descarado, así que salí atrás y conseguí la escalera de aluminio y la llevé a la casa.",1,alegria
también me sentiría amenazado por la facilidad con la que la información privada podría permear el sistema.,4,miedo
creo que me siento estresado,0,tristeza
"estaba destinado a sentir simpatía por ella, pero tengo poca simpatía por aquellos decididos a ser víctimas y revolcarse en su propio dolor mientras culpan y castigan a otros por su estado de ser.",1,alegria
me siento tan tonto al respecto,0,tristeza
"sé que esto no es específico para mí y casi todos los demás tienen una experiencia similar, pero todavía no puedo evitar sentirme horrorizado.",3,enojo
"no siempre siento que tengo un estilo increíble y la mayoría de los días elijo la comodidad sobre cualquier otra cosa, pero hay una cosa que siento que hace toda la diferencia en cómo me siento acerca de mí mismo y que es el maquillaje.",5,sorpresa
todavía no he conocido a un paciente con cáncer que no se sienta agobiado por algún conflicto y preocupación sin resolver o trauma emocional pasado que aún persiste en su subconsciente.,0,tristeza
lo miro y de nuevo me siento horrible,0,tristeza
me siento mal listando las películas porque me gustan tanto,0,tristeza
me fui sintiéndome bastante decepcionado con mis habilidades de casting.,0,tristeza
me siento como si ya tal vez soy tonto raro y extraño,0,tristeza
estoy tan drogada con endorfinas que todo lo que puedo sentir son los músculos de mis piernas agarrándose a la carne petrificada.,4,miedo
me siento mal por no dar el debido crédito,0,tristeza
sé que me siento más exitoso ahora escribiendo un blog en mis pantalones de chándal mientras mi bebé duerme sobre mí que cuando conmutaba en trenes y transbordadores con una tarjeta de visita en el bolsillo de mi chaqueta armani.,1,alegria
me siento como una muñeca de trapo maltratada,0,tristeza
siento que no soy aceptado y me veo obligado a ocultar esta parte de lo que soy.,2,amor
me siento muy afortunado de poder experimentarlo de nuevo de esta manera.,1,alegria
me siento muy desesperanzado,0,tristeza
"estoy pensando en el futuro de todos y no en el mío, me siento tan solo, inútil y me pregunto qué diablos estoy haciendo mal, que solo me siento como un compañero de cuarto y nada más.",0,tristeza
yo tenía años en un momento sabiendo que mi padre no iba a volver a casa y es la peor sensación que he sentido y te odiaba desde entonces y nunca va a cambiar,3,enojo
"tuve una muy buena primera impresión de ellos, pero me siento uno de ellos realmente no me gusta porque ella no era tan amable como cuando nos mudamos por primera vez en",1,alegria
"todavía me siento un poco intimidado, pero supongo que por ser seguro y cauteloso y plenamente consciente entonces voy a estar bien",4,miedo
siento que he estado hablando de historias de creación desde siempre y estoy emocionado de finalmente poder moverme,1,alegria
simplemente no terminé sintiéndome satisfecho,1,alegria
siento que lo hago por cada uno y el único que lo hace por mí lo hace con una actitud y se agrava al ser preguntado,3,enojo
me siento muy nervioso,4,miedo
"tengo aquí es que mientras que en una vuelta la gente quiere que me haga sentir mejor, pero en el otro no quiero tener que pensar en ello en absoluto",1,alegria
me sentí encogiéndome y sintiéndome horrible conmigo mismo.,0,tristeza
"siempre he sido un dador, no un tomador, me siento egoísta al considerar esta idea.",3,enojo
siempre estaba esperando una vida que se sintiera aburrida y adormecida.,0,tristeza
i cafetería me siento sentado yo mismo se siente lastimado asustado,0,tristeza
echo de menos a todo el mundo todavía me siento aliviado porque estoy bastante seguro de que voy a ser capaz de ponerse al día en el sueño muy necesario que me ha eludido el último par de días,1,alegria
"quería sentirme convencida de que ella realmente se había encontrado a sí misma y a su lugar en el mundo sin un hombre, pero teniendo en cuenta que el libro comenzó y terminó con una relación, no estaba completamente convencida.",1,alegria
me siento bastante relajado hoy,1,alegria
solo siento curiosidad impaciente ansiosa y confundida,5,sorpresa
me emociona poder investigar mi propia mitología personal en torno a este tema.,1,alegria
no podía apartar la cabeza incluso cuando me sentía asustada,4,miedo
alrededor de una cuarta parte a través de esta botella y me siento un poco decepcionado,0,tristeza
me siento excluido y sin valor mi conexión con todo el mundo sumariamente cortado,0,tristeza
"no gimo ni grito a menos que haya una ocasión especial, pero me sentía adecuadamente jubiloso y un poco orgulloso, así que salió el yhhhay un poco estreñido.",1,alegria
solo digo que si lo hiciera me harían sentir exitosa.,1,alegria
"entiendo completamente que no podían tener una chimenea real, pero al verla simplemente pintada arruinó la sensación del conjunto bien hecho.",1,alegria
podría caminar a un ritmo lento navegar por cada stand tanto tiempo como quisiera y dardos dentro y fuera de las tiendas en la calle principal sin sentirse apresurado,3,enojo
siento compasión por ellos y entiendo por qué se sienten inseguros.,4,miedo
me siento orgulloso y no me arrepiento de ir por el camino que seguí,1,alegria
"podría describir fácilmente este sentimiento transformado como desesperado, pero era un tipo anestesiado de desesperanza.",0,tristeza
im y yo sentimos ive tiene un montón de años para ir zenden dijo boston en línea amsterdam reuters explosiones dañaron un tribunal holandés el lunes horas antes del juicio del secuestrador de la cerveza magnate freddy heineken estaba listo para comenzar la policía holandesa dijo,0,tristeza
me siento de nuevo en mi cama cuidando de mi ojo punzante,2,amor
veo lo que la cultura ritalin está haciendo a los niños y sus flias me siento sorprendido,5,sorpresa
sé que no estoy solo cuando digo que a menudo me siento apresurado,3,enojo
respondo sintiéndome inteligente de nuevo,1,alegria
esto se debe a que me siento muy satisfecho con la selección de la canción.,1,alegria
estoy sintiendo mal en este momento,0,tristeza
"pienso o siento gratitud, pienso en mi bondadoso y gentil padre celestial.",1,alegria
"empecé a sentir mi espalda dolorida, especialmente la parte inferior de la espalda",0,tristeza
me siento mucho apoyo y muy honrado porque fui elegido para representar a mi país.,1,alegria
he estado diciendo cosas durante varios días que siento que pueden ser demasiado optimistas.,1,alegria
me siento amada y bendecida gracias allah,2,amor
"no debo sentirme tonta, perdida, infeliz y con disgusto.",0,tristeza
nunca quiero que ella sienta el dolor de la lucha del sufrimiento.,0,tristeza
lo siento sinceramente por ti,0,tristeza
tengo la sensación de que va a empezar a aparecer durante todo el horario estelar con su inocente cara de asesino potencial.,1,alegria
me sentía letárgica jajaja,0,tristeza
"la extraño mucho cada momento, pero ahora siento que la extraño aún más como si estuviera tan lejos como siempre lo ha estado porque estoy tan distraído.",3,enojo
siento que es un poco de cómo me vestía en verano con principalmente jeremy scott murua amp noticias alegres,1,alegria
"todavía trato de obligarme a hacer algo, incluso si me siento irritable, retirado y tranquilo en ese momento.",3,enojo
"siento que estoy escribiendo este blog por razones egoístas, pero sé que dios puede usarlo para su propósito.",3,enojo
i o lambrusco pero la calidad es mucho más alta que muchos de esos vinos que siento que es una compra inteligente para aquellos que les gusta un poco dulce y un poco burbujeante,1,alegria
siento que probablemente me hubiera gustado este libro un poco más si no fuera una historia tan simple.,2,amor
me siento tan emocionado de haber hecho tiempo para blog otra vez,1,alegria
"no tengo el odio por el jugo que tuve anoche en este momento, pero no me siento demasiado aficionado al olor a vegetales en mi cocina",2,amor
no puedo ayudar a sentirme agitado acerca de,4,miedo
realmente solo quiero que alguien me abrace y me bese para hacerme sentir amada y segura.,2,amor
"estoy agradecido por mi familia y escribiré un post sobre eso en algún momento también, pero realmente solo quiero sentirme agradecido por mis trabajos que tengo ahora.",1,alegria
también me he sentido completamente abrumado y tan increíblemente poco apreciado.,5,sorpresa
"me siento particularmente molesto con mis compañeros de trabajo, a veces hago las rondas de los pisos encontrando literalmente libras de papel blanco en la basura.",3,enojo
tengo miedo de ver a un millón de jóvenes aspi,4,miedo
me siento muy encantado después de ver el equipo de cricket indio persiguiendo sri lankas mamut total de,1,alegria
id se siente tan derrotado y id tiene que lamer mis heridas,0,tristeza
tengo todos los sentimientos predecibles loki es ese tipo que conozco de muchos otros fandoms no estoy impresionado conmigo por mis sentimientos loki,5,sorpresa
hago esta entrada del blog estoy sintiendo la melancolía corriendo por mis venas,0,tristeza
"los conocí muy bien, pero tengo la sensación de que los he ofendido involuntariamente.",3,enojo
me siento un poco sospechoso,4,miedo
me siento más superior muerto pollo o duelo niño,1,alegria
"realmente pierdo mucho de mi instinto y deseo de anidar cuando estoy embarazada y cuanto más tiempo estoy embarazada, peor se pone, aunque tengo alrededor de un mes de indulto donde me siento creativa de nuevo alrededor de la marca de seis meses y te darás cuenta de que es cuando hice una publicación para halloween.",1,alegria
me he sentido muy triste hoy y no sé cómo arreglarlo,0,tristeza
"me siento enérgico y hinchable, estoy más que feliz de ir al gimnasio, correr afuera con mis hijos o tomar el cochecito para una larga caminata, a menudo hago los tres en un día.",1,alegria
me sentí satisfecho con el manuscrito que informaba los resultados de mi investigación de becas molesto por los requisitos ridículos para,1,alegria
"uso este lavado, ya que es muy agradable y calmante y deja mi piel sintiéndose encantadora y su rosa así que bono",2,amor
me sentía malhumorado y molesto por una situación con una chica que no iba como esperaba.,3,enojo
"yo era muy bueno por la mañana, ya que había estado en el gimnasio y había hecho una clase de zumba seguido de media hora de natación que, por supuesto, en bicicleta hacia y desde lo que me sentía muy virtuoso",1,alegria
"me siento generoso para que pueda entrar una vez al día si te gusta, siempre y cuando sea una nueva respuesta hechizo de habilidad mágica rima o poción, etc.",1,alegria
me siento muy contento ya que en facebook tenemos muchas páginas relacionadas con el cricket que están proporcionando noticias opiniones puntuación actualización de cricket y sitio web como cricket cricnepal,1,alegria
me siento rico esta noche,1,alegria
siento que tiene un toque tan encantador,2,amor
"me siento aquí solo unas horas después de ver esta maldita cosa y nadar en un choque de combate postraumático, me recuerda que los defectos de cliché y sentirse como un personaje secundario en su propia película son lo que a menudo definen nuestras vidas reales y el mundo en el que vivimos.",2,amor
"te garantizo que si estoy mareado o siento que voy a vomitar durante meses, no voy a ser una persona muy agradable.",1,alegria
me siento un poco como un traidor admitiendo que realmente me gustó el nuevo lugar,2,amor
creo que mi juego de tierra es donde me siento más superior,1,alegria
"no estoy tratando de sonar tan deprimida o triste o con el corazón roto, pero sentirme toda mierda de vez en cuando es solo humano.",0,tristeza
me desperté esta mañana sintiéndome un poco decepcionado me registré en un href http calvaryccv,0,tristeza
"me siento ligeramente triunfante virtuoso incluso un total de cinco días sin una gota que parecía difícil después de los excesos de la temporada festiva, un amigo se quedó en el vagón durante todo el período festivo, un nivel de fortaleza que tengo que decir que realmente admiro profundamente bien hecho.",1,alegria
im tan emocionado pensando que algún hombre caliente podría ver mi dulce coño esto me hace sentir tan traviesa una niña traviesa hehehehehe,2,amor
espero no ser así y sentirme inspirada por el prestigio de los demás.,1,alegria
me siento a través de la sensación de llanto al respecto a veces me siento resentido al respecto,0,tristeza
también me siento como un sofista la mitad del tiempo cuando estoy buscando ejemplos de apoyo.,2,amor
"iba a casarme alguna vez, tengo todo listo para ofrecerle porque lo tengo todo junto y cuando salgo a los clubes, incluso los chicos perfectos y guapos se sienten intimidados después de hablar conmigo sobre mi yo inteligente.",1,alegria
tendré que permanecer sintiéndome negligente de todas las cosas relacionadas con el arte.,0,tristeza
"nunca me había quejado o me sentía infeliz para ayudarles, incluso si es señor del examen",0,tristeza
"me sentía aprensivo acerca de mi vida como estudiante, sentí que no podría tener éxito, nunca podría tener éxito.",4,miedo
solo tengo que permitirme aflojar un poco para no sentirme demasiado estresado y restringido por mí mismo.,0,tristeza
"me siento especialmente fuerte acerca de esto, ya que he odiado mis dientes para siempre yo era uno de los desafortunados que tienen mala genética y un ortodoncista aún peor y dentista pediátrico",3,enojo
im sentimiento generoso permite que sea un href https www,2,amor
no me siento tan llorona acerca de ir sola a mi conversión,0,tristeza
"im a bloguear de nuevo simplemente porque me siento muy distraído, aunque supongo que estudiar biología celular ahora",3,enojo
me siento como el boticario en romeo y juliet una comparación desafortunada tal vez,0,tristeza
"me siento sorprendentemente en blanco sobre todo el asunto, no bueno, no malo, no feliz, no triste.",0,tristeza
"conduje a clase me sentía un poco aprensivo, pero todavía sin sudar",4,miedo
"siento que esto es importante en sí mismo, el hecho de que todos tenemos nuestra propia forma individual de duelo.",1,alegria
me siento una mierda en este momento,0,tristeza
creo que resume muy bien la sensación de hablar demasiado sobre las actividades artísticas.,1,alegria
"estoy bastante feliz, pero un poco en el lado nauseabundo para sentirse emocionado",1,alegria
"siento que esto aparentemente ofenda a muchas otras mujeres porque son las únicas mujeres que sienten la necesidad de decir algo grosero, pero voy a hacerlo de todos modos.",3,enojo
me sentí de esta manera antes de que me sentía bastante reacio si debería ir a bishan a buscar a mi novio,4,miedo
me da vergenza mencionar el hecho de que yo poseyó un nokia,0,tristeza
me siento un poco travieso,2,amor
sentiré lo que siento y te diré y juntos nos disculparemos y nos compensaremos y seguiremos amándonos los unos a los otros.,2,amor
"puedo tener muchos hijos, pero si hay demasiados, mi fuerza no sería suficiente y mi esposa se sentiría agobiada.",0,tristeza
lo miro me siento asqueado y algunos lo que molesta por sus acciones,3,enojo
realmente quiero ir a comprar algo de yardage de galería de arte solo para jugar con porque se siente tan increíble,5,sorpresa
me fui a la cama una noche con mi estómago en nudos y me desperté al día siguiente sintiéndome fantástica.,1,alegria
he estado sintiendo tan inquieto últimamente por qué me decoloré tanto el cabello hace un mes,4,miedo
"me siento, pero en última instancia, solo está bien",1,alegria
"me siento como que sólo un poco de costa, pero se han vuelto aún más popular",1,alegria
me siento bastante solo aquí ahora y es solo lunes de medio término,0,tristeza
"no me siento tranquila, la ansiedad está en cada lado.",1,alegria
me siento generoso con esa declaración,2,amor
me siento agitado,3,enojo
"siento que no hay mucha carne, pero la perspectiva yoshidas crece siempre trágica",0,tristeza
"me sentí complaciente de que ahora en gran bretaña con la vida de lluvia inmediata sería un poco más familiar, pero sin embargo tengo los recuerdos de las fotos y ahora tengo la meta de trabajar para mi año sabático y estaría trabajando en eso tan pronto como el sábado cuando estaría ganando",1,alegria
siento tener a estas personas increíbles en mi vida,5,sorpresa
"luego dije que no sé lo que crees que es el día más importante que has vivido, pero quiero compartir contigo lo que siento que es el día más importante de tu vida.",1,alegria
mi compañero de cuarto fue grosero conmigo,3,enojo
"sé que es triste leerlo, pero permite que otras mujeres se sientan solas al respecto.",0,tristeza
ltimamente me he sentido muy productivo con mi tiempo en casa y feliz con mi vida en general y feliz con mis hijos y mi esposo.,1,alegria
estoy sintiendo que esta pequeña se mueve mucho ahora y estoy constantemente sorprendida por sus pequeñas patadas,5,sorpresa
me siento gruñón para despertar tan temprano,3,enojo
la veo en silencio sintiéndome aturdida por mi pérdida de memoria,5,sorpresa
ignoré su rabieta menor y salté de la mesa empezando a caminar de nuevo y sintiéndome agitado,4,miedo
"me he convertido en madre y mi cuerpo ha cambiado mucho, pero siguiendo este estilo todavía me siento hermosa y más segura que nunca.",1,alegria
me siento tan inseguro cuando nos figt,4,miedo
me siento arrepentido y me disculpo,0,tristeza
siempre me doy cuenta a pesar de que ella es fabulosa escondiéndolo de acuerdo con el resto del mundo y lo siento agudamente y estoy muy angustiada.,4,miedo
sentí una sensación muy distinta que me dijo que todo estaría bien y que todas las cosas finalmente participarían para mi bien.,1,alegria
"me bañé y me sentí un poco más relajado, pero el dolor va y viene aquí y allá.",1,alegria
podría elaborar cómo ww es un plan que te da libertad y límites sin sentirte privado y cómo encontrar tu meollo en el movimiento y la sudoración hace toda la diferencia o las tuercas de los tornillos del día a día.,0,tristeza
"siento que tiene alguna necesidad en una relación romántica, pero demasiado puede ser muy perjudicial en ese contexto, pero ese no es mi problema.",2,amor
"siento su dolor, pero el miedo se ha perdido un punto mucho más grande",0,tristeza
me siento combinación ligeramente superior sentado en el evento virtual que se sentirá como si s otro día oficina,1,alegria
uso esto como un ugh ha sido una larga semana vamos a hacerme sentir bastante máscara y ive honestamente amando los efectos,2,amor
me siento como si ya allah im puff asustado fue divertido hombre entonces id una idea,4,miedo
me siento más aventurero dispuesto a tomar riesgos img src http cdn,1,alegria
siento que debería haber odiado activamente cada segundo en lugar de simplemente soportarlo todo,3,enojo
siento que he estado descuidando mi querido blog de mamá,1,alegria
me siento realmente disgustado conmigo mismo más que el dolor y la agonía,3,enojo
me siento tranquilizado por esto una ola de golpes perdidos,1,alegria
estoy sintiendo una combinación de aterrorizado y aliviado,4,miedo
"traté de fingir que era normal y, desafortunadamente, era normal no sentirse amado y temeroso de que sucedieran cosas terribles si no sonreía y jugaba.",0,tristeza
"me siento egoísta a veces por querer escapar de mi día a día, ya que siento que debería estar pensando en los niños y llevarlos a algún lugar en su lugar.",3,enojo
"me siento enojado porque en lugar de preguntarme cómo estoy con mi problema, él me acusa y estoy enojado porque finalmente confirma qué tipo de persona es.",3,enojo
me siento amargado al ver en lo que me he convertido,3,enojo
me siento terrible por haberle golpeado,0,tristeza
"confío en ti lo suficiente como para compartir una experiencia bastante humillante, recuerda esto y me siento honrado mientras guffaw en lo que está por venir.",1,alegria
"actualmente me siento podrido con algún tipo de enfermedad no es exactamente lo que había esperado en mi pequeña cantidad de tiempo de vuelta a casa, pero hey ho",0,tristeza
"me siento miserable, pero c también soy la madre más orgullosa de la tierra",0,tristeza
siento mucho que te sientas destrozado cuando este debería ser un momento feliz en tu vida.,0,tristeza
"estaba sintiendo que al principio no quería moverme mucho, estaba muy contento de experimentar este vistazo al tipo de energía vibrante que ganaré a lo largo del año.",1,alegria
me fui pero me sentí tembloroso,4,miedo
"siento que es bastante desafortunado estar sugiriendo cualquier cosa menos un mensaje político conservador de tipo abc, ya que soy alguien que tiene muchos valores en común con los articulados por el partido conservador.",0,tristeza
salí del otro lado sintiéndome más fuerte y más compasiva con los demás.,2,amor
empecé a sentirme festiva un poco temprano este año.,1,alegria
me siento drenado sin clozapina,0,tristeza
me siento humillado para presentarte a mis colegas como mi esposa,0,tristeza
me encanta cómo me siento me siento satisfecho sin sentirme hinchado o letárgico,1,alegria
simplemente no puedo contenerme cuando se trata de sentir que desearía poder ser desalmado si solo para mantener el dolor lejos suspirar lo que sea aquí estoy siendo jodidamente emo en todo mi diario en vivo,3,enojo
me concentro en él al escribir esto siento un poco de tensión la alternativa popular al dolor alrededor del área,1,alegria
me siento presionada para hablar con ellos,4,miedo
siento que el líder que admiro está siendo egoísta,2,amor
"conozco a jack y él no se da por vencido con los hombres fácilmente, simplemente los abandona cuando se siente exitoso.",1,alegria
tengo la sensación de que estaban siendo torturados,3,enojo
estoy escribiendo sintiéndome horrorizado,3,enojo
lo miré sintiéndome bastante divertido y aliviado.,1,alegria
"no me gustó que ella tenía la intención de meterse entre ellos cuando estaban empezando a tener sentimientos el uno por el otro, pero me gustó cómo se echó atrás cuando se dio cuenta de lo fuertemente que sentía leo por clara.",2,amor
supongo que no me he sentido compasiva,2,amor
descubrí en un día cuando me sentía estresado e inseguro de mis habilidades,0,tristeza
siento que los nombres también se reflejan en la persona en cuanto a lo digno que viene juntos o no dudley dursley cornelius fudge minerva mcgonnagall neville longbottom petter pettigrew madera de olivo,1,alegria
tengo proyectos en los que estoy atascado y me siento tan tonto cuando tengo tantas preguntas que hacer,0,tristeza
me siento honrado de usar este,1,alegria
dejo de ser tan reactivo cada vez que me siento mal o siento mal en el universo.,3,enojo
tengo que hacer esto y hacer que algunos vj se sientan celosos,3,enojo
solo quiero compartir y siento que no es socialmente aceptable hacerlo en este momento.,1,alegria
admiro me hace sentir sorprendido en mi vida,5,sorpresa
siento que vengo de una mentalidad idealista bastante inocente y feliz que siento que no me hacen un candidato ideal para ayudar a aquellos en la iglesia a comprender completamente quiénes son en cristo y cómo pueden vivir para él.,1,alegria
me siento como un árbol que está siendo sacudido groseramente desde su cómodo suelo,4,miedo
siento que va a empezar a doler de nuevo cuando vuelva la temporada de lluvias el próximo año,0,tristeza
no me sentí amenazado en absoluto por la gente como yo tendría para los primeros minutos caminando en indonesia,4,miedo
"por lo general me encanta el invierno, pero estoy sintiendo un anhelo por la primavera",2,amor
tengo la sensación de que nuestra aventura en autobús será en vano.,0,tristeza
me siento como estoy perpetuamente medio viendo una película triste,0,tristeza
"te pido que confíes en esto y que celebres no las imágenes de vidas truncadas, sino la sensación de libertad que tus corazones pueden aceptar cuando buscas estos espíritus encantadores y sabes que haces la conexión.",2,amor
también tiene el significado de confiar en uno mismo confiando en que tenemos lo que se necesita para conocernos a nosotros mismos a fondo y por completo sin sentirse desesperados sin volverse contra nosotros mismos debido a lo que vemos.,0,tristeza
siento que cuando están angustiados en la noche es quizás más que empatía.,4,miedo
estaba aterrorizada de la gente que me rodeaba y de la situación que implica.,4,miedo
me toco la piel sintiendo el vidrio fresco dentro de una imagen un mero reflejo de soledad a solas conmigo mismo.,1,alegria
me gusta tener menos miedo de decir cómo me siento realmente menos miedo de viajar,4,miedo
ya me siento frenético,4,miedo
me siento muy virtuosa después de haber llegado a casa de una sesión de yoga de una hora con mi hermana que es profesora de yoga.,1,alegria
"me envió un mensaje de texto corte de pelo en lugar de corte de pelo, pero ya que siento que era lindo después de corte de pelo está justificado",1,alegria
"estoy encantada con la forma en que mi piel y mi cabello se sienten si eres como yo, eres escéptica",4,miedo
"en general, me siento lo suficientemente esperanzado como para salir adelante",1,alegria
te pateé en la garganta y ahora me siento fenomenal,1,alegria
im feliz la tengo para ver su sonrisa y reír ayer algo para traerme alegría cuando me siento completamente agotado,0,tristeza
me siento tan tonto y cruzar con myslef,0,tristeza
me sentía extremadamente mal físicamente esta mañana.,0,tristeza
siento algunos súper cambios en algunos súper círculos,1,alegria
puedo sentir todo virtuoso cuando hago algo como sacar mi servilleta de tela o bolsa de compras reutilizable,1,alegria
siento que el jueves fue el primer paso importante que se necesita para ayudar a mejorar con su alimentación.,1,alegria
me siento acerca de molinos de cachorros molinos de cachorros son dirigidos por personas codiciosas que no se preocupan por la calidad de vida de los animales,3,enojo
me siento como un falso un fraude un hipócrita,0,tristeza
"no me siento caliente y molesto, pero le permito aferrarse a mi cuerpo como si estuviera listo para cenar. te dije que no encontraría un mejor amante cuando me besa los labios.",2,amor
me siento como el sin corazón de los corazones del reino o realmente cualquier personaje que nace sin sentimientos y mira con envidia como la gente normal ríe llorar amor y sentir cosas que no puedo.,3,enojo
quiero sin sentirme demasiado inhibido,0,tristeza
siento que los profesores no apoyan a los estudiantes que hacen las cosas y se preparan temprano.,2,amor
me siento rico comments,1,alegria
"pensé que esta era una buena idea, ya que te daba tiempo para recuperarte si te sentías nervioso o abrumado y también te daba la oportunidad de escapar si te sentías tan inclinado.",4,miedo
no siento que haya suficiente información para que personas como él los animen y demuestren que la universidad no es la única manera de tener éxito.,1,alegria
recuerdo sentirme inspirado y pensar que era un buen ejemplo de crianza de los hijos.,1,alegria
id nunca antes visto porque tenía la sensación de que sería demasiado violento para mí y adivinar lo que estaba bien actuando impresionante dirigir no es una película que quiero ver de nuevo algunas distracciones eran bienvenidas,3,enojo
expreso ese mismo sentimiento im homophobic aburrido o en la negación,0,tristeza
me siento como yo soy que dañado lata de maíz con la gran abolladura en el lado y la etiqueta medio arrancado en la tienda de comestibles que está apagado que todo el mundo empuja a un lado y nadie compra,0,tristeza
me siento extrañamente tranquilizado al escucharte decir eso.,1,alegria
"no me sentí muy tranquilo por su tono, pero entiendo que esto es un gran shock y ajuste para todos.",1,alegria
"soy incapaz de concluir qué tipo de persona me considero a mí mismo, puedo decir que sentirme culpable e incierto me ayuda a darme cuenta de algunos de mis defectos, así que espero poder avanzar en mi vida para pensar en las situaciones y mis palabras más a fondo antes de actuar.",0,tristeza
"siento que la capucha hace que el suéter sea demasiado informal para usar en el trabajo y, por lo tanto, no uso este suéter",1,alegria
"estaba un poco más hastiado de detener al representante de la cabina de recitar su espita memorizada mencionando que había estado siguiendo la unidad durante un año, pero salí sintiéndome bastante impresionado.",5,sorpresa
cuando no pude encontrar a mi perro que faltaba,0,tristeza
me siento amargado de que mi cáncer fue relegado a innecesario para reunirse con alguien tan importante como un oncólogo.,3,enojo
"me siento impaciente, inquieto, excitado",3,enojo
"sigo teniendo todos estos maravillosos sentimientos y sueños y estoy tan aterrorizada que son malos o dañinos o incorrectos, pero no lo son.",4,miedo
"no pensé que vendría tan rápido o que vendría en absoluto, pero supongo que es porque me siento irritable hoy.",3,enojo
simplemente no entiendo la traición la mentira la ocultación y la me hace sentir como mierda con comentarios de usted re paranoico,4,miedo
me siento tan culpable indefenso y sin esperanza,0,tristeza
"siento que ella debería cambiarse a sí misma y era demasiado tímida para hablar por ella, excepto en murmullos subterráneos.",4,miedo
cuando recibí los resultados del primer año ya que el primer año había involucrado mucho trabajo y estaba muy contento cuando obtuve los resultados,1,alegria
"estoy contento con el regreso de las noticias, me siento agitado con algunas fangirls",3,enojo
me las arreglé para comer más de lo que normalmente puedo en la mañana de la carrera sobre todo porque jon estaba allí y no me sentía tan nervioso,4,miedo
no soy capaz de demostrar que directamente y por lo que me siento sofocado e irritado,3,enojo
estoy sentado aquí escribiendo esto y preguntándome dónde pertenezco sintiéndome distraído sintiéndome cómodo sintiéndome incomprendido y herido,3,enojo
me siento solo en el trabajo no soy un pájaro social como lo soy normalmente cuando estaba en la escuela,0,tristeza
me siento fantástico esta mañana,1,alegria
encontré el arte en el otro lado de todo me siento muy impresionado con mi trabajo,5,sorpresa
me siento increíble,5,sorpresa
solo necesito el dinero ahora mismo y me siento como una tía desagradable codiciosa por no querer entregar todo,3,enojo
salí de la oficina sintiéndome desanimado,0,tristeza
estoy al final del día y estoy agotado y sintiéndome muy desanimado y poco apreciado en este momento.,0,tristeza
"no puedo soportarlo, siento que él me está espiando y no confía en mí y, sobre todo, siento falta de respeto a mi personalidad.",1,alegria
"solo lo hago para mantenerme al día con ian, pero realmente me siento una mierda al respecto y desearía poder salir con ian",0,tristeza
vi luciérnaga y serenidad de nuevo últimamente como id renunció a él con sentimientos encontrados antes y parece ser bastante popular,1,alegria
"me siento quebrado por dentro, pero no lo admito",0,tristeza
"extraño a lev y no pensé que últimamente en la escuela nos hemos estado frotando entre sí las malas direcciones, creo, pero siento que el descanso está sirviendo como un espléndido tiempo de limpieza.",1,alegria
"nunca me siento aceptado, pero primero tienes que seguir los pasos, eres un editor que lleva un registro del tiempo pasado en el ministerio tratando de obtener más miembros.",2,amor
me sentía desanimado y descontento y yo era un href http tracifishbowl,0,tristeza
"también necesito recordar lo mal que comer en exceso me hace sentir no solo la plenitud, sino la resaca que recibo de la comida que es demasiado rica o demasiado azucarada.",1,alegria
"me siento agotada, agotada, esta conversación realmente me la ha quitado",0,tristeza
sentiría una puñalada violenta de soledad,3,enojo
"uso el avisador para descubrir la fuente de mis sentimientos, me permite comprender y darme cuenta de que no hay solución para estos sentimientos pasados, solo estoy lidiando con la conciencia compasiva.",2,amor
me siento agraciado por la oportunidad de hacer una diferencia,1,alegria
no me sentiría sospechoso de terrorista musulmán como para volar cosas secuestrar aviones secuestro uso bio guerra y disparar,4,miedo
me siento reacio a unirme al viaje de clase a beijing,4,miedo
tendré episodios espontáneos de necesidad de sentirme productivo o al menos ocupado y no tengo nada que hacer.,1,alegria
siento que hay algunos que todavía nos quieren juntos y estoy siendo rebelde,3,enojo
"no sé si él sabía sobre la lechuga, pero yo por mi parte estaba nervioso acerca de cómo los múltiples perros en una cosa de vuelo iba a salir",4,miedo
tenía la sensación de que bernd tendría probabilidades esta semana y eso es más que generoso de la casa de apuestas.,2,amor
confío en que tiene un plan y si me mantengo fiel y escucho las impresiones en mi corazón me siento seguro de que todo estará bien y se resolverá para su plan.,1,alegria
también sé que si me olvido por un período de tiempo que causaría tensión o una sensación de malestar que tal vez estoy enojado con él,3,enojo
"no me gustó el primer libro debería haber quedado con mi instinto en que a uno le gustó el segundo libro bastante bien, el tercer libro fue un poco mejor y odié el último libro.",2,amor
siempre me siento glamoroso con un número de gucci que fluye sin importar qué tipo de día,1,alegria
"sentí simpatía por él y me gustó más al final de la historia, sin embargo, no siento que haya pasado suficiente tiempo en su turno.",2,amor
"no solo estoy agradecida de que todo parezca estar funcionando mientras termino la semana en mi nuevo trabajo, sino que también me siento muy afortunada de tener a las personas que hacemos en nuestras vidas.",1,alegria
estaba empezando a sentirme nervioso toda esta vida de fandom y construir y allí me puse mi vip pegatina,4,miedo
im feeling really positive desp,1,alegria
"soy fiel a lo que siento y he llegado a comprender que no estoy siendo fiel a la chica, sino a mí misma.",2,amor
me siento como una persona de mierda en este momento porque acabo de hacerlo o peor,0,tristeza
recuerdo la sensación del libro y estar increíblemente impresionado con él y saber que los enfermos tienen que leerlo de nuevo.,5,sorpresa
no quería sentir la decepción de que estaba seguro de venir por no conseguir más tráfico y reconocimiento que antes.,1,alegria
solo podía ver y sentir el veneno en mis venas que me privaba de la fuerza y la capacidad de sentir la alegría que sabía que me sostenía.,0,tristeza
"tengo que entrecerrar los ojos con una lupa para leerlo, elegí el pequeño diccionario oxford de gramática inglesa, al menos esto me hace sentir inteligente, incluso si destrozar mi vista para leerlo me convierte en un idiota.",1,alegria
camino al coche me siento triunfante con mi secreto,1,alegria
miro a mi alrededor a las personas que me rodean y me siento casi un poco envidioso acerca de cómo tienen una manera de motivarse a sentarse y estudiar tan duro.,3,enojo
"en general, solo uso los zapatos de práctica para la fiesta cuando me siento más casual al respecto.",1,alegria
a menudo siento que no son personas extremadamente inteligentes y talentosas.,1,alegria
"supongo que ella se ha abierto y lo conoció por más tiempo, pero no puedo evitar sentirme un poco ignorada.",0,tristeza
"lo siento por la familia de steve irwin, pero fue un trágico accidente.",0,tristeza
"me siento energizado, pero me parece que soy mucho más extrovertido y amable",1,alegria
empiezo a sentirme molesto por todo el asunto y termino pidiendo pizza.,3,enojo
estoy sentado allí con ambas tetas colgando así que por qué me siento incómodo,4,miedo
tecleo esto puedo ver mi inaceptablemente enorme muffin top que sobresale de mi parte superior y me siento disgustado de que estoy dejando todo mi trabajo duro de rondas anteriores ir a la basura,3,enojo
tengo las vejigas secas todo listo para un día me siento valiente,1,alegria
también siento que es una pieza de transición para mí todavía dulce y elegante añadiendo ese toque a mi estilo rebelde más punk gótico en el que estoy cayendo últimamente.,1,alegria
me fui sintiéndome indefenso y más que un poco triste,4,miedo
"he sido honestamente autocomplaciente y bastante imprudente con mi consumo de cigarrillos con cafeína y comida chatarra, lo que combinado con el ingrediente peligroso del clima helado me ha hecho sentir grasa letárgica y no apta.",0,tristeza
siento que podría haber sido demasiado sombrío al respecto,0,tristeza
"de hecho, me avergenzo",0,tristeza
me siento alrededor y me siento desilusionado con la escuela,0,tristeza
i tween se sentó para mi jefe de mamás de años y niños de años este fin de semana id decir niñera pero eso se siente raro teniendo en cuenta que había n,5,sorpresa
me he sentido muy desanimado las últimas semanas,0,tristeza
insultado por gente asquerosa,3,enojo
siento un conflicto interno entre mi sentido del deber y mi deseo de jugar.,1,alegria
"me siento bastante determinado en este momento, solo tengo que mantener mi determinación fluyendo de ahora en adelante.",1,alegria
estaba cansado y dolorido y realmente no me sentía como makin el viaje de una milla a la iglesia estaba encantado de estar allí y disfruté cada minuto de ella,1,alegria
tengo la sensación de que no encuentran que el whisky sea gracioso allí en el departamento de salud.,1,alegria
"me siento negligente siento como que debería haberme quedado por un mes o dos, pero no pude",0,tristeza
estaba cansado y me sentía irritable como resultado,3,enojo
"pensé que era agradable, así que me fui sintiéndome bastante satisfecho con el café",1,alegria
siento que su imagen ciertamente ha sido dañada por todo esto.,0,tristeza
"siento que esto podría ser un tema peligroso si alguien siente pasión por los pianos, pero ha estado en mi mente por un tiempo y pensé que valía la pena discutirlo, no porque vaya a pintar mi piano con el que crecí, así que deja de hiperventilar a mamá.",3,enojo
solo puedo sentirme rechazado y arrojado a un lado y herido durante tanto tiempo antes de tener suficientes agallas para levantarme y seguir adelante,0,tristeza
en serio siento que me estoy volviendo más y más aburrido todos los días,0,tristeza
siento que mis dos últimas clases no simplificaron la instrucción lo suficiente o hicieron suficiente demostración porque tenía muchos estudiantes con miradas en blanco o no se aplicaban en los proyectos.,0,tristeza
tengo ganas de escuchar música suave,1,alegria
realmente espero que ella comparta los mismos sentimientos que serían tan maravillosos juntos.,1,alegria
siempre he encontrado que hay paz sin descubrir bajo el agua más profunda que me hacen sentir tranquilo al mismo tiempo cuando tengo miedo a primera vista lo exploré,1,alegria
"me frustro, lo dejo o lo doy a todd para un descanso también porque de nuevo quiero que sienta paz y sentimientos de calma, no frustración.",1,alegria
empiezo a sentirme emocional,0,tristeza
quiero saber y sentirme amado mucho después de la primera vista,2,amor
"siento que tengo mi pie en la puerta del fantástico mundo de caminar y correr por los senderos, colinas y montañas.",1,alegria
me siento tan elegante tan maravilloso tan irresistible en este vestido que voy a soportar la incomodidad,1,alegria
me gustaría reducir la cantidad de celos que siento que dios nos ordena no estar celosos y siento que cada judío religioso o no debe obedecer esa prohibición.,3,enojo
no puedo dormir ella dijo irritado estoy sintiendo frío,3,enojo
una vez conocí a un terremoto que anunció con bastante entusiasmo que se sentía absolutamente maravilloso porque durante un período de aproximadamente quince días nada había estado sucediendo en su cerebro.,1,alegria
estoy aquí de nuevo sintiéndome confundido de lo que está sucediendo a mi alrededor buscando un plano para comprender una realidad que se siente como si fuera mi propia vida.,4,miedo
"no estaba enojada con él, estaba enojada con j por hacerme sentir sin importancia",0,tristeza
siento miedo cuando mi padre de repente abre una puerta,4,miedo
"me encanta el diseño de mediados de siglo y la sensación vintage creo que esto va a ser perfecto cuando se combina con su cómoda actual, que ahora mismo es blanca, pero puede ser roja después de que lo tenga en mis manos",1,alegria
vi que había más piedras jackie estaba de pie allí de cierta manera puedo sentir que se sentía un poco agitada,4,miedo
no rompí en lágrimas o alguna otra liberación devastadora de sentimientos o pensamientos porque parecía saber que los ricos también tenían que pasar por su propio espacio sin que yo simplemente lo soltara.,1,alegria
me siento como una persona codiciosa por gustar a dos personas,3,enojo
me siento mucho más optimista de lo que era antes de venir aquí o en el camino aquí,1,alegria
"no puedo dejar de escuchar para sentir que la otra cosa genial de este álbum es la pluma en relieve en la portada, sé que no se puede ver en la imagen gracias a la cámara",1,alegria
honestamente no estoy seguro de cómo me siento aturdido,5,sorpresa
mentí sobre mis sentimientos y por eso ahora soy odiado por la única persona que pensé que realmente me entendía.,0,tristeza
me siento demasiado gruñón para ser propiamente penitencial,3,enojo
me siento resentido e irritable,3,enojo
quiero ser feliz y sentirme amado,2,amor
me gusta la frase tener sentimientos sumisos y luego ser sumiso,0,tristeza
me siento feo quiero decir que estoy siendo calle,0,tristeza
siento algo dentro de paul diciendo joder deja hacer esto deja ir para que se rompa,0,tristeza
"comencé a hacer que la cena se sintiera bien y que había tenido éxito en escuchar, lo que resultó en un esposo ahora alegre.",1,alegria
estaba desconsolada o me sentía demasiado romántica y ni siquiera siento que haya hecho conexiones como esa.,2,amor
me siento tenso es cualquier maravilla no sé lo que es correcto,4,miedo
me siento mucho más seguro de que en cualquier otro momento he estado en la india en el pasado,1,alegria
tengo miedo de vivir solo viviendo lejos de ellos.,4,miedo
trato de no quejarme o mostrarles mis ataques porque se sienten tan indefensos como lo haría cualquier padre.,4,miedo
quería que se sintiera especial para todos los invitados que alise y jeremy eligieron,1,alegria
"me siento un poco triste por eso, pero la navidad apenas está encendida.",0,tristeza
no vi nada en la mesa del comedor se había movido creo que estoy empezando a sentir su seguro para salir de nuevo,1,alegria
tengo tacos porque no me sentía demasiado aventurero,1,alegria
"siento que tenemos una cosa maravillosa llamada un espacio de respiración minuto se puede detener en cualquier momento del día, incluso cuando usted está conduciendo a lo largo de la autopista o en medio de una llamada telefónica importante",1,alegria
"te siento que no creo en ti, pero mantengo mi fidelidad a ti, dios me da la oportunidad de sentir lo que es apático después de eso, pero mucho apático abrir mi mente que puedo ocultar este sentimiento por ti, sé que estás jugando conmigo, muestras tu amor y tal vez después de que te hayas ido, sucederá",1,alegria
soy una persona tan privada y aunque no voy a entrar en nada demasiado personal me siento ansioso simplemente escribiendo esto,4,miedo
me siento como un sucio sanar e inconformable,0,tristeza
siento que tengo mi mirada y dulce naturaleza de mi mamá,2,amor
me encanta taylor swift porque tiene tantas canciones inspiradoras y su canción siempre representa lo que siento y ella es tan hermosa y es muy agradable con sus fans.,1,alegria
admito que me sentí un poco alarmada de que su libro también se basara en viejas sarawak y parecía haber líneas argumentales paralelas a las crónicas de la jugra.,4,miedo
"en realidad voy a intentarlo de nuevo este mes porque tenía mucha de mi mente en junio y creo que eso me llevó a sentirme un poco letárgico, así que los dedos cruzados lo hacen mejor esta vez.",0,tristeza
siento que mis argumentos secundarios son más fuertes y apoyo mis afirmaciones mejor que al principio.,1,alegria
siento curiosidad por el tema,5,sorpresa
todavía me siento como un niño con ganas de soplar los regalos abiertos vela y todas esas cosas buenas,1,alegria
"me siento un poco arrepentido, pero pasará porque eso es lo que sucede con el arrepentimiento",0,tristeza
i hombres zhu dijo es snapbacks barato también me siento aquí demasiado peligroso en la actualidad por el bien de debajo de la puerta de seguridad ya que ver o salir de este templo de loto verde primero al por mayor obedecer sombreros snapback,3,enojo
me siento un poco menos agobiado,0,tristeza
me siento aturdido e inseguro de un mundo en el que los jóvenes moribundos y los desastres que sacrifican tantas vidas en una franja suceden y mucho menos suceden con la frecuencia lo suficientemente grande como para hacerme encogerme.,5,sorpresa
"ahora también estoy bajando libras, así que me siento tan bien que todavía tengo otro para ir al menos bien, ese es el plan de todos modos.",1,alegria
estoy empezando a sentir que estoy sufriendo de fatiga,0,tristeza
estoy muy cansado de sentirme como una persona tan horrible,0,tristeza
"quiero hacer todo, pero no puedo evitar sentirme codicioso",3,enojo
"estaré gratamente sorprendido y votaré mucho por él, pero tengo la sensación de que un regreso digno tendrá que conformarse con el sr. johnson esta vez.",1,alegria
rezo por aquellos que se sienten sin amor y solos,0,tristeza
nos deja con la esperanza de nuevas grabaciones más adelante en el año.,1,alegria
soy muy me siento muy privilegiada habiendo dicho todo lo que soy muy privilegiada,1,alegria
siento que me he condenado al fracaso,0,tristeza
me siento tan triste en este momento,0,tristeza
"me olvidé de tomarlo ayer, así que esta mañana tomé dos me siento súper enfermo ahora",1,alegria
le dije bien que solo me hace sentir muy poco importante que no se puede hacer el esfuerzo para hacerlo bien,0,tristeza
me siento rico para una ocasión especial voy a comprar cangrejo,1,alegria
miré hacia abajo y festejé con la vista de mis propias piernas y rodillas y memoricé la sensación de los autos balanceándose suavemente.,2,amor
yo estaba niñera mis hijos sin duda podría snark de nuevo en mí cuando nos sentía perra pero siento que el sarcasmo debe mantenerse alejado de la ropa de los niños,3,enojo
tengo esa sensación abrumadora de no ser lo suficientemente bueno recientemente.,1,alegria
"siento que me odiaban, pero tengo demasiado miedo de escuchar la cinta.",3,enojo
no quiero que se sienta irrespetado o no amado,0,tristeza
todavía tenía la sensación y me sorprendió,5,sorpresa
solo quiero que vea cómo se siente cuando hace algo que siento que es desagradable.,3,enojo
voy a la escuela después de tener una mañana horrible y siento que estoy meing odiado en mi cada y me siento solo y siempre he estado y estoy emocional muy lejos de todos los demás,0,tristeza
no puedo decir si los momentos de shock que no estoy sintiendo son porque estoy hastiado o si lovecraft realmente perdió la nota para usar una analogía musical.,0,tristeza
"sé la razón principal por la que siento que me estoy perdiendo seguro de si alguna vez recuperaré esas piezas, pero aún no estoy listo para hablar de eso.",4,miedo
puedo recordar sentirme realmente sorprendido de cómo podría sentarme en mi sala de juegos y encontrarme escapando a un lugar completamente nuevo.,5,sorpresa
aprendí en este corto viaje hasta ahora es que sé cuando mi cuerpo ha tenido suficiente de azúcar y comida rápida y basura a pesar de que esos días son lejanos y pocos entre me empiezo a sentir letárgico,0,tristeza
"siento que hablar durante un mes es aceptable, pero por favor, por favor, únanse después de eso.",1,alegria
"no vi cómo mi ir en el ejército y tal vez ir a vietnam lograría cualquier cosa, excepto la sensación de que me había castigado a mí mismo y obtuve lo que merecía.",0,tristeza
siento que esta es una parábola muy veraz porque es tan evidente en todos los aspectos de la vida.,1,alegria
im sentimiento cachonda yo go a omegle y tener sexo chats cyber sexo con chicos,2,amor
me siento vital lleno de energía todos los días y súper positivo,1,alegria
sé que cuando he tenido un día de mierda y no me siento productivo me siento pésimo y somnoliento por la noche,1,alegria
me siento divertido sobre el día de las madres,5,sorpresa
tiendo a perder la sensación del agua bastante rápido cuando no estoy en el agua cada dos días y sentí esto durante la carrera.,1,alegria
"no sé si es normal sentirse malhumorado y llorón en esta etapa de mi embarazo, pero últimamente me he estado sintiendo muy triste y decepcionado por no dar a luz el fin de semana pasado después de sentir que estaba teniendo dolores de parto temprano el viernes por la mañana hasta la mañana del sábado.",3,enojo
"le diré honestamente que los niños generalmente pueden ser muy difíciles para mí, pero cuando se trata de ser un apoyo para ayudarlos a superar las circunstancias y superarlo, siento que mi experiencia en ese campo es valiosa y beneficiosa.",1,alegria
"bebí mucho y tengo en mis manos todo tipo de drogas, pero la mayor parte del dolor que siento hoy se puede atribuir a la falta de sueño y las horas que pasamos caminando por atlanta.",0,tristeza
no quiero sentirme arrepentido porque no te detuve de fumar antes de que se hiciera tanto daño.,0,tristeza
"tenía la sensación de que tenía dos demasiados como era, pero oh bien",1,alegria
estoy sintiendo y me permite distraerme de mi propia vida y atraparme en los demás a pesar de que no son personas reales.,3,enojo
ive nunca tuvo un instinto maternal una sensación de melancolía ni tienen la necesidad de decir aww él ella es tan linda cuando un por supuesto pateando y gritando mocoso está en la habitación,1,alegria
me siento idiota tamizando a través de sitios personales solo nervios,0,tristeza
me siento muy hostil ante la idea de sacar mi tarjeta de crédito,3,enojo
siento que los diseñadores más talentosos de los ilustradores son los que saben cómo transmitir una idea sin las trampas del rayado cruzado y los destellos de las lentes en todo.,1,alegria
"siento que está resuelto, mientras que antes había algo de negatividad allí.",1,alegria
"básicamente, he estado llamando en frío a empresas con muy poco éxito, por lo que me he sentido deprimido por desanimarme.",0,tristeza
"me siento aquí para escribir, empiezo a desenterrar mis sentimientos y creo que tengo miedo de aceptar la posibilidad de que él no lo haga.",4,miedo
estoy reviviendo todos los sentimientos de ser rechazado menos que y no lo suficientemente bueno de hace años,0,tristeza
estoy seguro de que esta será una noche para recordar,1,alegria
llegué a la navidad sintiéndome positivo sobre el futuro y con la esperanza de que los ingresos hospitalarios finalmente estuvieran detrás de mí.,1,alegria
me siento incómodo en el trabajo a veces y creo que la gente podría estar hablando de mí rel marcador me siento incómodo en el trabajo a veces y creo que la gente podría estar hablando de mí abril una clase url fn n href http www,0,tristeza
me siento extremadamente celoso cuando ranbir trabaja con otros directores ayan mukerji filmfare,3,enojo
me siento tan inútil para ella porque la ayuda que quiero darle es la clase en la que ella no cree y no quiere.,0,tristeza
también he conocido el dolor de sentirse inútil demasiado roto demasiado marcado para siempre span estilo mso bidi tamaño de la fuente,0,tristeza
me siento inadecuado en esos momentos como mamá.,0,tristeza
"dejaré de joder a todos en la tienda de marcos, por lo que no me sentiría mal además de británico",0,tristeza
siento que el miembro más cariñoso dejará un agujero gigantesco que lo más probable es que fukumura mizuki rellene con el tiempo.,2,amor
me siento tan seguro de escucharlos y saber cómo es su día como y todo,1,alegria
puedo sentir que creo que he determinado a un href http usarious,1,alegria
"creo que nos tomó tanto tiempo construir un buen inventario de salsas, aceites, especias y otros productos no perecederos para sentir que tenemos la oportunidad de hacer algo delicioso sin tener que salir específicamente y comprar cada artículo en una receta.",1,alegria
"realmente desearía tener el coraje de arrastrar una hoja sobre mi piel, desearía poder hacerlo, desearía poder ver la sangre y sentir esa dulce liberación a medida que comienza a derramarse de mi carne y en mi cuerpo.",2,amor
me estoy despertando sin dormir lo suficiente y sintiéndome aturdido,5,sorpresa
"mi madre no regresó a casa hasta altas horas de la noche hace siglos, de todos modos, si no sé dónde están mis padres y cuándo volverán, empiezo a pensar que tal vez hayan tenido un accidente y tal vez estén muertos.",4,miedo
no me he sentido muy sociable,1,alegria
si te sientes valiente,1,alegria
todavía me siento feliz cada vez que pienso en eso,1,alegria
"siento que satanás no quiere estos aquí, así que voy a estar mucho más decidido a sacar esto.",1,alegria
he leído varias páginas y todavía me siento inseguro siento que he perdido mi tiempo y no puedo participar con el argumento principal,4,miedo
he admitido la derrota y pidió a la otra mitad para volver del lago coz me siento tan tenso ya,4,miedo
solo necesito estar en un lugar donde me sienta valorada,1,alegria
"de hecho, he estado en china durante algún tiempo y siento que la gente era bastante amable",1,alegria
"me siento un poco letárgico últimamente, pero la escuela sigue siendo la escuela",0,tristeza
me siento exhausto hoy,0,tristeza
recuerdo que me sentí conmocionado y algo avergonzado de que el rito de unidad adf en el que estaba consagrado fuera tanto sobre mí.,5,sorpresa
"he estado orando todos los días al respecto y me siento cada vez más convencido de que esto es a lo que dios me ha llamado, así que veremos.",1,alegria
me siento un poco mezquino blogueando sobre esto,3,enojo
sé cómo todos ustedes se sienten mi mil me ha odiado desde el día,0,tristeza
me siento bastante patético y miserable en realidad,0,tristeza
siento que estoy siendo castigado por ir a la escuela,0,tristeza
no me sentí intimidado o estúpido por un minuto.,4,miedo
me siento aturdida y desorientada,0,tristeza
"me siento ingrato por quejarme, pero también me siento engañado por estar sentado aquí tranquilamente.",0,tristeza
tengo un collar completo con candado en la parte posterior que me pongo cuando me siento sumisa,0,tristeza
"a fábrica de caramelos era claramente una línea de producción turística, pero no se sentía desagradable o apresurado simplemente bien planeado y profesional una visita interesante y pintoresca",0,tristeza
me siento culpable por eso,0,tristeza
me siento con ganas de volver,1,alegria
"me siento tan nostálgico últimamente me gustaría decir que es porque estoy anhelando un tiempo más simple, pero esos momentos en los que me encuentro pensando están lejos de ser simples.",2,amor
siempre gané los concursos de baile cuando fui allí y fue una gran sensación tener a todo el mundo mirándote y saber que los entretenías.,1,alegria
recuerdo es la sensación de caer y miyavi s cara conmocionada,5,sorpresa
dije sin emoción mientras sentía una ansiedad temerosa que brotaba en mi pecho,4,miedo
me encuentro teniendo mucho más tiempo para pensar en mí mismo sin sentirme deprimido para poder escribir e imaginar sin sentirme atrapado o como si me estuviera perdiendo algo de una sensación casi constante que tengo en las ciudades.,0,tristeza
me siento como si fueras importante para mí,1,alegria
me desperté el sábado sintiéndome tan feliz de que era sábado y que la semana laboral estaba detrás de mí.,1,alegria
he dado dicho amigo espacio distancia hablado con amigo sobre problemas dado amigo más espacio y ahora me queda con una amistad amarga que nunca será lo que era y una sensación de ser ignorado,0,tristeza
"sigo sintiendo que no soy querido, no deseado, sin importancia a los ojos de todos en absoluto.",0,tristeza
"no iba a hacer esto sobre lo que no puedo comer y sentir que estaba sufriendo o renunciar a nada, iba a hacer esto sobre lo que iba a ganar y lo que podía comer.",0,tristeza
siento que sé que algunos de ustedes me dan un pequeño vistazo en sus vidas se siente triste cuando estás triste y feliz por ti cuando las cosas van bien,0,tristeza
me siento como él es un poco lindo también,1,alegria
"he estado sintiendo nostalgia durante varios meses, probablemente desde navidad",0,tristeza
sé que será menos bienvenida por algunos que sienten que tenemos que ser feroces y valientes y mostrar a la comunidad mágica que vamos a continuar nuestro trabajo para librar a inglaterra de mudbloods y medias razas y todo lo demás.,3,enojo
me encanta la forma en que se siente me encanta su permanencia me encanta la sensación nostálgica de las llaves bajo mis dedos,2,amor
puedo sentir el dulce eufórico aroma de la justicia,1,alegria
me siento en mí chispa dulce pasión aretha amor todo el dolor lejos saltar a ella el mundo jamaica festival de música grandes éxitos whos zoom que aretha sabía que me estabas esperando feat,1,alegria
"también creo que vale la pena mencionar que makin it la lluvia puede ser aceptable en un club de striptease, pero no en su cineplex local",1,alegria
me siento como que voy a romper en cualquier momento y llegar a ser tan loco y desquiciado a la helena bonham carter en sweeney todd,3,enojo
me siento tan desesperada y extraña y todo lo que realmente quiero es desaparecer realmente,0,tristeza
"sentí una conexión entre los dos, no estaba convencido de que hubieran llegado a la etapa del amor todavía.",1,alegria
me siento agobiado por las responsabilidades y las presiones,0,tristeza
me siento más seguro y tengo que pensar menos en lo que digo en los días en que evito el inglés y leo la gramática francesa por la mañana.,1,alegria
tengo la sensación de que esta semana va a ser espléndida,1,alegria
me siento acerca de poner en caras valientes joder que vamos a ser reales,1,alegria
"me siento aceptable, incluso deseable",1,alegria
"creo que sentirse insultado era algo bueno, tal vez si todos nos sintiéramos insultados y lo dejáramos claro cuando alguien ataca con un insulto racial religioso a pesar de que no está dirigido a usted personalmente, aquellos que hicieron el comentario podrían aprender algo.",3,enojo
"me hiero un poco demasiado fuerte para ello, recuerdo los sentimientos paranoicos más vívidamente que los suaves.",1,alegria
yo estaba chasqueando a todo el mundo y sintiéndome muy gruñón en general,3,enojo
"vivo entre mis momentos de sol, a veces me siento como una muñeca en un estante o una perversa marioneta.",0,tristeza
me siento patético incluso leyendo esto y los pensamientos como wow soy un perdedor barajar a través de mi mente,0,tristeza
"sé cómo sueno y me siento mal conmigo mismo por sonar de esa manera y por sentir la forma en que sueno, pero hice una buena contribución en el trabajo hoy y ahora el chip está en mi hombro cuando pienso en el maltrato que he recibido.",0,tristeza
"estoy feliz de ver que él está apagado con suerte un buen trabajo, pero no puedo ayudar a sentirse un poco codicioso",3,enojo
"me encantan las discusiones en la clase y me apasionan los temas feministas, pero cuando voy a escribirlo siento como si lo estuviera fingiendo.",2,amor
me siento generoso de nuevo aquí es en su totalidad para el consumo libre,1,alegria
siento que hay mucho de mí que no sería aceptado si solo se quisiera el lado emocional de mí.,1,alegria
estoy tomando un año ahora así que por primera vez en un buen tiempo me siento relajado,1,alegria
"todavía salí del estudio sintiéndome bastante suave y fría, una manera perfecta de conmemorar el aniversario de mi entrenamiento con rudy el mismo fin de semana que me gradué del programa hace años.",1,alegria
"me siento tan poco importante para todos ellos que todos tienen más amigos especiales, parejas, etc. en sus vidas.",0,tristeza
me siento muy valorado por mis pacientes,1,alegria
me sentí un poco menos inhibido en clase esta noche.,4,miedo
me siento como si estuviera solo en este mundo otros días me siento como si estuviera rodeado o estar encerrado en y solo quiero estar solo,0,tristeza
odio los animales de peluche que me hacen sentir un poco violento y he sido conocido por darles un puñetazo,3,enojo
siento que la presencia de dios algo terrible sucede me di cuenta de mi propia indignidad mis propias faltas y sí mi propio pecado,4,miedo
tengo ido para mi entrenamiento de k o un baño entonces me siento energizado y ser productivo como realmente limpiar mi habitación,1,alegria
he leído y experimentado yendo vegetariano a vegano de un comedor de carne cómo las toxinas salen de su cuerpo y te hacen sentir irritable y gruñón,3,enojo
me siento muy afortunado de tenerla como mi mamá,1,alegria
a veces siento que es un suave recordatorio de por qué estamos adoptando,2,amor
"no me sentía desanimado o deprimido, aunque siempre hay desafíos para estar seguro.",0,tristeza
estoy con ella porque saca lo mejor de mí cuando me siento deprimida.,0,tristeza
tengo que ir a una reunión y tengo sueño muchas veces me dormiré en esa reunión o lucharé para permanecer despierto y siento que estoy siendo torturado para permanecer despierto,4,miedo
tiendo a convertirme en un poco animado cuando hablo de algo en lo que me siento apasionado,2,amor
"empiezo a sentirme muy mal, pero me imagino que fue cosa de embarazo",0,tristeza
creo que tendrá el lujo de mirar hacia atrás en sus momentos de moda y sentirse orgullosa.,1,alegria
siento que partes de mí que fueron reprimidas y enterradas durante tanto tiempo están saliendo a la superficie.,0,tristeza
"siento un dolor sordo, un dolor agudo en mi pecho, un vacío abrumador.",0,tristeza
recientemente mencioné que siento que los mundos salvajes no están haciendo un buen trabajo modelando el tipo de historia que robin y estoy contando en nuestro juego de dúo actual y estoy dispuesto a experimentar con otro sistema.,3,enojo
simplemente no me gusta sonreír no tengo ganas de hablar y no quiero ser considerado,1,alegria
odio sentirme como si no fuera fuerte,1,alegria
también me sentía bastante mal al ser despedido cuatro días antes de navidad.,0,tristeza
me siento agitado y nervioso y como me acabo de comer una botella de pastillas de cafeína,4,miedo
me desperté sintiéndome muy perturbado,0,tristeza
enfermo llegar a ella este trimestre me siento esperanzado acerca de este,1,alegria
yo demasiado pc en la sensación de un poco de shock,5,sorpresa
pienso en cuántos años pasé sintiéndome furioso por mi perspectiva dramática del mundo y mi naturaleza extremadamente sensible.,3,enojo
"ya me siento sentimental por su tiempo como recién nacido, ya que era tan pequeño y tristemente ha superado algunos trajes ahorrados favoritos.",0,tristeza
me siento como un pequeño traidor codicioso estoy buscando entre estas cubiertas hey poco mocos me llevan,3,enojo
sé que después me siento un infierno de mucho más suave amplificador relajado simplemente por la risa y la tensión de estar abajo en los vertederos simplemente se desvanece,1,alegria
me siento muy raro acerca de gran parte de mi seguridad psicológica que viene de noah proporcionar dinero,5,sorpresa
me siento golpeado por ella,0,tristeza
conduzco a casa me siento como un ladrón de poca monta que acaba de robar las exposiciones crudamente atrapados en mi cámara de los antiguos,3,enojo
me siento tan privado de calorías al día,0,tristeza
me siento gruñón e impaciente y estoy listo para hacer que las cosas se muevan,3,enojo
soy pesado y me siento aburrido por todas partes creo que he dejado de respirar,0,tristeza
"me acordé de ver estas piezas y sentirme tan impresionado por ellas, pero al verlas de nuevo me sorprendió que estaba cegado por mis recuerdos.",5,sorpresa
obtengo los blues pre cumpleaños cuando paso o semanas sintiéndome un poco melancólico debido a todas las cosas que no he hecho mientras mi vida pasa por,0,tristeza
me siento menos sumisa,0,tristeza
me siento tan bendecido por el apoyo que tengo en casa es increíble,2,amor
te recordaré como alguien con quien podría sentirme tan cómodo,1,alegria
también puedo decir que no cómodamente cuando la gente me pregunta si siento que mi sexualidad está siendo reprimida.,0,tristeza
"no tengo mucho que decir sobre él, ya que funciona bien, pero no parece que sea algo muy inteligente o nuevo.",1,alegria
"lo supero con bastante rapidez, pero me hace sentir como si no me respetaran.",1,alegria
no he visto ese lado de él por un par de años ahora que él está en algunos medicamentos puede ser la depresión es genética y es por eso que me siento tan mierda todo el tiempo,0,tristeza
me siento un poco neurótico que mal pierdo mi trabajo,4,miedo
"quería actualizar los personajes que estaba creando y participar en batallas de un entorno similar transformaciones el aumento de la energía colores llamativos explosiones caóticas sentimientos de desesperación cuando el adversario te ha golpeado, etc.",0,tristeza
aprendí mi lección y nunca repetiría mi error he visto abuso infantil real y todavía no siento que abusé de mi hijo,0,tristeza
siento que la incertidumbre debería ser un mejor comunicador,4,miedo
"todavía me siento mentalmente en el juego, pero una serie de eventos desafortunados sobre los que no he escrito me habían sentado en el banquillo temporalmente.",0,tristeza
solo tengo que estar seguro de que todavía recuerdo seguir sintiéndome emocionado y disfrutando de lo que ya estoy haciendo en el camino.,1,alegria
siento que puedo jugar con el trabajo más que si estuviera tratando de ser una preciosa y costosa obra maestra.,1,alegria
"me encuentro lloriqueando sobre la temperatura todos los días en este momento, pero se siente ridículamente caliente",2,amor
supongo que me siento un poco vulnerable porque tengo que someterme a todos estos cambios físicos frente a todo el mundo y parece un poco desalentador.,4,miedo
"podría inculcar en mi mente todos mis sentimientos, todas mis experiencias leyéndolo, así que si odiaba todo lo que sucedió en el próximo libro, podría volver al primero y fingir que nunca pasó nada más allá de él.",3,enojo
"soy mayor y adopto niños si nacen gay, lo que creo que es algo nacido, no dude en discutir, respetaré eso al igual que aceptaré si nacen zurdos o jengibre.",1,alegria
siento que realmente me equivoqué comodoro,3,enojo
me siento aventurero y luego enfermo definitivamente ir a visitar algunas de las zonas pantanosas pantanosas y disfrutar de los hermosos cipreses y la vida silvestre,1,alegria
me siento aventurero y fiesty dejo de compararme con todo el mundo,1,alegria
me siento vacío por dentro todo el tiempo,0,tristeza
solo recuerdo estar tan completamente estresado y mientras me divertía siento que podría haber sido más animado,1,alegria
"me siento torturado por todo esto y no estoy muy seguro de cómo manejarlo, luego emborracharse sin parar para no sentir nada en absoluto",4,miedo
también siento una extraña sensación de culpa por todas las personas que no están en una situación similar para mudarse a un vecindario diferente.,5,sorpresa
asumo que taylor le ha informado de la última situación y que se siente seguro de que la seguridad del apartamento ya no se ve comprometida,1,alegria
"puedo sentirme aturdido por todas esas opciones, así que me encuentro parado frente a esa página en blanco incapaz de hacer un movimiento.",5,sorpresa
"odio sentirme desanimado, pero sigo tratando de comenzar el sofá a k de nuevo y simplemente no va bien en absoluto",0,tristeza
me he estado sintiendo gruñón durante los últimos días y simplemente no tengo ganas de ser mi yo optimista aquí en mi blog,3,enojo
"me pregunto constantemente, especialmente cuando me siento bajo o tengo dudas sobre mi futuro.",0,tristeza
realmente no puedo entender mi sensación causa es una mezcla entre amargo y agrio que incluso yo no consigo,3,enojo
de alguna manera me siento más vulnerable sin ella.,4,miedo
"me siento horrible por eso, pero él tiene que saber que no estoy mintiendo sobre lo que hace el niño a veces si el infierno se inclina a la espera de sí mismo",0,tristeza
"también me parece que si usted está sintiendo frío a continuación, salir de la escoba y cepillar un poco de vinagre y periódicos viejos y dar a la casa un repaso",3,enojo
me siento como una de esas personas que fueron desafortunadas y perdieron a su padre cuando lo fueron y la vida continúa.,0,tristeza
siento un poco desconfiado,4,miedo
siento que estoy en una montaña rusa emocional,0,tristeza
no siento pasión por la mayoría de los posts.,1,alegria
"no sentía que si estaba teniendo un día de mierda, normalmente no saldría y diría que estaba teniendo un día de mierda.",0,tristeza
creo que tengo la sensación de que eran los extraños para el uso de secadores la mayor parte del tiempo,5,sorpresa
"sé que la próxima vez que me tome un vaso de vino tinto, arroje un cubo de hielo grande y si me siento realmente rebelde, es posible que ni siquiera arremoline el vaso ni lo huela y le recomiendo que intente lo mismo.",3,enojo
no iba a poder dormir hasta que supiera cómo terminó y sobre todo debido a otra cosa de la que ni siquiera voy a hablar aquí porque me enoja de nuevo y también porque me siento horriblemente neurótico e inmaduro al molestarme por eso y así pasaremos por alto ese poco.,4,miedo
siento que te hará aún más cariñoso,2,amor
"lloré más de lo que nunca he llorado en realidad rara vez, pero a veces llego al corazón de mi dolor sobre los hombres en general y mi sensación de que estoy dañado de alguna manera y es por eso que a nadie le gusto, así que tal vez eso fue todo",0,tristeza
solo te digo que la sensación de un derrape no es agradable,1,alegria
solo tengo que pensar en una experiencia de la escuela secundaria y al instante me siento como esa tímida adolescente confundida y aterrorizada de nuevo,4,miedo
se supone que tengo que sentir acerca de una persona que estaba mezquinamente enamorado de tanto tiempo para mí que me dice que él no me verá cuando él tiene una novia porque él no puede ser fiel a ella si estoy alrededor,1,alegria
ejecuto el truco y trabajo mi magia lavavajillas me siento tan inteligente,1,alegria
"me gusta mucho el cepillo, pero desde que volví de españa sollozo y la liberación de técnicas reales empecé a usar el cepillo de cara experto para mi base líquida y el cepillo de polvo mineral sephora se sentó en la parte posterior de mi colección sintiéndome no amado",0,tristeza
"conocí más sobre las tres películas, siento un sincero respeto por el director richard linklater y todo el equipo de creación de esta historia de amor.",1,alegria
iv viví mi vida tratando tan duro de ser aceptado y de sentirme amado,2,amor
me siento tan impotente sabiendo que no puedo protegerlos y me preocupo por los demás ahora.,4,miedo
realmente odio esa sensación cuando no estás seguro de algo.,4,miedo
definitivamente siento que esas son tiernas misericordias de un padre celestial.,2,amor
me siento todo útil,1,alegria
me siento afortunado de haber escapado sin peores consecuencias,1,alegria
no me siento absolutamente aterrorizado de más dolor y más trauma a mi cuerpo ya maltratado,4,miedo
todavía me sonrojo y me siento sorprendido por las actividades recreativas que a veces escucho de mala gana y de buena gana a veces,5,sorpresa
"me siento más cómodo y me siento como im no solo seguro de que no expresa mucho su amor, pero sus pequeñas acciones lo compensan",1,alegria
me siento como un idiota egoísta perra,3,enojo
me siento seriamente enojado conmigo mismo por hacer algo fantabuloso pero completamente estúpido.,3,enojo
realmente no sentí mucho a pesar de la excelente actuación,1,alegria
estoy tan ocupado sintiéndome disgustado de mí mismo que no tengo ánimo para vengarme de ellos.,3,enojo
no puedo escribir porque tengo miedo de que mis pequeños pensamientos tontos no sean suficientes para ayudarte.,4,miedo
he sido consciente de un recuerdo traumático que ha estado surgiendo de vez en cuando dejándome sintiendo náuseas y siempre aterrorizado suavemente.,4,miedo
im sentirse bastante hostil durante toda la situación del albergue,3,enojo
"he sido despreciado devaluado o desconsolado o cuando estoy entre novios y necesito a alguien que me haga sentir valorado, atractivo, amado y adorado, tengo ciertos hombres a los que llamo",1,alegria
pregunté si alguien alguna vez ha confesado sus sentimientos por alguien y me aceptaron rechazado.,1,alegria
puedo sentir la torpeza y ese tipo extraño de tensión,4,miedo
estoy sintiendo un poco tierno y puré hoy y estoy haciendo mi mejor esfuerzo,2,amor
"todavía me siento un poco extraño con el dolor, pero sé que no es algo de dios, sino de satanás.",5,sorpresa
me siento muy nostálgico porque he disfrutado de esta esencia,2,amor
ya me siento como si estuviera siendo torturado por no tener ninguna,4,miedo
"tengo sentimientos encontrados sobre este libro, pero al menos se ve significativamente superior a la película.",1,alegria
ya me siento festiva,1,alegria
me siento apasionado en mi propia casa,1,alegria
podía sentirlo antes de verlo y olía delicioso,1,alegria
"tengo ganas de esconderme para evitar que otros se expongan a mi expresión decididamente desagradable de alegría anticristiana o los humbugs de bah, como me gusta llamarlo.",0,tristeza
"siento cuán totalmente confiado y dependiente de mí eres, no puedo soportar la idea de no estar nunca aquí.",1,alegria
honestamente siento que es casi trágico,0,tristeza
no podría estar completamente satisfecho porque anhelaba un compañero al que pudiera sentirme completamente dedicado ya que ahora estoy.,2,amor
me pregunto cómo se sentirían si alguien les gritara y luego les dijera cosas horriblemente groseras a sus espaldas más tarde.,3,enojo
me quedé allí dejándome sentir un poco de melancolía,0,tristeza
podría buscar soluciones en lugar de simplemente sentirme impotente en realidad hizo una gran diferencia,4,miedo
me sentí intimidado por la universidad y la gente en casa.,4,miedo
le dije que he estado sintiendo como que realmente no puede ser molestado conmigo,3,enojo
me siento muy irritable y todo me vuelve loco,3,enojo
quiero que ella se sienta valiosa porque ella es,1,alegria
me voy a casa sintiéndome destrozada y determinada al mismo tiempo,1,alegria
ni siquiera me siento fiel a todo esto.,2,amor
regresé de las vacaciones sintiéndome revitalizada e inspirada,1,alegria
trato de comprar solo telas que usaría en un proyecto o que siento que son realmente fabulosas,1,alegria
me sacudí mientras caminábamos hacia el expansivo aeropuerto internacional de la capital de beijing sintiéndome completamente divertido ante la perspectiva de una transferencia internacional en china.,1,alegria
me siento afortunado en mi cumpleaños,1,alegria
me siento muy orgullosa de los logros de mis hijas esta mañana.,1,alegria
"puedo ver en mí mismo mucho del hijo mayor, estoy enojado con dios, el padre no me da lo que quiero, aunque siento que he sido bastante fiel a él, aunque he jodido mucho.",1,alegria
me encantaría saber de usted así que siéntase libre de añadir sus comentarios o para enviarme un correo electrónico info wolfiewolfgang,1,alegria
me siento sentimental casi todos los días,0,tristeza
creo que su uniforme y su guante también lo hacen sentir muy importante.,1,alegria
me siento un poco patético que tengo un tiempo tan difícil con todo esto,0,tristeza
siento simpatía por los niños del mundo y los malos mensajes que les enviamos cuando vivimos en una cultura sin ley llena de insinuaciones de lo contrario.,2,amor
"estoy con mi novio y amigos me siento bien y genuinamente feliz, pero en el momento en que estoy sola me siento deprimida",1,alegria
hoy me siento extraordinariamente alegre,1,alegria
me siento bastante inspirado pero bajo disfrutaré de mi escritura y aunque pueda estar escribiendo sobre cosas mórbidas encontraré una manera de hacerla interesante de leer,1,alegria
puedo correr y se siente increíble,5,sorpresa
me siento un poco valiente y me aventure fuera de mi zona de confort y en la cocina,1,alegria
tengo la satisfacción de sentir que ya no estoy apoyando o contribuyendo al consumismo impulsado por el saqueador que ha hecho que un cadáver andante salga de los estados unidos que tanto veneraba cuando era más joven.,2,amor
"siento que este es otro de esos vestidos que se ve muy bien desde lejos, pero cuando miro más de cerca no me gusta tanto.",1,alegria
siento esta sensación cuando voy a rellenar un cuestionario o un formulario,3,enojo
siento que cuando entré en mi relación con mike me volví inoportuno en tu vida,0,tristeza
confieso a luchar este fin de semana muchas veces al final del día me sentiría triste y lloriqueo a mi novio adorable que yo waaaant a eaaaaat,0,tristeza
nunca pensé que me sentiría tan culpable por tratar de proteger los sentimientos de alguien.,0,tristeza
escribo que me siento un poco ansioso,4,miedo
siento la necesidad de enfatizar estas cosas en este momento debido a lo gruñón que he estado esta última semana,3,enojo
"sé que no debería sentirse fracasado, pero la única manera de volver y tomar esa es la decisión correcta sería volver y ganar un super bowl.",0,tristeza
me pregunto si ella puede recoger el estrés que estoy sintiendo cuando estoy tratando de alimentarla y aterrorizada de ser mordida porque ella no está alimentando mucho,4,miedo
"he estado tosiendo durante los últimos días y los músculos de mi estómago definitivamente se sienten más sensibles, el dolor de garganta es un nuevo desarrollo, al igual que la secreción nasal.",2,amor
solo puedo sentir pena por nosotros que la relación no funcionó,0,tristeza
me siento como un acosador paranoico o algo así,4,miedo
"tengo lo que ella está diciendo, pero en otro me siento enojado que ella tiene que tener una piel gruesa para soportar la mierda de las mujeres se acumulan el uno al otro",3,enojo
"estaba muy incómodo, pero lo superé porque me hizo sentir bonita una vez que puse todo lo demás junto",1,alegria
tengo la clara sensación repugnante que hizo una pausa mirando a kakashi y al resto de su ansiosa audiencia de que voy a arrepentirme de esto.,1,alegria
"luego pregunté, como a menudo lo hago en estas situaciones, cómo podría solucionar esto para que ella no sintiera que la odiaba debido a mi falta de publicaciones en su página de facebook.",0,tristeza
"me había subido a un cerezo solo y había una oruga gruesa al lado de mis dedos, me sentía disgustado por las orugas y serpientes, tenía mucho miedo de que la oruga se arrastrara sobre mis dedos por el miedo que era casi incapaz de bajar.",4,miedo
"no diré que los sentimientos inseguros se han ido, pero si me siento una mierda, simplemente agarro la tarjeta y la leo.",0,tristeza
"me he estado sintiendo un poco malhumorado con los niños esta semana bebé malhumorado quejándose de niños en edad preescolar, así que quería parar y recordar lo bendecido que realmente soy",3,enojo
me siento rechazado,0,tristeza
me siento cómodo corriendo dos millas no debería tener un problema corriendo,1,alegria
"estoy bastante seguro de que usaremos este nombre como segundo nombre si es una chica, ya que tiene un sentimiento tan especial y la conexión con su amapola es tan encantadora para mí.",2,amor
siento algún tipo de traición hacia mi amado si salgo y me follo a alguien,2,amor
me siento como una bola positiva de inspiración,1,alegria
creo que el arsenal podría ser claramente superior,1,alegria
"no quiero ser grosero, pero no siento que quiero estar preocupado con los pensamientos en este momento",0,tristeza
me siento tan idiota en este momento,0,tristeza
"veo a tanta gente que echa de menos el trabajo en la caída de un sombrero porque es solo un trabajo y no es muy importante para su ser en general y eso está bien, pero tengo que hacer algo que siento que vale la pena para ayudarme a permanecer en lo que considero un buen camino.",1,alegria
me siento jodidamente fantástico y quería compartir las noticias contigo,1,alegria
trama que hace que el lector se sienta como si estuviera con owen morgan durante su peligrosa empresa.,3,enojo
"por lo general, tengo una solución para este tipo de situaciones, pero en este momento me siento infeliz y descuidado.",0,tristeza
"comencé a sentir una falta de conexión con mi esposo, estoy seguro que como resultado directo de no pasar mucho tiempo juntos.",1,alegria
ni siquiera ir a las tiendas porque me siento tan desagradable,0,tristeza
me siento nostalgia nostalgia canaglia,0,tristeza
no me sentía inhibida en mi propio diario y me decía que no iba a leer más.,0,tristeza
"me siento mucho más relajado, estoy disfrutando de la vida de nuevo, estoy muy cómodo siendo yo mismo y nunca dejo de soñar y abordar nuevos proyectos.",1,alegria
"me siento aceptado y aunque los servicios voip compatibles con sip pueden ser utilizados como parte de la infraestructura de telefonía de una institución en el escritorio y, de hecho, en los teléfonos móviles, skype probablemente es la opción principal segura.",1,alegria
"no estaba segura de lo que provocó el pensamiento, ya que me siento tan bendecida en estos días y la idea de renunciar no ha sido parte de mi proceso de pensamiento y rara vez es en el tiempo que puedo recordar.",2,amor
"estoy sintiendo queezy y no puedo molestarme en poner esto en orden, así que aquí va",3,enojo
me siento la necesidad de suavizar encuentro algo en el ipod que me conviene o cuando estoy listo para bombear hacia arriba ive siempre tengo un ir a tono o dos para conseguir que me reved up,1,alegria
siento que todos esos ricos caen en la categoría de no pertenecer cuando los veo en el autobús.,1,alegria
"tengo la sensación de que juega con los medios sobre estos temas, me parece que trata de ser cool y con eso cuando habla.",1,alegria
me siento emocionado arrepentido y alarmado por estos cambios incluso las luciérnagas disminuyen a negro mientras hablamos con el b,1,alegria
solo me siento vagamente arrepentido,0,tristeza
los he estado reuniendo cuando me siento lo suficientemente valiente y presionándolos en casa bajo los libros.,1,alegria
realmente me siento irritado con todos estos,3,enojo
me siento muy emocionado por viajar porque no es frecuente que llegue a viajar y definitivamente no es frecuente que llegue a hacerlo de forma gratuita.,1,alegria
"me sentí bien antes de la carrera, pero una vez que empecé a correr, supongo que estaba sintiendo los efectos del frío y la congestión, realmente no me di cuenta de que todavía tenía",3,enojo
como en la tristeza a,3,enojo
siento que es más enérgico en singapur urbano que en cualquier otro lugar,1,alegria
me siento tan asustada por él,4,miedo
"los vi que algo estaba mal, me dijeron algunas excusas, pero me siento verdaderamente insultado y me siento desesperado de nuevo.",3,enojo
no me siento muy elegante hoy,1,alegria
siento que nadie me está dando la oportunidad de explicar y aceptar que nunca voy a ser feliz haciendo lo que esperan que haga.,1,alegria
traté de escribirlo como normal e ignoré todos los sentimientos lanzándome a una relación muy infructuosa con un chico cuando estaba a punto de hacerlo.,0,tristeza
siento que realmente me apoyo a mí mismo haciendo uso de lo que sé y amo.,1,alegria
"estoy emocionado de haber tenido la oportunidad de escapar y ahora me siento mucho más agradecido de lo que pensé que era solo una vida normal, pero me doy cuenta de que con una lente diferente para mirar a través es una muy buena, con mucho que agradecer todos los días.",1,alegria
id ha estado sintiendo un poco de curiosidad,5,sorpresa
estaba empezando a sentir la patada del alcohol y jerald se divirtió un poco y dijo que probablemente me vería media hora más tarde.,1,alegria
recuerdo haber sonreído cuando vi su foto y sentirme tan feliz por ustedes que finalmente pudieron conocer a su chica.,1,alegria
sé que personalmente me siento como estar en la cama durmiendo horas del día nunca trabajando de nuevo en mi vida y tal vez con el tiempo tomando caliente yoga o zumba o alguna pasión esque ama de casa cojo,2,amor
"me siento un poco avergonzada, pero aquí está la dra.",0,tristeza
me fui sintiéndome molesto y enojado pensando que era el centro de una broma estúpida.,3,enojo
"me siento sacudido por lo que hicieron los mps, pero lo haces todo mejor",4,miedo
me siento tonto,0,tristeza
recuerdo que mi madre y yo lloramos sosteniéndonos contra una puerta mientras él intentaba romperla y sentirse aterrorizado.,4,miedo
me siento emocionado por algo que es soley para mí aquí está el video al respecto,1,alegria
odio no sentirme útil,1,alegria
"puedo simpatizar totalmente con todos los que no hablan inglés nativo, ya que me siento como un niño de cinco años con daño cerebral cuando trato de hablar japonés durante cualquier período de tiempo.",0,tristeza
no me siento sorprendido,5,sorpresa
me siento desanimado es,0,tristeza
yo tenía el amor de mi vida en nathan estaba enamorado y la mierda y aquí estaba travis y sentí casi nada y estoy sentado aquí sintiéndome condenado que nunca volvería a encontrar a alguien que me daría esa chispa,0,tristeza
me siento apasionada por,2,amor
no tuve un guiño de sueño esa noche y seguí sintiéndome no tan fabuloso a la mañana siguiente.,1,alegria
me siento incómodo con el hecho de que estoy tan impotente en este momento,4,miedo
estoy sintiendo este anhelo por este amor sin fin que tal vez podríamos tener si nos permitimos a nosotros mismos.,2,amor
siento que el amor tenso tenía que mostrarme una cosa que estaba tan en lo cierto,4,miedo
"me siento bastante hastiado porque siempre he creído falsamente, parece que si uno tiene el verdadero amor de la caridad de cristo en el corazón por las personas, todo lo demás es secundario, ya que la caridad se promociona como lo más importante que hay que tener.",0,tristeza
he sido juzgada y menospreciada más veces que puedo contar por ser demasiados tonos de gris con demasiados sentimientos y ser demasiado gentil en un mundo que te pasará por encima dada la oportunidad.,2,amor
me siento un poco desesperada y lastimosa,0,tristeza
quiero ser recless pero me siento tan tenso poner su mamá en un bebé headlock y hacerlo bien whoooooos consiguió el crack whooooooos consiguió el crack whos consiguió el crack whos el craaaaaaack,4,miedo
"todavía no me sentía como yo mismo y odiaba estas fotos, pero me alegro mucho de que las hayamos tomado.",3,enojo
"siempre me siento impulsado espiritualmente, pero totalmente agotado físicamente.",0,tristeza
"supongo que podrías decir que soy un solitario, pero me siento más solo en una habitación llena de gente aburrida de lo que me siento por mi cuenta.",0,tristeza
no me siento demasiado preocupado por esto,0,tristeza
"me siento como que debería estar invirtiendo en un libro de tipo de cómo internet para dummies, pero realmente no me molesta mi estado como paria de internet.",3,enojo
no puedo evitar sentir lo agobiados que están mis padres,0,tristeza
me gustaría que santa claus fuera una persona real porque no me sentí tan codicioso cuando era un niño y pensé que estaba recibiendo mi botín de forma gratuita,3,enojo
me siento un poco inseguro aquí de todos modos volver a doha,4,miedo
"siento que no importa cuánta preparación haga, estoy condenado a ser mi viajero habitual sobre la marcha.",0,tristeza
me siento tan abusado y aprovechado de,0,tristeza
"puedo decir que a pesar de mis bromas ocasionales en sentido contrario, siento que es vital que el lector moderno entienda que no todos los alemanes eran nazis devotos y muchos de hecho detestaban la ideología del partido, especialmente académicos y aquellos que fueron reclutados a la fuerza para servir como gunther y compañía.",1,alegria
tengo ojeras bajo mis ojos me siento miserable realmente,0,tristeza
"me siento tan egoísta, pero solo quiero mantener a mi bebé cerca por un tiempo y no dejar que el resto del mundo entre a menos que tenga ganas.",3,enojo
me gustaría poder abrirme a las personas que no se sienten tan aterrorizadas por las reacciones y opiniones.,4,miedo
me gustaría que no me siento la forma en que me pongo mi corazón en mi manga tienes que creer las cosas que digo no son en vano créeme que son verdad,0,tristeza
me siento gruñón en un momento y luego cambia a un pánico y luego a tener esta sensación de que alguien o algo está detrás de mí,3,enojo
he dicho muchas veces que no quiero que se sienta falso o exagerado,0,tristeza
creo que los desarrolladores deben escuchar que la gente está realmente impresionada con su trabajo si lo están.,5,sorpresa
tengo que decir sin embargo es que es muy difícil sentirse glamoroso y sensacional en todo este calor ceniza hedor pelo graso y su modo básico después de la infección por levaduras,1,alegria
me siento como una víctima inocente que siento que no puedo ganar,1,alegria
vi el video de cena besando a maria y sorprendentemente no sentí que la odiara,0,tristeza
solo tengo unas pocas horas de sueño todavía siento que tengo que permanecer fiel a mi objetivo,1,alegria
me siento socialmente incómodo y no me gusta salir y conocer gente nueva y hacer cosas en grupos y ser aventurero.,0,tristeza
"tengo dificultades para preocuparme por la familia de los personajes principales, aunque las primeras temporadas tienen un apego cercano a las historias de apuestas que hacen que el matrimonio valga la pena porque se le estaba mintiendo para ser un ladrón de identidad.",1,alegria
"elijo el ratón porque me siento lindo a partir de ahora que estoy tropezado con las pilas de arena en varias ocasiones, mientras que vigorosamente dirigir",1,alegria
siento por estas personas que son algunas de las personas más inteligentes y talentosas que he conocido.,1,alegria
"siento que eso es lo que pasó con mi padre, era demasiado obstinadamente leal para dejar que me tirara como un pedazo de comida podrida.",2,amor
no puedo evitar sentirme un poco ansioso sobre cómo irá esta entrega con suerte otro vbac si todo va según lo planeado,4,miedo
siento que no puedo ser valiente,1,alegria
me siento profundamente complacido cuando mi plano de la mano se quita las virutas delgadas de madera con una precisión que es verdaderamente maravillosa.,1,alegria
"a regañadientes me comí un trozo de queso de cadena, pero estaba irritable porque no había perdido más peso y me sentía vanidoso por la forma en que me veía irónico, así que decidí vomitar de nuevo.",0,tristeza
también siento que no merezco la simpatía o la ayuda o el cuidado de nadie porque no me siento digno de nada.,2,amor
me siento tan cómodo a su alrededor,1,alegria
tengo este crush en mi compañero de autobús y me siento extraño al respecto porque solía despreciarlo,4,miedo
siento que una mente creativa aporta más diversidad y nuevas ideas a cualquier trabajo.,1,alegria
siento una especie de tristeza por los programas de televisión y el impulso de la cultura popular para las madres biológicas que no han terminado la escuela y no tienen medios reales de apoyo para mantener a sus bebés.,1,alegria
"no necesito esa sensación de aprobación social que anhelaba en este momento, ni siquiera siento esa culpa dolorosa que tan a menudo me daba dolores de cabeza.",0,tristeza
me siento mal por cualquiera que haya tenido que ver un partido conmigo.,0,tristeza
"tengo ganas de ser egoísta y mantener este foodie en secreto, pero ¿por qué iba a negar a todos los demás?",3,enojo
empecé a sentir un poco de frío,3,enojo
me siento mucho mejor y sin la ayuda del hielo,1,alegria
me odio a mí mismo por sentirme tan apático acerca de mi trabajo en clase,0,tristeza
"siento que cuando debes entrar para ver la película, debes sorprenderte gratamente con la conexión inherente de la película.",5,sorpresa
puedo decir honestamente que cada cosa buena en mi vida en este momento se está derrumbando y me siento demasiado terco para pedir ayuda.,3,enojo
dije que me siento increíblemente agradecido en general,1,alegria
me sentí como la persona más mezquina y mimada del planeta al sentirme tan podrida por mis problemas de lujo.,0,tristeza
soy una persona introvertida muy fuerte que siente que podrías decir que soy apasionadamente emocional incluso sobre la más insignificante de las cosas,0,tristeza
me siento como si no fuera muy inteligente,1,alegria
no bebo agua cargada de verde durante unos días me siento irritable y desorientado,3,enojo
me siento patético como si no tuviera sentido,0,tristeza
me siento estresado tiendo a scrapbook y hacer tarjetas,3,enojo
debo encontrar una manera de aceptar estas limitaciones hasta que sean mayores sin sentirme retenido o resentido.,3,enojo
"por lo general, me siento arrepentido y culpable después de la pelea, por lo general soy yo quien convierte la charla en una pelea, grito en voz alta y arrojo las cosas a mi lado con mamá.",0,tristeza
solo me siento asustada y estas son cosas tan pequeñas,4,miedo
"me siento ansioso por comenzar y emocionado ante la perspectiva del crecimiento personal y la profundización de mi relación con cristo, que espero ver en el transcurso de los próximos días.",1,alegria
"siento que realmente debería afirmarme de alguna manera, pero ella me sonríe a una mujer rubia agradable de mediana edad y me parece bien seguir a la deriva.",1,alegria
me siento tan mush más libre y menos reprimido,0,tristeza
estoy tan aliviado y emocionado y me siento seguro de nuevo,1,alegria
estaba regateando en la mesa de café de mamás mirando por la ventana y sintiéndome muy feliz,1,alegria
"tengo una buena idea para un post, pero me siento demasiado bajo para escribirlo.",0,tristeza
siento que estoy tan emocionada de contarte todo sobre corea ahora,1,alegria
ahora siento que todo lo resuelto se galvanizó psíquicamente y se preparó para luchar contra el mundo hasta el suelo.,1,alegria
me siento tan emocionada por la universidad,1,alegria
me siento culpable dejando una f,0,tristeza
estoy sintiendo y los síntomas de ibs que se han resuelto,1,alegria
siento que probablemente debería pasar a la carne de mi historia antes de que me distraiga demasiado con los platos de acompañamiento lo que le sucedió a la buena música.,3,enojo
tuve esa sensación en mucho tiempo y no pude decidir si me gustaba o no.,2,amor
"también odio sentirme agravado cuando no sé cómo se supone que debo comer porque cuando me siento de esa manera, a menudo sueno de esa manera.",3,enojo
me siento agobiado con la culpa de cargarla con la carga de saber acerca de mi carga.,0,tristeza
"me siento como un impostor en mi trabajo mientras sonrío y hablo sobre contratos de comportamiento, refuerzo positivo, reformulación cognitiva, actividad física y otros medios para disminuir la disolución o diferir el dolor de la realidad.",1,alegria
lo siento como un dolor sordo,0,tristeza
siento que los granos e incluso la polenta son un destino desafortunado para el maíz,0,tristeza
creo firmemente que lo que usted identifica como la prioridad debe ser respetado y explorado en el asesoramiento.,1,alegria
rara vez me siento culpable cuando mis risas están sobre mí.,0,tristeza
"no puedo esperar a que llegue septiembre, me siento tranquilo, supongo, en mi espera.",1,alegria
"estaba empezando a sentirme un poco arrepentido por la ruptura, así que pensé en escribir esta lista para recordarme por qué la rompí.",0,tristeza
me siento satisfecho con ello,1,alegria
"me siento tan ridículamente incómodo en estos días, el aumento de las temperaturas no ayuda y he agregado ardor de estómago malvado a la lista de cosas que me mantienen despierto por la noche.",4,miedo
"me siento muy triste y lo siento por mí mismo, pero pronto saldré mal de eso.",0,tristeza
me siento agobiado por mis propias expectativas,0,tristeza
me siento drenado de energía,0,tristeza
"siento que mi corazón está en tus manos, tu amor es todo lo que exijo, así que dame la oportunidad de mostrarte un dulce romance.",2,amor
me gusta lanzar en un habanero si me siento valiente y primavera cebollas,1,alegria
me siento así puedo mirar en esa cara dulce y recordar que se supone que te amo,1,alegria
me siento jodidamente genial después,1,alegria
conduje para pagarle por la merienda que me estaba mirando cansadamente y me sentía aturdido por lo que acababa de suceder y sentí una confianza que es inusual y rara,5,sorpresa
me encanta esta conexión con el aire libre escuchando a los pájaros que acaban de regresar de lejos y mi cara siendo mordida por el suave frío de una brisa de primavera y sintiéndome como si estuviera haciendo algo productivo.,1,alegria
recuerdo amsterdam donde las circunstancias eran difíciles y me sentía melancólico.,0,tristeza
simplemente siento que las citas son una parte importante de crecer.,1,alegria
me siento deliciosa gracias,1,alegria
ahora estoy en cyprus viendo mi línea de tiempo tan visiblemente y me pregunto por qué me siento tan estresado en casa cuando puedo sentirme tan relajado como lo hago ahora.,0,tristeza
"me siento inútil, entiendo que, pero no debido a mi jubilación, es porque mi lucha diaria me abruma a menudo.",0,tristeza
"no he saltado en uno todavía, pero definitivamente lo haré y hablando de ejercicio cardiovascular me sentía todo tipo de excelente después de una href",1,alegria
siento que los canadienses están llegando complacientes con el funcionamiento de nuestro país debido a lo bien que nos ha ido en la recesión.,1,alegria
todavía me siento un poco tembloroso mientras escribo este post,4,miedo
comí muy bien y lo que es aún mejor es que me siento fenomenal,1,alegria
me siento tan honrado de que lo disfruten lo suficiente como para crear con él.,1,alegria
estoy cansado de sentirme tonto,0,tristeza
puedo pasar de la risa eufórica a sumergirme de nuevo en mi miseria extrema en un simple intercambio que se siente tan peligroso ahora.,3,enojo
recuerdo sentirme tan inocente como parecía ese día.,1,alegria
"siento que se supone que soy comprensivo, pero me cuesta sentirme de esa manera, encontrar la repetición más molesta que cualquier otra cosa y tengo miedo de que se muestre.",2,amor
"sin embargo, realmente no me sentí como si hubiera alguno, así que estaba bastante encantado cuando a mi cerebro se le ocurrió la solución increíblemente obvia de preguntarle al tipo que vive en la otra mitad de mi dúplex si podía obtener dsl en su línea y configurar una red inalámbrica.",1,alegria
"yo estaba con ella, de hecho, así que estoy tomando eso como ella se siente arrepentida por lo que ha hecho.",0,tristeza
"siento que nuestra cultura y nuestra historia artística se están desvaneciendo lentamente, excepto en los pequeños grupos que intentan mantenerla viva.",1,alegria
"nunca he hecho nada para hacerla llorar o quiero que llore, pero después de cuatro meses me siento un poco extraño, nunca he visto ese lado de ella.",4,miedo
"estoy agradecido por la música que me hace reír, la música que me hace sentir fuerte, la música que me hace creer en mí mismo.",1,alegria
me siento libre me siento libertad,1,alegria
voy a tomar mi examen de conducir,4,miedo
"me siento increíblemente idiota, pero también estaba avergonzado porque no había sido su culpa en absoluto y le había gritado a uno de los trabajadores por teléfono por frustración por la necesidad de llamarlos un millón de veces enviando tantos correos electrónicos y aún así el problema no se resolvió.",0,tristeza
"sé que al final de la recepción me sentía un poco excluida, así que cuando chris me pidió que bailara, estaba encantada de aceptar.",1,alegria
sé que me siento mal todo el tiempo,0,tristeza
me siento codicioso sobre mi trabajo img altura src http forums,3,enojo
debería sentirme cabreado,3,enojo
"me siento tan envidioso y orgulloso de ti al mismo tiempo, si es posible sentirme de esa manera.",3,enojo
"no estoy necesariamente seguro de qué, pero algo en el sistema educativo debe cambiar o los estudiantes pueden sentir ansiedad y presión por la necesidad de ser impecables con su vasto conocimiento del mundo.",1,alegria
he estado sintiéndome mejor conmigo mismo,1,alegria
me siento como si estuvieran sucios todos,0,tristeza
me sentía muy ansioso por salir del campamento antes de que se dieran cuenta de que me habían dado el mejor regalo de todos los alojamientos y servicios gratuitos.,1,alegria
yo era el competidor en una fiesta y todos mis esfuerzos para conseguir que el show rodara fueron frustrados por el inmóvil.,3,enojo
"siento que he sido aceptado por ellos, creo, pero es como dije aquí cuando tropecé con el aspecto de algodón alto para las serpientes",1,alegria
digo esto principalmente porque no me sentía tan bien más tarde esa noche,1,alegria
"ya no soy rojo, se siente raro",4,miedo
se supone que me siento especial cuando ni siquiera te importa que sea un hombre barista y no un e,1,alegria
"sé que no debería estar reaccionando de esta manera a todo, pero no puedo evitarlo y me siento terriblemente mezquino y horrible, pero esta es la forma en que reacciono y tengo que lidiar con eso.",3,enojo
no puedo ayudar pero siento que estoy haciendo algo sucio,0,tristeza
terminaría sintiéndome rechazada y sintiendo como si me hubieran jugado una broma cruel al levantar mis esperanzas solo para aplastarlas a propósito.,0,tristeza
me encanta mecerla para que duerma a la hora de la siesta durante el día y no sentirse apresurado o agotado,3,enojo
me siento abrumado por la universidad con todo lo que había sucedido este semestre.,4,miedo
"tengo este sentimiento de seguridad sobre los personajes que quiero hacer si alguien más obtiene el papel, me temo que no lo harán bien.",4,miedo
"lancé mis ventanas durante minutos y luego todos estábamos congelados, así que tuve que cerrarlas y sentarme y disfrutar de esa sensación de tranquilidad que solo viene en esos pocos minutos preciosos cuando todo está impecablemente en orden.",1,alegria
realmente me siento sorprendido sobre cómo pueden hacer eso,5,sorpresa
estoy decidida a vivir una vida de amor y milagros,1,alegria
siento que se asustó al pensar que estaba poniendo mi mejor pie hacia adelante,4,miedo
"realmente estoy disfrutando de mi tiempo aquí, pero desde el cuarto de julio pasado y recordé sobre nyc y el hogar que he estado sintiendo un poco de nostalgia",0,tristeza
"lo hice y disfruté la mayor parte de mi carrera, pero ahora me siento codicioso",3,enojo
me siento tan inútil cuando estoy atrapado en esas situaciones,0,tristeza
siento que perdí mi llamado a ser veterinario porque podía pasar todo el día todos los días visitando a dioses criaturas preciosas y magníficas.,0,tristeza
voy a tener que decirme esto mucho hoy cuando me siento tan derrotado,0,tristeza
estaba en el baño me había sentado a orinar era para hacerme sentir sumisa de nuevo por instrucciones,0,tristeza
"me siento horrible sé que esta es una mala situación, pero por favor no me juzgues realmente me siento mal y la edad de consentimiento es en texas por lo que nuestra relación es legal",0,tristeza
me siento un poco ingrato porque todo el mundo siempre escribe sobre sus amigos y nunca he tenido,0,tristeza
me siento muy enérgico ahora,1,alegria
me siento espléndida sublime eufórica,1,alegria
me siento sorprendido cuando me veo nuevo,5,sorpresa
simplemente me siento muy aburrido en este momento,0,tristeza
me siento desesperada no puedo hacer frente,0,tristeza
lo dije cuando leí sobre personas que están perdiendo más peso más rápido o que están siendo generalmente más fabulosos que yo.,3,enojo
ahora siento que quiero ser el asaltante que una vez fui una parte vital e importante de un equipo de compañeros.,1,alegria
odio este sentimiento de impotencia,0,tristeza
odio sentirme excluido y quiero ser un niño cool a pesar de que odio a los niños cool,1,alegria
apretar los dientes sacudió la cabeza y pasó los siguientes minutos sintiéndose irritado,3,enojo
voy mientras me siento tonto tantas veces,0,tristeza
me siento bastante virtuoso al respecto,1,alegria
me siento terriblemente impaciente,3,enojo
experimenté esa sensación que las personas tienen cuando están encantadas o atraídas por alguien y ese tiempo fue suficiente y una bendición en sí misma para mí.,1,alegria
siento que siempre soy la que está siendo castigada por cosas estúpidas y siento que estoy siendo castigada por comportarme,0,tristeza
me da vergenza no haberlo leído todavía.,0,tristeza
siento que papá está agradecido y agradecido a todos nosotros dadas las circunstancias en el cuidado de liberarlo en su lugar de descanso final.,1,alegria
apuesto a que yahoo se siente bastante mierda en este momento,0,tristeza
me siento sociable de nuevo tengo una cita el lunes con alguien que me escribió allí,1,alegria
"siento que cuando alguna vez empiezo a sentirme feliz por una cantidad constante de tiempo, todo tiene que terminar.",1,alegria
"me siento una persona bastante generosa, pero no vendo ni regalo los trudgers que hago, excepto como regalos a amigos cercanos y familiares.",2,amor
"yo estaba discutiendo sobre la libertad y el crecimiento económico en la sociedad civil global i cundnt ayudar pero sintiéndome asombrado de nuestras manos en da filipinas dat r feliz mantener condiciones básicas de vida sin un rápido desarrollo, siempre y cuando su libertad no se está tocando",5,sorpresa
la elección de sentirse mal y debe parar es absolutamente ridícula.,0,tristeza
"por lo general, le diré que me sentía frustrado por cualquier razón y le pediré que me ayude a solucionarlo.",3,enojo
tendría depresiones y me sentiría como una carga para mi esposo que nos está apoyando,1,alegria
me disculpo de antemano si puede sentirse ofendido,3,enojo
asistí a una sesión en el pub después y me siento un poco tierno esta mañana,2,amor
estaba muy contento con el impacto hecho por valbuena y diaby especialmente este último que siento que tiene lo que se necesita para revisar un arranque habitual inestable,4,miedo
"podía sentir que se sentía incómodo cuando llegó a entregar la carta, pero estaba dispuesto a atribuirle sentirse raro por ser tan romántico y vulnerable.",4,miedo
me sentía tan estresado cada vez que no duerme porque estoy fuera con mis amigos,0,tristeza
me siento privilegiado de llamarlos mis primos,1,alegria
solo recuerdo sentirme frenético tratando de decir lo que necesitaba decirle a q,4,miedo
siento que algo trágico va a tener que suceder para que la gente se despierte y vea cuán vulturoso y venenoso se ha vuelto todo.,0,tristeza
incluso me siento como estoy aprendiendo algo mientras se entretiene theres incluso una bibliografía en la parte posterior d de todos modos ni siquiera he terminado con este primero todavía y ive ya ordenó los otros dos,1,alegria
me siento distraído y a veces es difícil hablar con dios y eso solía ser una segunda naturaleza para mí.,3,enojo
me disculpo con cualquiera que pueda sentir que he sido un vago negligente mcslackerson,0,tristeza
me estaba riendo de mi marido porque todavía se sentía escéptico conmigo cocinando gozelemes agradable,4,miedo
ahora estoy girando y me siento patético que todavía estoy esperando mesas y subbing con un título de enseñanza,0,tristeza
me siento bastante delicado debido a un montón de vino blanco y una cantidad considerable de baile uno de mis mejores amigos terminó en un amplificador debido a una fractura de muñeca causada por el baile excesivo,2,amor
dejé el complejo de águilas el domingo sintiendo que cooper tendrá la oportunidad de hacerlo como le dijo al equipo cuando se supo la noticia la semana pasada.,0,tristeza
"estoy emocionado de ser introducido a un nuevo tipo de entorno de la biblioteca, pero al mismo tiempo me siento estresado por ello porque significa que realmente no estoy recibiendo unas vacaciones.",0,tristeza
no sé es sólo que era como en la parte superior de nuestra cabeza tanto de ayer que era realmente molesto y todavía nos sentimos un poco enojados por ello,3,enojo
siento que la palabra rico es precisa para describir la textura y el pago de color,1,alegria
siento que muchos lectores se sorprenden por las muchas formas en que la familia whitley ha influido en hollywood y continúa influyendo hoy en día.,5,sorpresa
"estoy completamente en blanco, solo siento cada emoción tan preciosa como la sentiría y cómo ella debería sentirla.",1,alegria
sé cómo te sientes precioso post xx xelliealicex,2,amor
estoy seguro de que algo vendrá a mí en un día en que me siento un poco más artístico.,1,alegria
me he dado cuenta de que al ignorarlo no soy mejor y es desgarrador sentirse tan impotente contra él.,0,tristeza
"he estado anticipando, así que estoy un poco sorprendido, inseguro y hasta cierto punto molesto por su presencia en mi experiencia diaria, especialmente a la luz del hecho de que en otras ocasiones me he sentido más alegre y confiado en mis habilidades como ser humano amoroso que nunca antes.",1,alegria
estoy sintiendo decidido a enfrentar los hechos tener una mirada a mi donut a href http,1,alegria
no me sentí particularmente comprensiva hacia ella.,2,amor
"mi hermana perdió a uno de sus hijos gemelos, mis primeros sobrinos, y luego el mayor murió una semana después.",0,tristeza
siento que el salón de clases es extremadamente peligroso,3,enojo
siento que ves que siempre existe la posibilidad de que alguien se ría o se sienta asqueado y es más fácil para ella también expresar sus sentimientos sobre una historia y no sobre su novio.,3,enojo
"no era tan consciente de mi atroz canto, creo que me siento tentado a entrar en esto cada vez que un colega se siente derrotado.",0,tristeza
me siento honrado y genial porque a través de esta experiencia de trabajo puedo determinar qué haré después de graduarme.,1,alegria
ojalá hubiera sido un poco más y esto me hace sentir codicioso y tímido y perezoso por no haber trabajado más duro en los últimos meses.,3,enojo
me voy a casa me siento tan vacío,0,tristeza
siento que no tengo nada que contribuir a la conversación sobre libros y que mi escritura es aburrida litera superficial,0,tristeza
me siento bastante publicado en un href http playhousecomm,1,alegria
me siento un poco tenso porque tengo que ser realmente consciente y cuidadoso con todo lo que sucede.,4,miedo
puedo decirle que la amo para hacerla sentir valorada y apreciada para decirle lo hermosa e inteligente que es.,1,alegria
me encanta la pasión y la sensación de maravillosa incertidumbre de esos años de adolescencia.,1,alegria
"tengo que ir directamente después del trabajo y necesito sentirme glamoroso al instante. por lo general, usaré un par de nuestros skinnies nw con un par de zapatos altos.",1,alegria
me pongo un poco nervioso cuando siento que alguien depende de mí y tengo que hacer un trabajo impecable al final.,1,alegria
solo me siento llorona,0,tristeza
no estoy seguro de cómo me siento theres justo ese espacio vacío que dejaste aquí para mí,0,tristeza
me siento una combinación de presumido y feliz,1,alegria
me siento triste y abajo,0,tristeza
sacudí la cabeza sintiéndome aturdida,5,sorpresa
me siento tan distraído recientemente,3,enojo
no quiero sentirme insatisfecha quiero sentirme feliz y satisfecha no quiero sentir que me falta algo o nada en absoluto la vida estaría tan vacía,3,enojo
estaba hablando al azar de ello y cómo encontré el cd una vez más con sentimiento y lo escuché y estaba bastante ansioso por ver el programa de nuevo.,1,alegria
me he sentido satisfecho conmigo mismo por ser realmente saludable este embarazo,1,alegria
pregunté cómo se siente la hierba larga que dijo que esta hierba larga se siente encantadora,2,amor
me sentía frustrado,3,enojo
me siento bastante mal quejándome de los problemas del embarazo,0,tristeza
me quedé sintiéndome un poco delicada pero reflexiva,2,amor
siento que es desafortunado que la comunidad haya tenido poco más de semanas para evaluar esta solución antes de la forma más drástica de detener la propuesta de votar en las obras públicas.,0,tristeza
estoy bajo mucho estrés y me siento abrumado,4,miedo
"necesitaba aclarar mi cabeza, él le dice y suspira cuando siente los dedos suaves en su cabello.",2,amor
"me siento entumecido en este momento pensé que me sentía enojado, pero ahora no sé, no siento nada, debería estar triste, debería estar feliz o enojado, ya no sé cómo sentirme.",0,tristeza
"soy un partidario apasionado de obama, pero como mujer siento punzadas de culpa a veces por el hecho de que no estoy apoyando a la primera mujer con una oportunidad real en la presidencia.",2,amor
"sin embargo, no tengo ganas de apoyar a este país.",1,alegria
"realmente disfruté usando estos productos, la limpieza y el pulido hicieron que mi piel se sintiera tan hermosa y suave.",2,amor
odio sentirme tan indeciso sobre las cosas porque mantengo mis emociones bajo llave.,4,miedo
me siento extremadamente mente follada,3,enojo
me siento desesperadamente infeliz si este soy yo falta richard entonces no puedo manejarlo es demasiado he tenido suficiente de él soy un lío sé que no soy yo todavía siento como yo mismo,0,tristeza
me pongo mi perfume me siento elegante y hermosa,1,alegria
"me siento un poco culpable por las cosas malas que dijo ive sobre jahmene cuando escuché que su hermano se suicidó, así que creo que el abuso de su padre debe haber sido bastante duro.",0,tristeza
me gusta hacer ejercicio sintiendo y buscando fantástico amd amor tener mucha más energía,1,alegria
me siento tan apasionado y emocionado por mi nuevo negocio venado margarita,2,amor
"puedo decirte exactamente lo que está mal en este mismo momento, en este mismo momento, me aflijo por mi hijo, extraño a mi hijo, siento que estoy siendo castigado y viviendo en un infierno a veces.",0,tristeza
podría sentarme durante horas con algunos viejos amigos para ponerse al día y sentir como si estuviera en un súper magnífico,1,alegria
siento que molesto a todo el mundo demasiado cuando soy desagradable y sí,3,enojo
estoy sintiendo un poco de melancolía esta noche,0,tristeza
"siento la necesidad de recordarte que nunca estás solo, aunque solo puedes estar, sé de tu angustia y de las cosas que más te atormentan.",0,tristeza
me siento paranoico porque nadie dice nada,4,miedo
tengo una curiosa sensación de que el botón benjamin es el siguiente caso curioso del botón benjamin del bosque revisar una href http stayviolation,5,sorpresa
"me siento valorado y apoyado, lo cual es genial",1,alegria
me siento realmente agotado emocionalmente,0,tristeza
"pensé que no me afectaría cómo estás pensando, pero el lado mezquino de ti me digust",3,enojo
incluso siento que todavía se siente sombrío y malhumorado hasta ahora.,0,tristeza
no pude llevarme al blog de inmediato sobre todo porque me siento absolutamente humillado y con el corazón roto.,0,tristeza
"tuve un horrible horrible horrible momento y honestamente esta música los monkees fue una de las pocas cosas que me hicieron sentir realmente feliz y ahora estoy llorando, lo cual es estúpido porque sí me siento feliz",1,alegria
me siento afortunado hasta el punto de sentirme culpable por haber escapado sin daños más graves y discapacidad.,1,alegria
es solo amigo hecho yuuki sentirse especial,1,alegria
estaba bebiendo mi coca cola de dieta viendo mis clases de natación y sintiéndome agravado porque mis mousekins no estaban siendo mejores oyentes.,3,enojo
siento que este semestre ha sido bueno para mí,1,alegria
hoy me siento muy rico,1,alegria
honestamente siento que hicimos un trabajo fantástico,1,alegria
siento un cansancio doloroso que llega hasta mi núcleo,0,tristeza
incluso comencé a sentirme impaciente conmigo mismo cuando eso no sucedió exactamente.,3,enojo
"estoy sintiendo tanta tristeza al darme cuenta de que he pasado por la vida así, pero es una celebración tal que ahora ya no tengo que endurecerme para ocultar que tengo miedo de mí mismo y de los demás.",4,miedo
"no estoy ni cerca de terminar, pero cuánto mejor me siento su ridículo",5,sorpresa
no estoy pensando en una determinada persona antes de dormir termino teniendo sueños extraños sobre él y cuando me despierto después de esos sueños me siento sacudido y aturdido,4,miedo
sé que habrá días en que me voy a sentir desanimado,0,tristeza
"me costó sentir empatía por cualquiera de los personajes principales de todos modos, mientras que el elenco de apoyo era mucho más interesante en algunos aspectos.",1,alegria
"tengo un aprecio loco por la simplicidad y me siento tan compasivo de nuevo, pero todavía siento que tengo ese sentido del humor sarcástico",2,amor
no me sentí tan enérgico y recuperé mi peso perdido a pesar de que traté de mantener mi rutina de ejercicios.,1,alegria
sé y estoy eternamente desgarrado por eso porque me siento indefenso e inútil,0,tristeza
he confiado en mike con información y sentimientos profundamente personales y me ha encantado ver esta confianza recompensada con consejos pragmáticos y resultados prácticos.,1,alegria
hago ejercicio todas las mañanas antes y me siento fabuloso por ello,1,alegria
supongo que me siento bastante suave en estos días,1,alegria
"me siento un poco confundido sobre mi futuro reproductivo, quiero otro bebé en el fondo.",4,miedo
me siento más productivo cuando el sol brilla,1,alegria
planeo relajarme en el salón durante una hora frente a la televisión por un poco de hombre vs comida donde me sentiré muy virtuoso mientras cambio una barra de chocolate nocturna por una taza de té mientras veo a alguien más atiborrarse de comida desagradablemente mala,1,alegria
"por lo general, dudo de mí mismo en este momento, ya que siento que debería ser ese ama de casa increíble que motoriza todo el día y tiene una lista de cosas que pueden decirle a su esposo que hicieron todo el día mientras estaban en el trabajo y yo estaba en casa.",5,sorpresa
me crié en privado hace un par de semanas que me sentí dirigido después de sentir frustrado y menospreciado,3,enojo
"me siento tímido cuando la gente lee esto, pero lo estoy escribiendo aquí para que los hermanos y hermanas vean cómo funciona la vida real.",4,miedo
me siento bien porque el avión tiene cuatro asientos en lugar de solo dos.,1,alegria
me había sentido sospechoso todo el día,4,miedo
me siento todo suave y tranquilo,1,alegria
estoy inclinado a creer que simplemente soy demasiado perezoso para sentirme particularmente codicioso.,3,enojo
casi me siento divertido no añadir una imagen en la parte inferior de mi post como denis y dave,5,sorpresa
solía sentirme bastante amable con comencé a hablar sobre cómo rusia está corriendo un fango sin ninguna razón que no les importa una mierda sobre sus ciudadanos y que no se puede confiar en ellos.,1,alegria
empiezo a sentirme feliz con respecto a dónde soy. viene una mudanza inesperada de la casa que ralentiza las cosas que luego se ve agravada por la lesión en mi hombro trasero que realmente me ha retrasado.,1,alegria
me he estado sintiendo maravillosamente y ahora estoy disfrutando de pequeñas chuletas de karate dentro de mi abdomen de forma regular que hacen que mi corazón gire círculos de alegría.,1,alegria
me siento odioso de haber renunciado a mi amistad con esa mujer y un par de otras por las mismas razones para admitir la derrota y dejar que mi esposo me haga sentir tan inseguro que siento la necesidad de evitar que ella la elimine de mi vida para que mis seguridades no sean desafiadas.,3,enojo
paso incontables horas en la computadora y siento que procesar la imagen es tan importante como la toma inicial de la fotografía.,1,alegria
realmente me siento muy mal,0,tristeza
supongo que es que todo lo que necesito un pasatiempo para sentir que vale la pena inteligente e importante,1,alegria
siento que las personas que conozco son realmente generosas y tengo mis necesidades satisfechas,1,alegria
me gustaría poder decir que sabes que si muero mañana no me sentiría engañado en la vida o arrepentido de no haber logrado algo.,0,tristeza
sentí que la gente allí apreciaba lo que tenían y muchos tenían felicidad de esa manera no materialista.,1,alegria
me sentía muy bah humbugish saliendo de fin de semana de acción de gracias de este año y no estaba pensando agradables pensamientos de navidad sobre el regalo dando culpa viaje conspiración dirigido por el fraude de marketing la decoración y todo en general,1,alegria
"me sentía muy amargado hacia él, así que mis respuestas eran frías.",3,enojo
tengo talones de boletos que van todo el camino de regreso y de vez en cuando cuando me siento un poco sentimental abro la caja y reviso mis talones de boletos para que puedan recordarme todos los buenos momentos que he tenido en estadios de todo el país.,0,tristeza
estaba feliz de sentirme bienvenido y no espeluznante,1,alegria
estoy horrorizado de que me siento violento hacia otro ser humano,3,enojo
le dije que no quería que se sintiera incómodo.,4,miedo
me siento reacio a vender pero hey,4,miedo
"id se ha estado sintiendo un poco divertido todo el día al borde del tipo de pre menstrual donde te odias a ti misma, así que id ha estado tratando de tomarlo muy fácil y simplemente haciendo lo mío.",5,sorpresa
"me encuentro tratando de oler discretamente su aliento, pero luego me siento culpable por ser tan sospechoso.",0,tristeza
aprecio cuando me abro al universo y siento y recibo suaves codazos tanto a través de pequeñas casualidades y pistas que se presentan como también a través de sueños.,2,amor
"me siento con la persona que irrumpió y robó mi regalo, lo que representa un recuerdo muy agradable y convertirlo en algo no tan agradable.",0,tristeza
me siento ansioso al ver lo que todos los demás están haciendo y siento que no estoy a la altura de mis compañeros o estoy estancado.,4,miedo
"debería sentirme molesta de que ella estaba espiando, pero no lo estaba.",3,enojo
me siento presionado indefenso porque no tengo control sobre esto,4,miedo
odio esa sensación que me hace sentir tan avergonzado y estúpido,0,tristeza
siento que uno tiene que ser apasionado pero no tenso,1,alegria
"me siento presionado en mi escritorio debido a las pilas de tareas que me esperan, a menudo empaco y escribo en un rincón tranquilo de mi dormitorio, sala de estar o cocina.",4,miedo
he hecho música y producción de películas en los últimos cuatro años y siento que es tiempo que hago moda que me apasiona.,1,alegria
podía sentir su dulce espíritu y estaba feliz de ayudarlo.,1,alegria
me dieron s y realmente me siento como me golpeó la lotería me dio miedo sería algo así como x y id ser jodido,4,miedo
"siento que si anhelamos escuchar a dios hambriento de verlo y buscarlo en nuestras vidas, se revelará a través de muchos y de cualquier manera posible.",2,amor
también me siento sorprendido feliz y extremadamente bendecido,5,sorpresa
quiero decir que disfruto sintiéndome bonita con maquillaje,1,alegria
comencé a explicar lo miserable que ha sido este año y todas las razones por las que y su sentimiento tan patético que estoy demasiado avergonzado para describirlo.,0,tristeza
sentí asco de sucio,3,enojo
necesito hacer todo lo que pueda para alejar los límites me siento apático y abrumado,0,tristeza
"tengo que hacer retroceder las expresiones reprimidas de un hijo de matrimonio dividido y decirme a mí mismo que no, que tuvo su oportunidad es demasiado tarde ahora para sentirse enfurecido por su situación, pero todo lo que quiero hacer es gritar en la parte superior de mis pulmones follarte este maldito problema, así que no lo hagas de esa manera.",3,enojo
siento el honor de que mi contenido esté allí,1,alegria
quiero sentirme admirada y amada,2,amor
todavía me sentiría infeliz y triste,0,tristeza
me siento extrañamente despreocupado y libre de toda carga y se siente absolutamente maravilloso,1,alegria
"me siento convencido, además de tantas etiquetas de precios diversos que estoy seguro de que todo el mundo debe llegar a los fondos para tener su parcela para ser iluminado relativamente económicamente",1,alegria
"siento que lo cito o hablo mucho de él, pero es solo porque estoy continuamente asombrado y alimentado por su espíritu y su comprensión y emoción por la vida.",5,sorpresa
todavía me siento curioso cuando inicio sesión en sl,5,sorpresa
no me siento lo menos arrepentido al respecto,0,tristeza
"siempre tengo miedo de decirle a la gente porque no quiero que me vean de manera diferente, mi imagen es muy pobre y no quiero transcribir eso en ellos.",4,miedo
recuerdo sentirme absolutamente devastada cuando escuché que el melocotón no estaba realmente allí para darme un pastel.,0,tristeza
no puedo sentirme complaciente,1,alegria
estaba sintiendo y dije impaciente,3,enojo
puedo sentirme aceptado,1,alegria
"pienso en mí personalmente cuando se trata de invertir, siento que caería en la categoría de inversión de ser codicioso, creo que invierto en un mercado de bombardeos como la coca cola en los estados unidos.",3,enojo
"nunca he sido una gran persona de vacaciones, pero definitivamente me siento más festiva, más esperanzada, más dispuesta a celebrar las alegrías de los demás.",1,alegria
enfermo se siente animado de nuevo,1,alegria
estoy estrictamente en coca y jo todavía se siente un poco delicado después de las últimas noches cubo de anestesia fatal,2,amor
"me siento ansioso por un evento o actividad que requerirá energía física que no pueda tener o eventos emocionales que requerirán energía emocional, miro a mis padres y adultos para que se hagan cargo.",4,miedo
he creado mi curso de cómo pintar un búho con la intención de compartir las plantillas de forma simple que uso para comenzar mis propios búhos para que otros puedan crear fácilmente los suyos propios y no tener miedo de comenzar en un lienzo en blanco.,4,miedo
me da vergenza que te olvides de eso y nos olvides de nosotros.,0,tristeza
"siento la necesidad de poner mis vulnerabilidades más oscuras en palabras, no es agradable, pero me ayuda.",1,alegria
me siento más tranquilo ahora,1,alegria
siento que voy a tener éxito,1,alegria
supongo que podrías decir que estoy temblando en este momento en el borde y me siento como im peligroso,3,enojo
"sé que la cantidad de control que siento que necesito tener sobre mi vida es exagerada, así que continúo trabajando para mantener la fe y confiando en que la vida se está desarrollando como debería.",1,alegria
no puedo escapar de las lágrimas de la tristeza y el verdadero dolor que siento por la pérdida de mi dulce amiga y hermana.,2,amor
"estoy sintiendo como si estuviera haciendo algo que vale la pena y gratificante, no siento la necesidad de quedarme en casa y esconderme con mi computadora portátil tanto.",1,alegria
estaba harta de sentirme tan letárgica todo el tiempo,0,tristeza
"comencé la escuela secundaria a la edad de cada noche, lloraba y perdía el sueño por la idea de ir a la escuela al día siguiente, pero no era la sensación habitual de que no podía molestarme con la escuela.",3,enojo
me siento un poco sorprendido al leer la discusión de george hobica sobre los estados unidos hoy.,5,sorpresa
me siento furioso porque los defensores del derecho a la vida pueden y me dicen cómo vivir y morir a través del cabildeo y el apoyo a esos políticos que simpatizan con sus puntos de vista.,3,enojo
me siento realmente aventurero,1,alegria
"creo que esta es la última semana de softbol y es probable que lo chupe y al menos intente jugar, pero me siento absolutamente podrido y voy a ver qué hace una hidratación agresiva.",0,tristeza
"soy un poco romántico, así que realmente siento que nos perdimos esas cosas esta vez, pero no cambiaría el tiempo familiar que pasamos juntos.",0,tristeza
"encontré algunos hilos tweedy de cuatro capas de rowan que pensé que sería lo correcto para ese chal volador que comencé, pero no sentí que fuera muy exitoso en el hilo que tenía un href http",1,alegria
lo hago y realmente está empezando a hacerme sentir muy angustiado y molesto todo el tiempo,4,miedo
es mejor conformarse con vasos de agua helada por ahora y presionarlos en mis mejillas para sentir su deliciosa frescura.,1,alegria
"estaba un poco preocupado por decirle lo de voldemort, pero sé cómo me siento si todavía me gusta alguien y comenzaron a salir con alguien más.",2,amor
"voy más allá, déjame decirte por qué me siento infeliz",0,tristeza
no estoy seguro jeremy se sentirá muy amable más tarde cuando luka un blog http href,1,alegria
me sentiría resentida hacia patrick porque no podía leer sus libros nocturnos solo con ella y conmigo.,3,enojo
me sentía un poco sentimental,0,tristeza
"estoy certificado a través de as y me encanta lo que hago, pero últimamente me siento como un falso",0,tristeza
estoy cansado de llorar y luego sentirme contento y amado y luego volver a llorar de nuevo,1,alegria
me siento tan vacío un href http uwilnevrknow,0,tristeza
"me siento tan ingrato cuando pienso diciendo estas cosas, pero no estoy seguro de cómo hacerme mejor.",0,tristeza
veo cualquier cosa que me haga sentir miedo o desconfianza de él.,4,miedo
me siento agitado y simplemente irritado,3,enojo
he estado sintiendo que me encuentro cada vez menos divertido e interesado en muchas de las actividades y actitudes que me han traído alegría en el pasado.,1,alegria
"ya no lo haré más, no me permitiré estar estresado y sentirme apresurado y me gusta que sea una carrera para ser mejor y uno para arriba.",3,enojo
siento que entro en su clase petrificada de que voy a hacer o decir algo que le hará pensar menos de mí.,4,miedo
"me siento muy humillado, pero también aún más encendido",0,tristeza
no quiero que la gente piense que me siento superior debido a mi aspieness o debido a mi casi genio iq,1,alegria
me siento muy infeliz e incompleta,0,tristeza
no estoy de acuerdo con sentirme molesto conmigo mismo y en la vida todo el tiempo,3,enojo
siento que rara vez avanza cualquier causa que valga la pena y siempre me atengo a la regla de no publicar nada en línea que no estaría preparado para decirle a la cara de alguien.,1,alegria
"recogí y me mudé a la república checa sola, fue chris quien me envió un paquete de cuidado con comida y música para recordarme el hogar cuando sentía mi mayor nostalgia.",0,tristeza
creo que mi cabello se siente confundido,4,miedo
"los enlisto, me siento bastante cojo lloriqueando",0,tristeza
me siento muy feliz img src http s,1,alegria
me encanta salir de las decoraciones y sentirme festivo estoy feliz de guardarlos,1,alegria
me siento fea con mis compañeros humanos,0,tristeza
"he estado en dublín no podría estar más agradecido por esta clase, ya que me ha permitido trabajar con personas necesitadas, pero también me ha permitido sentirme aceptado e inmerso en la ciudad.",2,amor
me siento raro,5,sorpresa
"me desaceleraré un poco para quedarme con él en parte porque siento que si empiezo a ganar, se dará por vencido y en parte porque tengo miedo de que si lo presiono se matará tratando de quedarse conmigo.",4,miedo
siento que son una segunda familia y todos son tan solidarios y aman a la pequeña señorita rylin.,2,amor
empiezo a perder esa sensación de independencia en el sentido de que me siento mucho más reacio a hacer las cosas.,4,miedo
me sentía mal por ello con cada minuto que pasaba,0,tristeza
"me siento tan ignorado en este momento como si nadie se preocupara por mí cuando, en primer lugar, estoy tratando de alejar a todos.",0,tristeza
he estado sintiendo durante bastante tiempo que simplemente no estoy satisfecho con mi alijo cuando se trata de rubores,1,alegria
me siento muy relajado y bien,1,alegria
me siento como si estuviera condenado a encontrar a un hombre,0,tristeza
"no quiero decir que esto sea egoísta o indiferente, pero siento que mis lectores se beneficiarán más del contenido que proporciono en lugar de lo que está vinculado a una fiesta.",1,alegria
me siento bastante cabreado,3,enojo
"nunca he dado el primer paso porque los chicos siempre fueron más rápidos, esta es la razón por la que esta situación me hace sentir muy inseguro y elusivamente tímido.",4,miedo
me siento como tirar el pedazo de mierda de papel de mierda,0,tristeza
he tenido la sensación de que no hay mucho que puedo sentir agradecido,1,alegria
"me di cuenta de que esto ya no era la verdad, era simplemente la verdad que recordaba, empecé a sentir descorazonado.",0,tristeza
estoy aquí hoy después de mirar mi cuenta bancaria esta mañana y sentirme conmocionado.,5,sorpresa
me dirigí de nuevo a mi oficina sintiéndome satisfecho tal vez incluso un poco justo sobre cómo id consoló a un amigo,1,alegria
cerré los ojos con fuerza y cubrí mis oídos y gracias a dios me desperté antes de disculparme por la brutalidad de mi pesadilla que me dejó sintiéndome sacudida y con náuseas por decir lo menos,4,miedo
me siento tan feo últimamente,0,tristeza
siento que viene el herpes me sorprendería mucho en este punto si lo hago de nuevo después de mi chequeo en la clínica el miércoles.,5,sorpresa
im feelin rencoroso tan bien realmente visitar mi casa para ver rally finland,3,enojo
siento lo que es ser popular,1,alegria
"todavía no me siento demasiado interesado en todo el asunto del triángulo billy dee lee en parte porque ahora estoy vendido en todo el asunto de lee kara, pero en parte también porque realmente no he comprado todavía que dee tiene algún interés verdadero en lee más allá de la atracción cruda.",1,alegria
"siento que es grosero tomar la foto de alguien, sino más bien que me siento incómodo pidiendo tomar la foto",3,enojo
siento que estaba siendo escéptico y que solo era paranoia.,4,miedo
"necesito ver en la naturaleza antes de que me sienta completamente satisfecho, pero por ahora puedo decir que al menos cumplimos con el whalentee",1,alegria
"espero que esto no aflija profundamente a nadie, pero si lo hace, tal vez sepa quién siento ahora después de años de ser un católico fiel al que le digan que se va al infierno de todos modos debido a lo que hace en la privacidad de su propio hogar.",1,alegria
enfermo se siente menos cargado y suspiros confusos,0,tristeza
me siento un poco insatisfecho con mi red actual,3,enojo
definitivamente podía sentir los efectos cuando mi boca se volvió agradablemente adormecida y relajada sensación se extendió por todo mi cuerpo,0,tristeza
me veo en el metro en parís por la noche me siento tranquilo,1,alegria
"sé que esta mujer es una verdadera atleta, pero esta mañana no estoy pensando en sus habilidades atléticas, siento que estoy tan contento de que sea jonti y ella quienes están haciendo este largo evento y no yo.",1,alegria
siento que le causo muchos problemas y no estoy exactamente seguro de sus sentimientos sinceros.,1,alegria
pasé una buena parte del día sintiéndome bastante agitado de una manera tensa como si no tomara mucho para mí realmente chasquear y masticar la cabeza de alguien.,4,miedo
no sé por qué me siento tan tímida defendiéndolo,4,miedo
voy a hacer snowboard sintiéndome muy aprensiva,4,miedo
me siento un poco inútil y no deseado a veces porque siempre sentí que soy el más feo entre todos mis amigos porque son tan malditos bastante oh dayummm como para siempre sintiéndose inferior y cosas así.,0,tristeza
"me siento vanidoso al respecto, empiezo a pensar en ello como una cicatriz de batalla y una que usaré con orgullo.",0,tristeza
también me he dado cuenta de que si bien puedo sentir fabuloso algunos días hoy es la prueba de que todavía estoy allí con todos mis oyentes.,1,alegria
me siento débil y quejumbroso y generalmente cansado,4,miedo
"tengo muchas ganas de sentir como en europa de nuevo, aunque de alguna manera me gusta este lugar",2,amor
estoy cansada de estar cansada y de sentirme abatida,0,tristeza
"estaba tan honrado de que esta joven se sintiera lo suficientemente cómoda como para preguntarme que tenía una especie de cosa de halcón falso sucediendo en ese entonces, así que debo haber parecido lo suficientemente dikey para que ella se sienta segura hablando conmigo",1,alegria
ahora me siento mucho más relajado y asentado en mi vida y estoy disfrutando de los blogs tanto como lo hice cuando empecé.,1,alegria
pensé que la habitación se sentía juguetón y amigable para niños,1,alegria
me siento relajado y cómodo,1,alegria
me sentía un poco tonta admitiendo que me estaba regodeando por el hecho de que la tenía ahora.,0,tristeza
siento que tal conocimiento sería abusado,0,tristeza
"siento que no puedo respirar a veces, pero es el lindo nervioso donde sabes que esta persona es con la que deberías estar porque no lo sientes con nadie más.",1,alegria
me sentía bastante algo no estoy seguro,1,alegria
me siento muy angustiado en este momento,4,miedo
me siento demasiado presumido virtuoso sobre el uso de textiles viejos para sentirme mal por algunas costuras adicionales en una cosa,1,alegria
siento que la única razón por la que skudrive es tan popular es porque el microsoft es tan impulsado por los medios,1,alegria
sé que tienen que ver en gran medida con el hecho de que cualquier sentimiento romántico o sexual que he ocultado con éxito de mí mismo.,2,amor
siento que he sido convencido por muchos factores en nuestra cultura de una especie de mística culinaria.,1,alegria
me siento creativo en este momento y me hace feliz,1,alegria
me siento travieso por ratbagx,2,amor
me parece calmante acerca de estos colores i dunno supongo que se sienten agradables tan raro como que suena,1,alegria
"me siento fuerte, confiado, inteligente y listo para salir al mundo real",1,alegria
"sé que nunca volveré a ver este lugar y que me rompería el corazón si no tuviera una gruesa capa de musgo encerrada en una gruesa concha que amortiguara todos los demás sentimientos más agudos, agradables o dolorosos.",1,alegria
me siento sorprendido porque no lo esperaba,5,sorpresa
"me siento muy honrado de exhibir mi trabajo en portugués, especialmente dentro del contexto crítico y filosófico del proyecto del factor dios.",1,alegria
siento que he sido demasiado considerado con los demás en el área de las interpretaciones.,2,amor
me siento vagamente frustrado con la medida en que los pensamientos sobre el ciclismo invaden el espacio en mi mente.,3,enojo
"me siento generalmente mal y no me detuve para mi jugo de jamba hoy, así que voy a tomar un frappucino más tarde",0,tristeza
"no estoy vestida y ya me siento una especie de bah humbug hoy, pero estoy realmente molesto con un tipo hoy",3,enojo
me siento orgullosa de mi logro porque cortarme el pelo fue una gran experiencia.,1,alegria
"me siento muy mal, saco la tabla de terapia diy y busco la emoción que estoy experimentando.",0,tristeza
pasé gran parte de la mañana sintiéndome como un impostor o un visitante en la vida de otra persona e inseguro de qué debería hacer a continuación.,4,miedo
ya me siento muy bajo,0,tristeza
"pensé en obtener suficiente información para saber sobre el tema, pero me fui a casa sintiéndome segura de que realmente podía hacerlo y con ganas de comenzar a experimentar.",1,alegria
me siento más suave de nuevo,1,alegria
estoy seguro de que cada persona tiene su propio conjunto complejo de razones para irse y atribuírselo a una razón o sentir que porque todos odiaban la academia es probablemente un poco demasiado simple.,3,enojo
sé que si hago mal me siento culpable por hacerla sentir no deseada,0,tristeza
"me sentía nervioso, pero como no estaba dolorido tocar para estirar o usar los músculos, me sentí seguro de que no era nada y que pasaría",4,miedo
no puedo envolverme en ese tipo de mierda de televisión porque mi cerebro comienza a ponerse blando y me siento febrilmente hostil,3,enojo
"lo comparo con el mío, me siento irritado, pero traté de ser realista para calmarme.",3,enojo
"me siento, pero parece ser mucho más talentoso en la descripción de exactamente lo que estoy pensando",1,alegria
me siento tan cabreado por mí mismo,3,enojo
siento que mi corazón realmente duele,0,tristeza
siento y sigo captando mi atención es el sentimiento del amor amado que brota de y a través de mí tocando a aquellos que encuentro de una manera palpablemente fuerte.,2,amor
"se supone que me quede en la animada habitación, pero como exploradora siento que la animada habitación simplemente no tiene nada que ofrecerme y he decidido pasar a las escaleras.",1,alegria
sé que esos sentimientos provienen de esta parte de mí que no se acepta en las comunidades a las que busco pertenencia.,1,alegria
odio estar en un ambiente donde me siento constantemente rechazado y olvidado.,0,tristeza
"me siento tan desconsolado, pero de una manera tonta, por supuesto.",0,tristeza
dejé el juego sintiéndome un poco devastada y me senté contemplando mis elecciones durante algún tiempo después.,0,tristeza
tengo la sensación de que su idea de mantenerme entretenido difiere muy ligeramente de la mía.,1,alegria
estoy sintiendo un poco sacudido pero no agitado bonito vínculo de referencia ehh,4,miedo
estaba empezando a sentir ansiedad por eso y le pedí que me ayudara.,4,miedo
asentí orgulloso de mi decisión de conseguir una bomba sensación ligeramente presumido,1,alegria
"siento que hay un título inteligente en la fabricación aquí, pero no me siento lo suficientemente bien como para proporcionar uno yo mismo.",1,alegria
salí de allí sintiéndome tan abusada,0,tristeza
me siento feliz de poder ayudar a los demás a través de la compasión y los regalos que el señor def me dio.,1,alegria
sé que cuando veo el color púrpura me hace sentir tranquilo,1,alegria
me siento más que un poco aturdido,5,sorpresa
"siento que todavía puedo perdonarte, pero después de que me llamaste pervertido, siento que estés totalmente fuera de mi vida.",0,tristeza
me siento tan agradecido que he sido capaz de encontrar maneras de moverse o lidiar con la mayoría de estos efectos secundarios menores y que no he lidiado con nada demasiado grave,1,alegria
"siento que no voy a mentir, realmente estoy sorprendido de que siento que debería compartir esto.",5,sorpresa
"puedo desahogar algunos sentimientos o mantener a una persona entretenida, entonces seré feliz",1,alegria
"no estoy realmente en golpear gw el pasatiempo u otras personas, así que me esfuerzo por centrarme en los temas que me apasionan y quiero pasar el tiempo para hacerlo bien",2,amor
tengo que admitir que tengo miedo de no poder hacer esa única cosa que puede hacerte sentir satisfecho.,1,alegria
"podría tener miedo de salir de la casa para amamantar en público para comprometerme con un compromiso social o para usar cualquier cosa que me haga parecer peor de lo que ya me siento, así que en honor al viernes sin miedo invito a nuestros lectores de mamá novatos a hacer algo que los asusta.",1,alegria
"cuando mi hermano de mamá falleció después de haber estado involucrado en un accidente automovilístico, me traía un regalo ya que había pasado mis cinco exámenes con gran éxito.",0,tristeza
"apenas podía sentir mis piernas, pero estaba ansioso por bajar del avión congestionado y salir rápidamente de la aduana.",1,alegria
me siento como un pedazo de mierda sin valor feo grasa poco atractivo,0,tristeza
me enfrenté a la culpa de que los familiares y amigos que generalmente se comunican conmigo allí sintieran que los estaba ignorando y me sentí egoísta aún publicando mis actualizaciones de burlesque y blog allí sin que les gustaran sus fotos y enlaces.,3,enojo
me siento tan tenso alrededor de mi familia,4,miedo
yo igual que las mujeres que también sienten que esta es su personalidad flash franqueza veraz,1,alegria
"me acostaría en la cama y lo sentiría de alguna manera brillar y sabía que incluso si la mayoría de los meningiomas son benignos, el mío estaba creciendo y necesitaba salir más temprano que tarde.",1,alegria
suspiro y digo estoy cansado y sintiéndome muy necesitado,0,tristeza
no me siento agitado alguna parte de mí piensa que finalmente he logrado mantener mis emociones bajo control,4,miedo
simplemente me siento en blanco sobre todo el asunto,0,tristeza
me siento como vestidos de fiesta este magnífico no existía hace cinco años,1,alegria
"dije que cuando cinco años de dolor y futilidad se levantaron de mis hombros y me rodearon en estilo angelical, me sentí todo alegre de nuevo.",1,alegria
me siento tan hastiado en este momento,0,tristeza
"solo puedo adivinar que los chicos se sienten tímidos cuando estoy enfermo, pero honestamente podría usar algo de ayuda ahora",4,miedo
recuerdo sentirme tan especial recibiendo correo en el campamento de mi madre y mi familia y no puedo imaginar lo que se sentiría al recibir una carta de un curioso amigo por correspondencia de otro país.,1,alegria
"estoy de ninguna manera muy claustrofóbico cuando crujido como que no puedo ayudar, pero me siento un poco agitado",4,miedo
me siento un poco tenso y pellizcado hoy,4,miedo
tengo la sensación de que haré algunos edredones de ventana más inspirados en la arquitectura este verano.,1,alegria
"no me gusta tener el mismo tipo de música toda la noche, pero quiero que todas las bandas sientan que tocaron con alguien que les gustaba.",2,amor
siento que estoy apoyando su fiesta,1,alegria
día que recibí mi te puntuación y aceptación en mi curso elegido,1,alegria
me siento sorprendido por mi reacción porque como una mujer más joven siempre pensé que sería una mujer mayor querida,5,sorpresa
me siento muy bendecido de conocer a algunos de ustedes personalmente y admirar todas las cosas que todos ustedes han logrado.,1,alegria
"siento que blackburn será un equipo obstinado contra blackpool y holloway querrá una reacción positiva en este juego, incluso si no obtienen un resultado",3,enojo
"me siento más clara, más alegre y viva",1,alegria
me siento patético porque siento que ni una sola vez me llamaste tu mejor amigo y yo solo continué llamándote mi bff y me trataron como a un amigo.,0,tristeza
"me voy sintiéndome derrotado, desesperanzado y demasiado débil para seguir presionando a dios y la recuperación.",0,tristeza
me sentí un poco tembloroso y tenía un dolor de cabeza,4,miedo
"siempre tengo miedo de cómo los estudiantes realmente se sienten aburridos, difíciles de entender o satisfechos.",0,tristeza
le dije que me sentía ansioso por cumplir treinta años.,4,miedo
supongo que me siento aterrorizado,4,miedo
yo creo que se ve bien sensación de comida ser más productivo y profesional haciendo más dinero,1,alegria
trato de describir mi experiencia en palabras que se siente como tratar de empujar los pies tiernos del bebé en las tapas altas que son demasiado pequeñas para ellos.,2,amor
cuando tenía unos seis años,4,miedo
solo recuerdo que me subí al auto y mi cuerpo se sintió realmente cojo,0,tristeza
"me siento amenazada por cualquiera, tengo la sensación de que quiero matar a alguien.",4,miedo
"siento que apoyar los negocios locales e independientes es muy importante para mí, ya que yo mismo administro uno.",2,amor
le doy de comer y lo fuerte que me siento acerca de no darle comida para perros procesada porque quiero que viva para siempre,0,tristeza
"me encanta trabajar para mí mismo, poder establecer mis propias horas y escribir sobre algo que me apasiona tanto.",1,alegria
quiero sentirme juguetona y abierta y vulnerable y pasar un buen rato,1,alegria
soy una mala persona por sentirme agobiada por nuestra relación,0,tristeza
me siento inseguro porque si hubiera una manera de examinar a los novios estaría exento,4,miedo
me siento muy satisfecho y no espero tener hambre más tarde.,1,alegria
me voy a la gran ciudad solo por lo que me temo que van a ser seis días de deambular perdido seis días de sentirse incómodo seis días de no saber cómo vestirse seis días de no saber qué hacer seis días de no saber dónde comer seis días de desastre desastre,4,miedo
voy a poco andover y dar un paseo por la noche me siento absolutamente aterrorizado,4,miedo
"podría abordar un libro de memorias, pero siento que necesito vivir más tiempo antes de calificar para tener algo útil que decir.",1,alegria
siento el tirón suave de tu corazón,2,amor
estoy solo en casa con mi hijo y me siento triste,0,tristeza
supongo que así es como se sienten muchas cosas cuando no te sientes bien.,1,alegria
me encanta que no siempre se sienta valiente,1,alegria
"siento que alguien está siendo juzgado duramente, no aceptado o pedido ser algo que no es.",2,amor
me siento mucho menos sola,0,tristeza
puedo tener tal fe porque creo que hay personas que se han sentido consternadas y decepcionadas por un dios que no hizo milagros en sus vidas.,0,tristeza
me siento bien lol,1,alegria
me sentiría incómodo cuando alguien cuenta sus sentimientos hacia mí,0,tristeza
me siento como mi ir a la emoción es enojado,3,enojo
suena tan derecho pero no puedes evitar sentirte decepcionado a pesar de que ya sabías que ibas a ser,0,tristeza
me siento honrado de participar en la próxima encuesta de película de sonido de amplificador de vista,1,alegria
me siento deprimido casi todo el tiempo,0,tristeza
me siento perturbado por el proyecto,0,tristeza
"simplemente me siento en el comedor de rv en el camino de entrada, miro por la gran ventana trasera y me siento increíble",1,alegria
lo atrajo en el uso de las cosas emoexaderistic sobre mi vida a hacerle sentir como él podría ser el héroe trágico para salvar a esta chica sorta romance trama,0,tristeza
supongo que es donde la frase en los vertederos viene de tratar de pensar en algo que es ligeramente molesto para usted algún tipo de emoción negativa tal vez estaba atrapado en el tráfico o había algo en las noticias esta mañana que te hizo sentir un poco gruñón,3,enojo
"también puedo expresar mis sentimientos sobre algunas cosas aquí y allá si no está de acuerdo con ellas y, por favor, no dude en hacérmelo saber.",1,alegria
me siento más especial que cuando estaba sola,1,alegria
"supongo que mi propia verdad necesita ser compartida, no me he sentido muy fiel últimamente, he vivido más en la duda y la incertidumbre de lo que tengo en la fe.",2,amor
me sentí culpable por decir que no a algo que realmente quería.,0,tristeza
no puedo sacudir la sensación de que no me hubiera gustado este libro si no hubiera sentido ya una conexión con estos personajes.,2,amor
me siento mal por el oficial de policía,0,tristeza
lo digo cuando estoy estresado sintiéndome perra cuando estoy holgazaneando en el baño o cuando me siento estreñido,3,enojo
"me siento apasionado y quiero transmitir en mis historias no son los suburbios de américa del norte, pero las verdades de quién es dios son más grandes que la geografía.",1,alegria
todavía me siento dañado,0,tristeza
estoy sintiendo un poco de vergenza sobre esto.,4,miedo
me pregunto si los lectores de la mente dibujan un espacio en blanco cuando se mueven alrededor de personas estúpidas y cuando las personas estúpidas salen de una habitación se siente como si alguien inteligente acaba de entrar.,1,alegria
espero que no te hice sentir codicioso o mierda espero que no te hice sentir codicioso o puta como sniiiiifff miel yo solo estaba tratando de hacerte sentir amado y feliz,3,enojo
me siento como está impreso en mi cerebro por ahora lo vital que es el estrés en la comunidad universitaria,1,alegria
"me siento generoso, podría dejar que traigan al perro con ellos, de lo contrario los animales están solos.",1,alegria
"estaba embarazada de emily y, por lo tanto, siempre me sentía agotada, no era tan difícil dormir cuando walter dormía si necesitaba el descanso adicional.",0,tristeza
"sé que sueno como si estuviera contradiciéndome a mí mismo, pero me siento muy satisfecho con lo que he estado haciendo en el trabajo.",1,alegria
"ojalá pudiera sentirme más segura de mí misma, de mis decisiones, de mis pensamientos, de mi percepción, pero parece que de vez en cuando alguien viene y dispara a uno o más de ellos.",1,alegria
siento dolor en todo mi cuerpo,0,tristeza
"ive decidió que cada vez que empiezo a sentirme loco por tod, profundizo más en mí mismo para encontrar la solución real.",3,enojo
no entiendo por qué los músicos a veces se sienten inhibidos.,4,miedo
"puedo salir de tener este sueño, ya que me deja aturdido y desorientado y no me gusta",0,tristeza
le digo cómo me siento voy a ser castigado,0,tristeza
me siento respetado y amado cada vez más en la escuela y dentro de la comunidad.,1,alegria
definitivamente tengo un montón para aprender todavía y me siento tan esperanzado acerca de este programa,1,alegria
incluso puedo tratar de hacerla algunos arcos de pelo a juego o cuando me siento más talentoso hacerlas y venderlas,1,alegria
"no estoy completamente hastiada y amargada, sé que hay personas como yo que se preocupan por los sentimientos de los demás y son amables y considerados.",2,amor
puedo sentirme rechazado solo porque alguien necesita dormir,0,tristeza
"no soy un miembro regular de este grupo, lo que significa que no sigo lo que está pasando muy a menudo y también me siento un poco tímido en ciernes cuando no tengo mucho que decir, pero hoy tengo una solicitud para ustedes.",4,miedo
estoy apegado a él y siento sentimientos amorosos hacia él y lo extraño sentir nostalgia por él.,2,amor
"sé que ya no vivo en nueva york, pero me siento tan indignada que esto podría suceder en mi ciudad.",3,enojo
no me sentiré resentida o sofocada o molesta,3,enojo
ya no siento pena por el campamento de helen que pasa hambre,0,tristeza
no me sentí genial,1,alegria
"realmente no tenía ganas de ir a otra conferencia de mujeres, fue un evento maravilloso y me alegro de haber ido.",1,alegria
siento sobre una de mis canciones más queridas de todos los tiempos,2,amor
"disfruto de los comentarios y me encantan los comentarios en mis publicaciones, así que no tengas miedo.",4,miedo
podía sentir mis músculos de la pantorrilla empezando a ponerse gruñón y tenía un calambre alrededor de mi caja torácica,3,enojo
me siento una mierda sobre mí o mi trabajo en los talones de sentirme genial por los logros de otra persona.,0,tristeza
"creo que serán sexys, pero también me harán sentir más segura que los diminutos fondos que parecen estar de moda.",1,alegria
no me enfrentaré a estos obstáculos y me sentiré como un desastre estresado o peor un fracaso de mamá.,0,tristeza
"eventualmente iría a estas tiendas, pero tuve que trabajar mucho coraje y todavía me sentiría súper incómoda una vez dentro, lo que todos sabemos que no es normal para mí.",1,alegria
recuerdo que hace un par de años me sentía romántica y soñadora y le pregunté si celebraríamos nuestro th aniversario.,2,amor
"no estoy seguro de lo que vendrá de esta decisión, pero me siento emocionado de participar de nuevo.",1,alegria
"me encontré sintiéndome mal, lo cual es bastante inusual para mí.",0,tristeza
"pienso en el hecho de que cuando salía del hospital de jordania sintiéndome triunfante al completar mi última radiación, había una historia de horror que se desarrollaba a dos estados de distancia.",1,alegria
me siento exhausto,0,tristeza
espero que pronto me sienta como una puta estúpida,0,tristeza
no me sentí extático después de cada entrenamiento o algo así.,1,alegria
"estoy bien, pero siento que he perjudicado a alguien",3,enojo
"todavía me siento como un trasero, pero gracias por ser tan amable",1,alegria
me siento sospechoso me husmeó ordenador,4,miedo
"siento que odio que los patrones lindos se queden fuera de impresión, pero las variaciones similares de la misma falda de mierda parecen durar para siempre.",1,alegria
puedo sentirme desanimado y frustrado,0,tristeza
me siento adolorido andangry,0,tristeza
quiero compartir sobre una organización maravillosa que me apasiona mucho,2,amor
no me siento tan agotado todo el tiempo,0,tristeza
espero que todos los epers se sientan geniales también,1,alegria
"por lo general, aumentar la fuente y tal vez si me siento valiente cambio a un estilo de fuente no estándar",1,alegria
me siento distraído y un poco voluble,3,enojo
"me siento muy llorosa hoy, estoy segura de que me sentiré mejor mañana xxx",0,tristeza
me reconforta saber que puedo usar mi arma para mi protección y no me pondrán tras las rejas por usarla cuando me sienta amenazada.,4,miedo
estoy alrededor de mi marido o solo en casa pensando en él que me siento desesperada,0,tristeza
no sentí que alguien realmente me odiara a mí o a nadie nuevo de todos modos y me las arreglé para no pensar en aquellos que lo hacen.,0,tristeza
me siento como amado,2,amor
me siento especialmente de esta manera porque alguien que pensé que era mi amigo me rechazó y se unió a la camarilla,0,tristeza
"hice un vuelo en solitario de ardmore a kaikohe antes de obtener mi licencia de piloto, puedo recordar que fue un día magnífico y estaba en un nivel alto natural.",1,alegria
salí sintiendo que debería haberme sentido desafortunada o engañada,0,tristeza
no estoy sintiendo nostalgia pero estoy tan bien con esto,0,tristeza
estoy deseando sentir esperanza en lugar de desesperanza,1,alegria
"me sentí bien cuando llegamos allí, pero después de un corto tiempo empecé a sentir muy divertido",5,sorpresa
hago un arcade tengo un propósito muy simple y que es tratar de que se sienta absolutamente cómodo físicamente de forma práctica y absolutamente,1,alegria
me encantó y disfruté no tenía muchos amigos en la universidad y ella fue mi primer amigo real que me hizo sentir como si hubiera sido aceptado,2,amor
no me he sentido muy sociable últimamente así que lo siento si soy difícil de conseguir un asimiento de,1,alegria
"le pregunté a alguien si confirmaron mis sentimientos y me ignoraron, así que supongo que continué.",0,tristeza
me sentía tranquilo por suerte no se sorprendió porque en mi mente he estado pensando en ponerse en espera no importa cuál fue el resultado del resultado,1,alegria
tengo que hacer lo que tengo que hacer me siento como un niño pequeño que está siendo castigado por su madre por algo que hizo mal,0,tristeza
me siento en el amor con un lindo poco de maltese,1,alegria
no siento la tensión que impregna el aire en la calma antes de la tormenta.,1,alegria
"empecé a sentirme dudoso, así que me senté en mi asiento decepcionado",4,miedo
me siento frustrado porque creo que sé lo que es mejor,3,enojo
me voy sintiéndome desafiado y ansioso por estudiar la palabra más sin buscar el espíritu santo para darme otra experiencia o confundido no solo sobre lo que sucedió sino confundido sobre las escrituras.,1,alegria
puedo sentirme más productivo,1,alegria
estoy tan dolido y me siento tan abusado,0,tristeza
me perdono a mí mismo que he aceptado y permitido que me sienta más y superior cuando veo a alguien adorándome por mi progreso en lugar de darme cuenta de que estoy derrotando todo el punto del proceso dentro de hacerlo.,1,alegria
siento que tengo que justificar este comportamiento a usted mi fiel lector de blog,1,alegria
recuerdo entonces sintiendo amargo que no podía estallar los globos y unirse a las celebraciones,3,enojo
"supongo que esto es exactamente lo que se siente ser con ganas de ir a la aventura, pero al mismo tiempo sentir que quieres asentarte.",2,amor
me siento bastante rebelde en realidad,3,enojo
me siento excusa los pensamientos desordenados no puedo esperar para hacer nuevos amigos tengo miedo de irme,0,tristeza
cuando fallé el examen de ingreso de la escuela de medicina y estaba estudiando bioquímica que no tiene perspectivas de trabajo en zambia,3,enojo
"me siento tan reacio a decir algo positivo tratando de contener la respiración por así decirlo, porque nada de esto realmente importa hasta que sé que shaun ha pasado el dlpt",4,miedo
me recuerda que este dolor de corazón im sentimiento es un empujón suave,2,amor
"me siento bastante satisfecho conmigo mismo, pasé minutos en el entrenador cruzado y luego dos lotes de minutos en la placa de vibración solo para probar los programas, por supuesto.",1,alegria
"estoy contigo, siento que siempre me entretenían simplemente porque estaban contentos de estar el uno con el otro.",1,alegria
me siento como si estuviésemos juntos en esto y me alegro por eso.,1,alegria
no puedo describir la sensación de alarma frenética que me alcanzó,4,miedo
voy a sentir por cuidar tanto y dejar que la gente en mi mundo entonces esta será la última vez que lo estoy haciendo,2,amor
"sé que muchas personas todavía se sienten traicionadas por neil odonnell por sus dos intercepciones muy desafortunadas y me doy cuenta de que la pérdida está en la parte superior de la mayoría de las listas de fanáticos de los momentos más desgarradores en la historia del deporte de pittsburgh, pero no lo veo de esa manera.",0,tristeza
no tengo ganas de ir de compras después estaba aturdido y me sentí como un cerdo de peluche,0,tristeza
llegué a casa con estos pedacitos y bobs sintiéndome muy satisfecho conmigo mismo y listo para un clima británico soleado.,1,alegria
"sé cómo me siento, pero me gusta escuchar una explicación inteligente para luego ver dónde estoy parado",1,alegria
siempre me siento presionado a socializar o recibo ocho llamadas perdidas y algunos mensajes de texto de mi hermano anfitrión en el lapso de una hora.,4,miedo
estoy muy agradecido por eso hoy y me siento muy bendecido de tener dos nietos en este momento.,1,alegria
me siento honrado y muy feliz de formar parte de este maravilloso equipo gracias a nadia.,1,alegria
siento que he sido rechazado por él una y otra vez desde el momento en que lo he conocido,0,tristeza
"todavía me sentía mal, pero esperaba que fuera solo por el vuelo y esas cosas, así que nos limpiamos y me puse mi traje de chica de la ciudad descarada, que era mi vestido perfecto de la ciudad con zapatos para caminar en la ciudad",0,tristeza
"estoy celebrando esta fiesta con sus padres y familia extendida, pero mi corazón se siente vacío sabiendo que mi hijo está solo y luchando con su vida.",0,tristeza
siento que ella estaba tratando de hacerme daño,0,tristeza
puedo decir la mayor parte del tiempo lo que ella realmente siente y ella estaba siendo realmente sincera.,1,alegria
tengo miedo de usar auriculares,4,miedo
realmente me sentía una mierda tanto física como emocionalmente e incluso me tomó algún tiempo darme cuenta de que una sesión de nailart habría sido el tratamiento positivo correcto para animarme.,0,tristeza
me siento un poco más esperanzado sobre mi futuro y como matty siempre dice que quiero que mi mundo sea más grande,1,alegria
"creo que después de evolucionar para vestir pantalones finalmente podría sentirme cómodo usando faldas en el trabajo, pero por ahora están en un futuro lejano",1,alegria
no quiero que nadie se sienta inhibido si sus cuerpos no son cuerpos típicos de ballet.,4,miedo
"no soy católico, ciertamente no siento que sea mi lugar tomar partido en este tema, pero tengo curiosidad por cómo el liderazgo de la iglesia católica se unirá con su propia gente sobre estos temas en los próximos años.",5,sorpresa
he encontrado el remedio perfecto para cualquier persona que se sienta estresado o en conflicto sobre el futuro es la href http www,3,enojo
"me siento culpable por protegerme cuando, en cambio, debería esforzarme más en apoyar a los que me rodean.",0,tristeza
me siento como un idiota alrededor de mis amigos objetivo rel en blanco nofollow title friendfeed img src http dearwendy,0,tristeza
continuaré luchando con la experiencia de sentimientos normales y la sensación de que están desapareciendo en un tiempo precioso.,1,alegria
siento que tendría más dirección que todavía me sentiría inocente,1,alegria
me siento realmente letárgico y extraño hoy,0,tristeza
"puedo sentirme agitado ahora, así que voy a tener que dejar el trabajo en un segundo",3,enojo
"me siento bastante idiota, pero lo que sea",0,tristeza
siento que no hay nada en mi vida vacío,0,tristeza
apuesto a que taylor swift toma el sol sabiendo que los chicos sobre los que escribe canciones probablemente se sienten torturados.,4,miedo
me siento mal por él y quiero animarlo,0,tristeza
"debería estar muerto ya que he estado fuera de esto durante un par de meses, pero siento el dolor cada vez que voy a buscar esa botella vacía que simplemente no puedo soportar tirar",0,tristeza
